"Sample","CDR3_comb","TRAV","TRBV","CDR3a","CDR3b","Ja","Jb","Count","TRA_fwr1","TRA_cdr1","TRA_fwr2","TRA_cdr2","TRA_fwr3","TRA_fwr4","TRB_fwr1","TRB_cdr1","TRB_fwr2","TRB_cdr2","TRB_fwr3","TRB_fwr4","cell_barcodes","n_cells","Priority","WetLab_Ready","TRBV_Complexity"
"G3_80","CAVPTNAYKVIF_CASSQEPQGGINTGQLYF","TRAV7-3","TRBV5","CAVPTNAYKVIF","CASSQEPQGGINTGQLYF","TRAJ30","TRBJ2-2",221,"QQNVQQSPESLIVPEGARTSLNCTFS","DSASQY","FWWYRQHSGKAPKALMS","IFSNGE","KEEGRFTIHLNKASLHFSLHIRDSQPSDSALYL","GKGTHLHVLP","NTKITQSPRYLILGRANKSLECEQH","LGHNA","MYWYKQSAEKPPELMFL","YNLKQL","IRNETVPSRFIPECPDSSKLLLHISAVDPEDSAVYF","GEGSKLTVL","G3_80_AAACGCTGTCGTTAAA-1;G3_80_AAACGGAGTCCCAATC-1;G3_80_AAAGCTCGTAGGAGTA-1;G3_80_AAAGGTCAGCTGCAAC-1;G3_80_AAATCTATCGGTGTTA-1;G3_80_AACAGCCTCAACTATA-1;G3_80_AACATTATCAACGCAC-1;G3_80_AACATTTCAAACCGGG-1;G3_80_AACGCCAGTGGTTATA-1;G3_80_AACGGCAAGATAACAG-1;G3_80_AACTCCCGTACTATTC-1;G3_80_AAGGGTTAGCGGCTTG-1;G3_80_AAGTGCACAACCCATG-1;G3_80_AATATTGTCCAACTTC-1;G3_80_AATCCGTCAGTGGCAG-1;G3_80_AATCGAGCAAACACCT-1;G3_80_AATCTATCAGCTATTA-1;G3_80_AATGTTGGTGTGTGCA-1;G3_80_AATTCCACAGGACGCA-1;G3_80_AATTCGGTCAGACACC-1;G3_80_AATTCGTAGCGTGGTT-1;G3_80_AATTTGCAGCTATGGC-1;G3_80_ACACTACCACACAACT-1;G3_80_ACATGAAAGGGGTTAG-1;G3_80_ACCACGTAGCCATATG-1;G3_80_ACCCACGAGATTGCAT-1;G3_80_ACCCTTTAGCTGTACA-1;G3_80_ACCTTCGTCATATGTA-1;G3_80_ACGCGTGTCCGTTTCG-1;G3_80_ACGGTCGTCCAACAGC-1;G3_80_ACGTAAGCAAACTCTA-1;G3_80_ACTGCAATCCCGGTTC-1;G3_80_AGAATAGTCCATGCCC-1;G3_80_AGAGATGGTGGATTGT-1;G3_80_AGAGGTCCAAATACCC-1;G3_80_AGAGGTTAGCGAATTT-1;G3_80_AGCATCGGTGTTCAGG-1;G3_80_AGCGGAGGTATCTGGG-1;G3_80_AGCGTCCCACGTCGGT-1;G3_80_AGCGTTTCAGGCTACC-1;G3_80_AGCTATGTCAGTGGCT-1;G3_80_AGCTTATAGAAGGGTT-1;G3_80_AGGAAACTCCCTACAT-1;G3_80_AGGACCCGTATCTTGT-1;G3_80_AGGATATCAACATTAT-1;G3_80_AGGCTCAGTATCTGGG-1;G3_80_AGGCTGTTCCAATGTG-1;G3_80_AGGGAGTGTCTCGGTT-1;G3_80_AGTAAGCAGAAGCGAT-1;G3_80_AGTACTGTCAAGGCTC-1;G3_80_AGTATTGGTAACTCGG-1;G3_80_AGTCGCAGTGTGCGGT-1;G3_80_AGTCTTGAGGCTGGAA-1;G3_80_AGTGTCGGTACTTGCC-1;G3_80_AGTTGAAAGCTATCGA-1;G3_80_ATAAGTCTCGCTGTAA-1;G3_80_ATAGTGAAGAGTTGCC-1;G3_80_ATATTGGGTCGTTCGT-1;G3_80_ATCAACCCAATAGGCA-1;G3_80_ATCACGTCAATCATGC-1;G3_80_ATCAGAGCAGTCTGCA-1;G3_80_ATCAGAGCAGTTACTA-1;G3_80_ATCAGTCCACCTCGAA-1;G3_80_ATCATCCTCCAACCTT-1;G3_80_ATCCGAGGTGCGCCTC-1;G3_80_ATCCGAGGTGGCGCAT-1;G3_80_ATCGCGTAGGTCGGTT-1;G3_80_ATCGTACCAACATGTC-1;G3_80_ATGATCCCAGCCACTA-1;G3_80_ATGCAGCTCGGTTAAT-1;G3_80_ATGGACCTCGGTTCGG-1;G3_80_ATTAATGTCAACGTTG-1;G3_80_ATTACGTAGACGCTGT-1;G3_80_ATTCTGTGTAGAGTGA-1;G3_80_ATTGAAGAGGCTGTCG-1;G3_80_ATTGTAATCATAATGC-1;G3_80_CAAATCCCACGTTCAG-1;G3_80_CAAATTCAGACTTTCC-1;G3_80_CAAGGTTGTCGCCTAT-1;G3_80_CAATTAATCGTGCGCA-1;G3_80_CAATTCACAGCATTAC-1;G3_80_CACCGTTGTGTTCGCT-1;G3_80_CACCTTTAGAACGCGA-1;G3_80_CACGGGTGTATTGTCT-1;G3_80_CACGTCACAGTTGAGA-1;G3_80_CACTAGGGTCCTTCGG-1;G3_80_CAGCGAAAGAGTTTCG-1;G3_80_CAGCTCCTCCATAACG-1;G3_80_CAGCTTCGTCATCGAG-1;G3_80_CAGGATCTCGTTAGCA-1;G3_80_CAGTCTAAGAAGCGGC-1;G3_80_CAGTGGGCAAAGGCAC-1;G3_80_CAGTTGGGTCGTTAAA-1;G3_80_CATAAGTTCCGTACAA-1;G3_80_CATAGGTGTCAGTCAG-1;G3_80_CATATCCTCCTACTAC-1;G3_80_CATATCCTCGCAATAT-1;G3_80_CATTACGAGGCCATAC-1;G3_80_CATTAGTAGGTAGGGC-1;G3_80_CATTCGTTCGCGTGCA-1;G3_80_CCAACCTGTCGACCCC-1;G3_80_CCAACTCGTATCCGAG-1;G3_80_CCATATCTCCCAACCC-1;G3_80_CCATCGGAGGCGGATA-1;G3_80_CCCAACACACCAGACC-1;G3_80_CCCAAGTAGGTTGCGT-1;G3_80_CCCACGTTCCATAAGT-1;G3_80_CCCATAGCAATATTAC-1;G3_80_CCCTGTGGTCTGTACC-1;G3_80_CCCTTCGCAACTTCGG-1;G3_80_CCGACACCAACTGAAG-1;G3_80_CCGACACCACACAAGA-1;G3_80_CCGCCAAAGGGATTAA-1;G3_80_CCGGTAAGTGCAATCG-1;G3_80_CCTAGCGAGAGCCTGT-1;G3_80_CCTGATAAGGGACATG-1;G3_80_CCTTACCCAAAGCTAG-1;G3_80_CCTTAGCGTGGGGTTC-1;G3_80_CCTTTGAGTGTGCGGT-1;G3_80_CGAATCTCACGTAGCC-1;G3_80_CGACTAATCCAAGCTA-1;G3_80_CGATTGGGTGGGCAAG-1;G3_80_CGCATAATCATGGCGT-1;G3_80_CGCCCAAAGCTGAATT-1;G3_80_CGCTAAGGTGGTTAGT-1;G3_80_CGGATAGAGACATCCA-1;G3_80_CGGTAACTCGTCCCTA-1;G3_80_CGGTCAGTCACAGATT-1;G3_80_CGGTCCTTCCGGTGCA-1;G3_80_CGGTTTAAGCGTCTCC-1;G3_80_CGTACACAGGTGCGAA-1;G3_80_CGTACGTAGATGAGTA-1;G3_80_CGTCAAATCGTCGAGT-1;G3_80_CGTCTATTCCGCACTC-1;G3_80_CGTGTTCGTGTGGGCT-1;G3_80_CGTTACAAGCAATAGA-1;G3_80_CTAAACTAGAAAGCCG-1;G3_80_CTAAATGGTAACATGC-1;G3_80_CTAAGCCAGATGACGG-1;G3_80_CTACATCTCAATCATA-1;G3_80_CTACTTTCACCTTCTA-1;G3_80_CTAGGGCGTGTTAAGC-1;G3_80_CTATAATCACAAGACA-1;G3_80_CTCAGGTAGAAAGTGC-1;G3_80_CTCCGGAAGGGTCGTT-1;G3_80_CTCCTTCTCAGCCATA-1;G3_80_CTCGCAACAGTAGTAG-1;G3_80_CTCGGCTTCCTGTCAT-1;G3_80_CTGACACAGCTACGCG-1;G3_80_CTGCACGAGAGTTAGA-1;G3_80_CTGCACGAGCTTGAAT-1;G3_80_CTGCGATAGAACGAAC-1;G3_80_CTGGCACCAATCTTAG-1;G3_80_CTGTCCGGTCGTATGG-1;G3_80_CTGTTACTCGCATTAG-1;G3_80_CTTAATCGTGCTAAGT-1;G3_80_CTTAGTGAGATACCCA-1;G3_80_CTTCTCACAGTACATC-1;G3_80_CTTGTATGTCTCCTGG-1;G3_80_CTTGTGAAGCGCATCG-1;G3_80_GCAAAGTAGGGTCGTT-1;G3_80_GCAAGCCGTCGATAGT-1;G3_80_GCAAGCTTCCTGTCGC-1;G3_80_GCACTCCTCCTCGCAC-1;G3_80_GCGATAGAGCCATGGT-1;G3_80_GCGGTCTCACCCAAGC-1;G3_80_GCGTCAGTCGTACAAT-1;G3_80_GCGTCCAAGGGTCTGT-1;G3_80_GCGTGAGCAACGGGAT-1;G3_80_GCTAGAACACCGCAGT-1;G3_80_GCTAGATGTGGCTAGC-1;G3_80_GCTGGGTGTGGTATGT-1;G3_80_GCTGTATCAGGAGTTA-1;G3_80_GCTTATGAGCCTTCAT-1;G3_80_GCTTGACAGCAAATGA-1;G3_80_GCTTTGAAGCGTAATT-1;G3_80_GGAATATCAGTGCGAG-1;G3_80_GGACTGAAGATGTATC-1;G3_80_GGAGAGGAGCGTGGAA-1;G3_80_GGAGCTCGTATACGGT-1;G3_80_GGAGTTGAGGGCGAAC-1;G3_80_GGCCCCTGTGGGGTTC-1;G3_80_GGCGAAGGTCCTTGTA-1;G3_80_GGCGGATAGGTCCTCC-1;G3_80_GGCGTATTCCCGGTTC-1;G3_80_GGCTAAGAGAACGTGG-1;G3_80_GGCTGAAAGCGAATGG-1;G3_80_GGCTTAGGTGTCTTAT-1;G3_80_GGCTTCGAGGTTGGTC-1;G3_80_GGCTTCTGTCCATATT-1;G3_80_GGGATATAGGCAATTT-1;G3_80_GGGGTACAGCATTAGT-1;G3_80_GGGTATCTCGTGGGTT-1;G3_80_GGGTATGAGGTTAGTT-1;G3_80_GGGTCAGCAATACGTC-1;G3_80_GGGTTTCAGATATGAG-1;G3_80_GGTAACACAGGACTAA-1;G3_80_GGTTACTCAATAGCGA-1;G3_80_GGTTCCCTCCGTGAGT-1;G3_80_GGTTGTGGTAGCGGGA-1;G3_80_GTAAAGGGTATCCAGG-1;G3_80_GTAGTTAGTGGAACCC-1;G3_80_GTATTCCTCCCGCTGT-1;G3_80_GTCACCCTCACCAATG-1;G3_80_GTCCCGAAGCGTACGT-1;G3_80_GTCCTCCAGACTATGT-1;G3_80_GTCCTTTAGAGAATCA-1;G3_80_GTCGAGAAGAATGATG-1;G3_80_GTCGCCCGTGGAATCT-1;G3_80_GTCTCCCAGCACCTAA-1;G3_80_GTCTCGACACAACATC-1;G3_80_GTCTCGACACATCGCA-1;G3_80_GTGCGCGGTGGATGTT-1;G3_80_GTGTACATCGGCCCTT-1;G3_80_GTGTCAATCGGACGTT-1;G3_80_GTGTCGGTCGTAGGTC-1;G3_80_GTGTCTCGTCACACCT-1;G3_80_GTTACTACAGGTATCT-1;G3_80_GTTCATCTCCGTATAG-1;G3_80_GTTCGCACACTTAACA-1;G3_80_GTTCTACTCAATGCGC-1",221,"A_最高优先（显著扩增）","Ready","Single"
"G3_88","CAVNYGGSGNKLIF_CASSQKLGGPTGQLYF","TRAV7-1","TRBV5","CAVNYGGSGNKLIF","CASSQKLGGPTGQLYF","TRAJ32","TRBJ2-2",128,"QQKVQQSPESLIVPEGGMASLNCTFS","DRNSQY","FWWYRQHSGEGPKALMS","IFSNGD","KKEGRFTAHLNKASLYVSLHIKDSQPSDSALYF","GTGTLLSVKP","NTKITQSPRYLILGRANKSLECEQH","LGHNA","MYWYKQSAEKPPELMFL","YNLKQL","IRNETVPSRFIPECPDSSKLLLHISAVDPEDSAVYF","GEGSKLTVL","G3_88_AAACCAGCAAAGCCGG-1;G3_88_AAACCGCTCCCTACCA-1;G3_88_AAATCTGGTAAACTGC-1;G3_88_AACACCTCAATTCAGC-1;G3_88_AACTAGCGTCCTTTAG-1;G3_88_AACTCTCTCAGCACTA-1;G3_88_AAGCCGCGTGTTAAGC-1;G3_88_AAGTCTCCAAGGGCAT-1;G3_88_AATACTGGTCGCGTCC-1;G3_88_AATCGGACACAATCCG-1;G3_88_AATGGAGGTAAGTGTC-1;G3_88_AATGGGAGTCTCATTG-1;G3_88_AATTCGCCAAATATAG-1;G3_88_ACAAGCCTCGCATGGT-1;G3_88_ACATAACTCATGTAGT-1;G3_88_ACATTTCGTGTCCTTA-1;G3_88_ACCATGGGTACGTCTC-1;G3_88_ACCCATGCAATCCCGA-1;G3_88_ACCCCTGGTAGGCGCT-1;G3_88_ACGTCAATCACCTCTG-1;G3_88_ACGTCGGTCCAATACG-1;G3_88_ACTACTTGTCAAGTTA-1;G3_88_ACTCTTATCCAGGATC-1;G3_88_ACTGGGGCACTACTCC-1;G3_88_ACTGTCTTCCCGCCAT-1;G3_88_ACTTAGCCAAAGGAGG-1;G3_88_AGAAGTATCATCTCCG-1;G3_88_AGAGGTAGTACAGCAT-1;G3_88_AGCACAACAAACCGGG-1;G3_88_AGCACTATCATCCGTT-1;G3_88_AGCATCGGTAACAGAG-1;G3_88_AGCCTCCTCGGCCATG-1;G3_88_AGCGCCATCAACCCTT-1;G3_88_AGGCCGTGTCCTTGCG-1;G3_88_AGGCTCAGTAAGCAAG-1;G3_88_AGGCTCAGTCGTTGCT-1;G3_88_AGGTTAAAGCTCTGAA-1;G3_88_AGGTTGGAGATTCGAT-1;G3_88_AGTCTCCGTAAACGCT-1;G3_88_ATACGTCCACCAATAC-1;G3_88_ATATCAGGTCAGTGCA-1;G3_88_ATCACATAGGCCCGTA-1;G3_88_ATCCTTATCCAGTACA-1;G3_88_ATCGAGTGTCATCATT-1;G3_88_ATCTGTTGTCCTAGAG-1;G3_88_ATGGCTATCCGGGCTA-1;G3_88_ATGGTTAGTATCTGTT-1;G3_88_ATGTTAATCATTGTCC-1;G3_88_ATTACAATCCCATACT-1;G3_88_ATTGTAATCACGCAGT-1;G3_88_CAAATGAAGCTGTTGA-1;G3_88_CACAGGTTCAGCCAAC-1;G3_88_CACCCGCGTCGCCGTC-1;G3_88_CACTGCGAGAATATCC-1;G3_88_CAGTATTAGACTCGAC-1;G3_88_CATCACAAGCGTATAT-1;G3_88_CATGGATGTCTATGTT-1;G3_88_CATGTATAGCTAGCTA-1;G3_88_CATTGGTCAGTTGGGG-1;G3_88_CCACTAAAGCGCCTAG-1;G3_88_CCAGATGGTATATTCC-1;G3_88_CCAGGCTCAATCATCA-1;G3_88_CCAGTGAGTCCTTCGG-1;G3_88_CCATATGAGGGGTGTA-1;G3_88_CCCAAGTAGGTTCAGC-1;G3_88_CCGTCCAGTGGCCCCT-1;G3_88_CCTAGCACACTCGACA-1;G3_88_CCTCATTAGATGATGA-1;G3_88_CCTTTAGGTCATTTCG-1;G3_88_CGACTTCGTAGCCTTC-1;G3_88_CGCATACAGACAGCAG-1;G3_88_CGCCTAGAGGTAGGAT-1;G3_88_CGCTAAATCCGCCTAC-1;G3_88_CGCTGGGGTACTAAGC-1;G3_88_CGGGATAAGATGTGTT-1;G3_88_CGTTCGACAACACAAG-1;G3_88_CGTTGACAGCCGTATA-1;G3_88_CGTTGCGAGATTGAAG-1;G3_88_CTAAACGTCACTTCTA-1;G3_88_CTACGACAGCTTAGCA-1;G3_88_CTACTCCCACGTCGGT-1;G3_88_CTATGACCAGGAAGCT-1;G3_88_CTCACTCCAGTCCGTA-1;G3_88_CTCGTCATCAATACGT-1;G3_88_CTCGTCATCAGTATGT-1;G3_88_CTCTAATGTGTAAAGG-1;G3_88_CTGACATCAAACGTTC-1;G3_88_CTGCACGAGATGTTCG-1;G3_88_CTGGGGACACCCTTTA-1;G3_88_CTTAACCTCAGCCATA-1;G3_88_CTTAGTACAAAGTACG-1;G3_88_CTTCGTCCAAGCGTTT-1;G3_88_GCAGGGTAGCATAGCC-1;G3_88_GCATCCGAGAGCGGGT-1;G3_88_GCCCATACACACTATA-1;G3_88_GCCCGTAAGAATGGCG-1;G3_88_GCGATGCGTCTCGATC-1;G3_88_GCGTTACAGCGTTCCC-1;G3_88_GCTATCTTCAACGTAT-1;G3_88_GCTTACTTCACCCCGT-1;G3_88_GCTTATCTCCGCCGTT-1;G3_88_GGAAACGTCCTATTGC-1;G3_88_GGAAATCAGATCTGCA-1;G3_88_GGACCTCCACGTAACT-1;G3_88_GGATTAAAGGTCGTAC-1;G3_88_GGCACTCCAAACGGGT-1;G3_88_GGCTAAGAGAGGAGCC-1;G3_88_GGGAGCTAGCGTTTGA-1;G3_88_GGGCTTGTCACAGTTG-1;G3_88_GGGGTTAAGCTACACA-1;G3_88_GGGTTATGTAGGCATT-1;G3_88_GGTAGTTGTAGCGGGA-1;G3_88_GGTGATACAATACGCT-1;G3_88_GGTTCGCCAACCTGCA-1;G3_88_GTAAGCTGTGCATGGC-1;G3_88_GTAATCCCAATGCGCC-1;G3_88_GTAATTATCCAGCCCT-1;G3_88_GTAGCATGTGTCTATT-1;G3_88_GTAGTTGTCGTCCAAA-1;G3_88_GTATCACCAATGCGGG-1;G3_88_GTATCCCGTCAATTAG-1;G3_88_GTGATAGCACCTCAGA-1;G3_88_GTGCATGGTACGTGAT-1;G3_88_GTGGCGACAAGAATTA-1;G3_88_GTGTCAATCATGGTAT-1;G3_88_GTTACTCTCATAACAC-1;G3_88_GTTATCGAGATCAGGG-1;G3_88_GTTCTCCCACGTTCAG-1",128,"A_最高优先（显著扩增）","Ready","Single"
"G3_80","CAAITGNYKYVF_CASRGDEQYF","TRAV7D-2","TRBV13-3","CAAITGNYKYVF","CASRGDEQYF","TRAJ40","TRBJ2-7",119,"QQKVQQSPESLIVPEGGMASLNCTSS","DRNVDY","FWWYRQHSGKSPKMLMS","IFSNGE","KEEGRFTVHLNKASLHTSLHIRDSQPSDSALYL","GAGTRLKVIA","EAAVTQSPRSKVAVTGGKVTLSCHQT","NNHDY","MYWYRQDTGHGLRLIHY","SYVADS","TEKGDIPDGYKASRPSQENFSLILELASLSQTAVYF","GPGTRLTVL","G3_80_AAACCGGAGGCATCGT-1;G3_80_AAACCTGTCCAGCGCA-1;G3_80_AAATCAGAGCTTGGGT-1;G3_80_AAATCTGGTCTATGGG-1;G3_80_AAATGGTCACATCATA-1;G3_80_AACCACTCAATGAAAC-1;G3_80_AACGGATAGCGCTCGA-1;G3_80_AAGCAAGGTCCAGAAT-1;G3_80_AAGCCGCGTAAGTTTG-1;G3_80_AAGCCGGCAAATCCCG-1;G3_80_AAGCGGCAGAGAGAGA-1;G3_80_AAGGCGCAGAGTGCAG-1;G3_80_AAGTAGCAGCCTTTAC-1;G3_80_AATATGCTCAATGTGT-1;G3_80_AATCTTCGTCCCAATC-1;G3_80_AATTCAGGTCACCCGC-1;G3_80_AATTTGCAGAGTGCAG-1;G3_80_ACAATAGAGCTGTTGA-1;G3_80_ACAGTTAGTAAGCGCC-1;G3_80_ACATATATCCTTCTAA-1;G3_80_ACATCATAGCGCGTAT-1;G3_80_ACATGGGAGAGGCGGT-1;G3_80_ACCACAGGTAGAGAAT-1;G3_80_ACCATCTTCCATCGCC-1;G3_80_ACCTATGAGCTAGGTC-1;G3_80_ACGACAGAGACCTATG-1;G3_80_ACGCGTCCACCCTTAC-1;G3_80_AGCATTGTCCTCAGGG-1;G3_80_AGCGTCCCACAACTCG-1;G3_80_AGGTTCATCCGTTTAC-1;G3_80_AGGTTGTGTCACGCTT-1;G3_80_AGTGCTATCGCTGAGT-1;G3_80_AGTTAGGCAACCCACA-1;G3_80_ATACCCGCACGTTATA-1;G3_80_ATACCTACAACTCCCT-1;G3_80_ATACTCCTCGTACAAT-1;G3_80_ATAGTAGAGGCACAAG-1;G3_80_ATCATTGCAATCAGGA-1;G3_80_ATCGGAGAGCCATTTC-1;G3_80_ATCTCTATCGTCCAAA-1;G3_80_ATGCAATTCAGCGTGT-1;G3_80_ATGTAGTTCACAACCA-1;G3_80_ATTCAGTAGCTCCGGA-1;G3_80_ATTCGTTGTCTAACTT-1;G3_80_CAACATGTCATGCGTA-1;G3_80_CAACATTAGCATTAAC-1;G3_80_CAACTCGCACGGGTAG-1;G3_80_CAATCAGTCGGTGTCG-1;G3_80_CACCAAATCGTGCTCC-1;G3_80_CACCCAACAAAGGCAC-1;G3_80_CACTCCCAGAGGCTGA-1;G3_80_CAGTTACCAGCCTGAC-1;G3_80_CATACCCGTGTACTCC-1;G3_80_CATATCGAGCTACAGC-1;G3_80_CATCGGCCAAACTCCG-1;G3_80_CATTAACAGCTAGCTA-1;G3_80_CATTATCGTCGCACCC-1;G3_80_CCAACCGAGATAGTGA-1;G3_80_CCAATTCTCGCACTCC-1;G3_80_CCACAGGTCCAAATGT-1;G3_80_CCATTACTCCTGGTCC-1;G3_80_CCCTATCCAAGAAGCC-1;G3_80_CCGGGTATCCCAGCTC-1;G3_80_CCTGTCGGTGCTCTTA-1;G3_80_CCTTAAGAGATAAGCA-1;G3_80_CCTTCGATCCCTCTAG-1;G3_80_CCTTGCCAGGGGGTAC-1;G3_80_CGAACACTCATTAACA-1;G3_80_CGAAGTCTCAGCGCAT-1;G3_80_CGAGTAGAGAGGTGAT-1;G3_80_CGCGACTCAGGATGGT-1;G3_80_CGCGTACCAAGTCGGG-1;G3_80_CGCTTGTGTCCAGCTT-1;G3_80_CGTCTATTCACCAAAT-1;G3_80_CGTTACAAGGCATAGG-1;G3_80_CGTTAGCAGGTCTGTA-1;G3_80_CGTTTGAAGACAGCCT-1;G3_80_CTACTTCAGCCTATTC-1;G3_80_CTAGGAGAGCGTAACC-1;G3_80_CTCCTGGGTCTCCTGG-1;G3_80_CTCCTTCTCCTACGCC-1;G3_80_CTCGACACACCTGACA-1;G3_80_CTCTCATAGCTCTAGA-1;G3_80_CTCTCCAAGCTGTACA-1;G3_80_CTTCGCATCATGAAAG-1;G3_80_GCACGGACAGTGCAGG-1;G3_80_GCAGTCAGTCACGAAT-1;G3_80_GCATCCACACATAGAG-1;G3_80_GCATCCGAGATTCACG-1;G3_80_GCATTTACAAACCCAT-1;G3_80_GCCCTAACAACGCTCA-1;G3_80_GCGAATGAGATGCCAC-1;G3_80_GCGAGAGGTCTGACTC-1;G3_80_GCGTTACAGCTAGGTC-1;G3_80_GCTAGAACAATGGCCC-1;G3_80_GCTCAGTAGAAGTGTA-1;G3_80_GCTCTTAGTCATACCC-1;G3_80_GCTTGTCGTCGTGCCC-1;G3_80_GGACCGACAACAGCCC-1;G3_80_GGACTACTCCAGTACA-1;G3_80_GGATCACTCGGTTCCC-1;G3_80_GGCGTCATCAGTTGGC-1;G3_80_GGGTAATAGACCAGAG-1;G3_80_GGTACAGAGGGTGAAT-1;G3_80_GGTGCGTGTAGTCGGC-1;G3_80_GGTTCCGAGAAGCTTT-1;G3_80_GGTTGGTTCGCGCCTT-1;G3_80_GTACTTCTCCTATGCT-1;G3_80_GTATCGGGTAATACTG-1;G3_80_GTCCCATGTGTTGTGG-1;G3_80_GTCGAATGTGGCTTCT-1;G3_80_GTCGGTCCAGCACGGA-1;G3_80_GTCTTACTCGGACTAC-1;G3_80_GTGCAATGTGCCCGTC-1;G3_80_GTGCGGACACCTCGAA-1;G3_80_GTTACTCTCAACGTTG-1;G3_80_GTTCATGAGCGAATGG-1;G3_80_GTTCATTGTATGCTGG-1;G3_80_GTTGAGACACTAACGT-1",119,"A_最高优先（显著扩增）","Ready","Single"
"G3_68","CAVSANSGTYQRF_CASSSRTGGYAEQFF","TRAV3-3","TRBV19","CAVSANSGTYQRF","CASSSRTGGYAEQFF","TRAJ13","TRBJ2-1",117,"GEQVEQRPPHLSVREGDSAFITCTYT","DPNSYY","FFWYKQEPGASLQLLMK","VFSSTEI","NEGQGFTVLLNKKDKRLSLNLTAAHPGDSAAYF","GTGTKLQVVP","GGIITQTPKFLIGQEGQKLTLKCQQN","FNHDT","MYWYRQDSGKGLRLIYY","SITEND","LQKGDLSEGYDASREKKSSFSLTVTSAQKNEMAVFL","GPGTRLTVL","G3_68_AAACCGACAGGTAGCG-1;G3_68_AAATGCTTCGGCCTTC-1;G3_68_AACAGAGGTGGCTTTC-1;G3_68_AACATTATCGTTAGCA-1;G3_68_AACCAGGAGAAATTGG-1;G3_68_AACCCATCAACCCATG-1;G3_68_AAGCCGGCACGCCAAC-1;G3_68_AAGCTAGCACTGACCA-1;G3_68_AAGGTTAAGACCTGCG-1;G3_68_AATACCCCACGTCAGC-1;G3_68_AATATCCAGGGGTGTA-1;G3_68_AATCGAGCAGCGCATC-1;G3_68_ACACCCGAGAACGGAT-1;G3_68_ACCTTTCAGATAACGA-1;G3_68_ACGAAAGGTATACTTC-1;G3_68_ACGCGTGTCACACGGT-1;G3_68_ACGTAATTCCGAAGTC-1;G3_68_ACTTCAACAGCAGGCA-1;G3_68_AGACGACCAGGACCTC-1;G3_68_AGCAATCGTGGAGCAG-1;G3_68_AGCAATTTCAGTCCGG-1;G3_68_AGCCAACTCATTGCTC-1;G3_68_AGCGGAGGTGTTCTAT-1;G3_68_AGGCAGCAGAGCCGAA-1;G3_68_AGTATCCCAGTGAAGC-1;G3_68_AGTCCGGTCCCGGTTC-1;G3_68_AGTCTTGAGCCTGGTG-1;G3_68_AGTTTAGGTCGACGTA-1;G3_68_AGTTTGGTCACGCAGT-1;G3_68_ATACAACTCGGTGTCG-1;G3_68_ATACGTAGTCTATGGG-1;G3_68_ATATCCTGTGGTACTG-1;G3_68_ATATGCCCAACACGAA-1;G3_68_ATCGTCGCAAACCTAC-1;G3_68_ATGAATACAAGCCGAG-1;G3_68_ATGACCTCAAATCGGA-1;G3_68_ATGGGCAAGGTAGAGT-1;G3_68_ATGGTTGTCGCAAAGG-1;G3_68_ATGTCGATCACCCCGT-1;G3_68_ATTCGTTGTCGACAGC-1;G3_68_CAACAGGAGACTCGAC-1;G3_68_CAATCGGGTACTTGCC-1;G3_68_CAATGCATCCTTCGTG-1;G3_68_CAATTCCTCCCTACCA-1;G3_68_CACCATTTCCACAACA-1;G3_68_CACCGCCGTAACGCTG-1;G3_68_CACTTATGTGTGGGCT-1;G3_68_CAGGCGACAGGTAAGC-1;G3_68_CATAGCCAGGGGAATT-1;G3_68_CATCAGGGTATTACCT-1;G3_68_CATCGCGAGAAACTAG-1;G3_68_CATCTAGAGCCAACCG-1;G3_68_CATCTTGGTGGAGTGG-1;G3_68_CATGGGGCAAAAGCAT-1;G3_68_CATTCCAGTCATACCC-1;G3_68_CATTGCAAGATAACGA-1;G3_68_CCAAATCCACTTCTCA-1;G3_68_CCAACGCCAACGGCAG-1;G3_68_CCAACGCCACCTAACG-1;G3_68_CCACCTATCCCACGCT-1;G3_68_CCAGACCCACTCCATC-1;G3_68_CCCAACGAGAATACGA-1;G3_68_CCCTTTGAGCCTACGG-1;G3_68_CCGACATAGCATCAAT-1;G3_68_CCGTAAGGTCTCGATC-1;G3_68_CCTAACGCACTAGGGG-1;G3_68_CCTCACTCAACCTCTC-1;G3_68_CCTTCCTTCGTTGCTT-1;G3_68_CCTTCGATCGCATACA-1;G3_68_CGAACAGAGCAGGAGC-1;G3_68_CGAACCCCACATAACC-1;G3_68_CGACGGTGTCTGGCTT-1;G3_68_CGATCGGTCAATTGGT-1;G3_68_CGATGATGTACGTCAG-1;G3_68_CGCCACAAGGTTGTGC-1;G3_68_CGGAATGAGGTGCTGT-1;G3_68_CGGCAAGCACCTAATA-1;G3_68_CGGGAAATCGTGGGTT-1;G3_68_CGGGTTGTCGCCCCAT-1;G3_68_CGTCAGCCACCCTGAA-1;G3_68_CTAAAGTTCACGAGCT-1;G3_68_CTAGCAGGTATGGTTA-1;G3_68_CTATGACCAACGCAGG-1;G3_68_CTATGGCAGCCGTATA-1;G3_68_CTCGCTATCAACGCAC-1;G3_68_CTTCATATCATACGTG-1;G3_68_GCAACAGAGAGACATA-1;G3_68_GCAACGTTCCAACTTC-1;G3_68_GCACGTAGTGGGTGCT-1;G3_68_GCGCATTAGGGATTAA-1;G3_68_GCGGTTTAGAGTTTAC-1;G3_68_GCGTGAGCACGCCATA-1;G3_68_GCTACCGAGCGAGTCT-1;G3_68_GCTAGGGCAAGTACGA-1;G3_68_GCTTGTAAGGCCTCGA-1;G3_68_GGAACCCGTGTAAGCT-1;G3_68_GGAATCACAGTGCTCA-1;G3_68_GGACTACTCCAGTCCC-1;G3_68_GGATATCGTACTATGA-1;G3_68_GGCGCTATCCCAAGTA-1;G3_68_GGTCTAGGTCTAGCAG-1;G3_68_GGTTTAAGTGCCTTCG-1;G3_68_GTAGCATGTAACGAAG-1;G3_68_GTAGCATGTAAGCGCC-1;G3_68_GTAGCTATCGGCGAAA-1;G3_68_GTATCAGTCCAACACA-1;G3_68_GTCACGCCACAGTCCA-1;G3_68_GTCCACACAACGAACA-1;G3_68_GTCTGCACAGCATTAC-1;G3_68_GTCTGGTAGCATCTAG-1;G3_68_GTGAAAGGTCATCGCT-1;G3_68_GTGACCCCACTCATAA-1;G3_68_GTGTATAGTATACAGC-1;G3_68_GTTAGGTGTGTCTTCA-1;G3_68_GTTATAATCAAATCCG-1;G3_68_GTTGACATCAGTACAT-1;G3_68_GTTGCAGGTGTCTTCA-1",117,"A_最高优先（显著扩增）","Ready","Single"
"G3_68","CILRGGNEKITF_CASNTGAYEQYF","TRAV21-DV12","TRBV13-1","CILRGGNEKITF","CASNTGAYEQYF","TRAJ48","TRBJ2-7",109,"DAKTTQPDSMESTEGETVHLPCSHA","TISGNEY","IYWYRQVPLQGPEYVTH","GLQQN","TTNSMAFLAIASDRKSSTLILTHVSLRDAAVYH","GAGTKLTIKP","EAAVTQSPRNKVTVTGGNVTLSCRQT","NSHNY","MYWYRQDTGHGLRLIHY","SYGAGN","LQIGDVPDGYKATRTTQEDFFLLLELASPSQTSLYF","GPGTRLTVL","G3_68_AAACTCCCACCATTCC-1;G3_68_AACGCTGGTATTACCT-1;G3_68_AAGGCACCAGCATCGC-1;G3_68_AAGGCTCTCCACCAAA-1;G3_68_AATATCATCCTCGCTA-1;G3_68_AATATTCCAGTTACCG-1;G3_68_AATCTAGGTCCAGCCC-1;G3_68_AATGATGAGCAAAGCG-1;G3_68_AATTGCCCAACGTTAC-1;G3_68_AATTTGCAGCCTATGA-1;G3_68_ACAATAGAGGTCTATG-1;G3_68_ACAGACACACGGACCT-1;G3_68_ACATCTTGTATAGGCT-1;G3_68_ACCCTCTCACCGTTAG-1;G3_68_ACCTATACAACGTACT-1;G3_68_ACCTATGAGGGGATCA-1;G3_68_ACCTGCACAAGTACTC-1;G3_68_ACCTGCGAGCTGCACG-1;G3_68_ACGGCAGCAATATCAT-1;G3_68_ACGTATGTCGCTGTAA-1;G3_68_ACGTATGTCGTATTCC-1;G3_68_ACGTCTCGTCAATGCG-1;G3_68_ACTACATAGGCTCTAA-1;G3_68_ACTGTTCTCCAAAGCC-1;G3_68_AGAATGGGTATTGAGC-1;G3_68_AGACATAAGCGTCTCC-1;G3_68_AGCATGGAGCAGGGTA-1;G3_68_AGCCCATAGAAGGCGC-1;G3_68_AGGAAACTCGGTAATT-1;G3_68_AGGACATAGCTACAGC-1;G3_68_AGGTACGAGCTAGATT-1;G3_68_AGTAAGGGTGTATGTA-1;G3_68_AGTCAATTCAATCGCA-1;G3_68_AGTCGAACAACACCCA-1;G3_68_ATATGGCGTAGCTGTG-1;G3_68_ATCGCGGTCCGGCGTA-1;G3_68_ATCGGACTCCTTCGTG-1;G3_68_ATCTGCAAGCAGCGTT-1;G3_68_ATGCCTTTCCGGGAAA-1;G3_68_ATGGAGAGTAAGTCTA-1;G3_68_ATGTAGAAGAGCGAAT-1;G3_68_ATTACGCCAAGCTATC-1;G3_68_CAACACATCCGGTCAG-1;G3_68_CAACTACCACGCTTTC-1;G3_68_CAAGTTTAGCTACGTA-1;G3_68_CAATAGAAGAGTTGAA-1;G3_68_CACACCTGTGGTAATC-1;G3_68_CACCTCCAGCAAGTTT-1;G3_68_CAGCGCATCGTAACTG-1;G3_68_CAGCGTCCAGGACGCA-1;G3_68_CAGTCCACAGGAGTCG-1;G3_68_CATAACTAGATGCTCA-1;G3_68_CATGCTTTCGGTATGC-1;G3_68_CCATGCACAGCATCAT-1;G3_68_CCATTCAGTGGAATCT-1;G3_68_CCCAACGAGCTAAACT-1;G3_68_CCTAATTGTGTGCCCC-1;G3_68_CCTACGTGTCTTGGAG-1;G3_68_CCTATTCAGCAACCGT-1;G3_68_CCTCTCGCAGCGGTCT-1;G3_68_CCTGCAACAAGTCTTA-1;G3_68_CGAGTCTAGGTTATGT-1;G3_68_CGAGTGCGTCCAAAGT-1;G3_68_CGATAGACACTCAATA-1;G3_68_CGATGGAAGCCTCATT-1;G3_68_CGCATCACAATGTCCG-1;G3_68_CGGACATTCCTCTGGC-1;G3_68_CGTATTGAGCAGCCCA-1;G3_68_CGTCTAAAGGTTCGCG-1;G3_68_CGTTCGTGTATACTTC-1;G3_68_CTAAAGTTCGTCACCC-1;G3_68_CTAAATTCAGCAGGAT-1;G3_68_CTAACCCGTGTCTCCG-1;G3_68_CTAAGGGAGCCGTAAC-1;G3_68_CTAATGAGTCAAGGCC-1;G3_68_CTACAATAGCCTGGCA-1;G3_68_CTACGGAGTATGTCGG-1;G3_68_CTAGCAATCGCAGTAC-1;G3_68_CTCACTCCAATGGCGG-1;G3_68_CTCGTGGAGCTAGGTC-1;G3_68_CTGACATCAAGCGCCT-1;G3_68_CTTGGTCGTATGAAGG-1;G3_68_GCAATCCAGGTTAGGG-1;G3_68_GCGAAAGTCCCTATTA-1;G3_68_GCGTAGGCACGATTTA-1;G3_68_GCGTATGGTGTGCGCG-1;G3_68_GCTGTAATCAGTTGCA-1;G3_68_GGAATTAAGCTCATGA-1;G3_68_GGACGCTGTCTAATCT-1;G3_68_GGACTTATCACCAAAT-1;G3_68_GGAGTGGGTGCCTTCG-1;G3_68_GGCACTCCACACTATA-1;G3_68_GGCTACCCAGGTTCGC-1;G3_68_GGCTATATCGCTTCCA-1;G3_68_GGCTGTAGTATGATGC-1;G3_68_GGCTTCGAGCGGTCAT-1;G3_68_GGGACTCGTAGGGGCA-1;G3_68_GGGCAAATCGTATAAC-1;G3_68_GGGGTTCGTAGCTGTG-1;G3_68_GGGTAATAGGTGCTAC-1;G3_68_GGGTCCATCCTCTAAC-1;G3_68_GGTCTAGGTGTATCTT-1;G3_68_GGTTGTATCGTAATCG-1;G3_68_GTAAATGAGCTAGCCG-1;G3_68_GTAACTGTCGCACGTG-1;G3_68_GTATCACCAGTGGACG-1;G3_68_GTCAAATTCGGTTCCC-1;G3_68_GTCCAACAGATCGCGT-1;G3_68_GTGATATTCCATAGGC-1",109,"A_最高优先（显著扩增）","Ready","Single"
"G3_68","CALGAPNAGAKLTF_CASSLDRVGEQYF","TRAV6D-6","TRBV3","CALGAPNAGAKLTF","CASSLDRVGEQYF","TRAJ39","TRBJ2-7",106,"GDSVTQTEGQVTVSESKSLIINCTYS","TTSIAYPN","LFWYVRYPGEGLQLLLK","VITAGQK","GSSRGFEATYNKETTSFHLQKASVQESDSAVYY","GGGTRLTVRP","GPKVLQIPSHQIIDMGQMVTLNCDPV","SNHLY","FYWYKQILGQQMEFLVN","FYNGKV","MEKSKLFKDQFSVERPDGSYFTLKIQPTALEDSAVYF","GPGTRLTVL","G3_68_AAAGCCACAACAGACA-1;G3_68_AAAGGAGAGAGGTTGG-1;G3_68_AACATAGAGCTGCAAC-1;G3_68_AACCGGCGTAGGCGCT-1;G3_68_AAGCAAATCAACAGGG-1;G3_68_AAGGTTCGTCACCGTT-1;G3_68_AATCGGACAGGTTGGG-1;G3_68_AATCTAGGTCCAACTC-1;G3_68_AATGCGGAGGGACGGT-1;G3_68_AATGTGCGTATCTGCC-1;G3_68_AATTCCCTCGCTAAAT-1;G3_68_ACATGCCAGAAAGCTA-1;G3_68_ACCCCTGGTAGCTGTG-1;G3_68_ACCTCATTCCCAATTC-1;G3_68_ACGCAATGTGTGGTCA-1;G3_68_ACGGTCCCACCCTTAC-1;G3_68_ACTACATAGGCTTGAC-1;G3_68_ACTATATCAGCGCTTA-1;G3_68_ACTGCGTAGCGAAACG-1;G3_68_ACTTCATGTAAGTCCG-1;G3_68_ACTTTAGCACCTACTC-1;G3_68_AGAATTACAATATTCG-1;G3_68_AGCACTATCATCAGGC-1;G3_68_AGCAGCAAGGCGATAG-1;G3_68_AGCCCATAGACCTTTC-1;G3_68_AGCTATGTCAGGAATA-1;G3_68_AGGACCAAGGCCACAT-1;G3_68_AGGACGCAGCCTGCGA-1;G3_68_AGGGCGAGTCTCATAT-1;G3_68_AGGGTATAGAATTGAG-1;G3_68_AGGTTCTCAGCGTATT-1;G3_68_AGTAACGCAAACTAGG-1;G3_68_AGTCGGCGTAAAGTGG-1;G3_68_AGTCGGGCAGTACTTA-1;G3_68_ATAAGCTTCGGCCATG-1;G3_68_ATACCCAAGAATGGGT-1;G3_68_ATACCCGCAATCGGCC-1;G3_68_ATCAATGGTGCTTGGA-1;G3_68_ATCGCGCCAAGACAGC-1;G3_68_ATCTTGTGTGCGCGAT-1;G3_68_ATGCACTCAGCCAAGG-1;G3_68_ATGCGGAAGCAATGCC-1;G3_68_ATGGCACTCCAAGACC-1;G3_68_ATGGGGCAGGGCATAG-1;G3_68_ATTATCCGTGTTACGG-1;G3_68_ATTCAGAGTGGGAGAT-1;G3_68_ATTGCATAGGCAAGCA-1;G3_68_CAAATGGCACCTAACG-1;G3_68_CAACCCGAGGTGTCCG-1;G3_68_CAACCTTTCACCACTT-1;G3_68_CAACTTACAAGTACTC-1;G3_68_CAAGTTTAGGTCGAGA-1;G3_68_CAATCCGCACGAGTAA-1;G3_68_CACCCGAAGCTATGTG-1;G3_68_CATACAAGTAGGTTGT-1;G3_68_CATTAACAGATGCCCG-1;G3_68_CCAGGCTCACATATCA-1;G3_68_CCGCACAAGCGACGTT-1;G3_68_CCGCCGTGTGCGTCTT-1;G3_68_CCGGGTATCATGGTCA-1;G3_68_CCTCAGACAGCGAAAC-1;G3_68_CGACTTCGTGTGCAAT-1;G3_68_CGATAATTCAACCAAT-1;G3_68_CGCAGGACACCCAAGC-1;G3_68_CGCTCGAAGCTAAACT-1;G3_68_CGCTTCATCACAACCA-1;G3_68_CGTAATTAGCTAACAT-1;G3_68_CTAAGTCCAACCTTAA-1;G3_68_CTACAAGTCCAGCATA-1;G3_68_CTACGTAAGGCAAGCA-1;G3_68_CTCATTTCACAACGGG-1;G3_68_CTGGCTCTCGTTGCTT-1;G3_68_CTTAGTCTCACCATCT-1;G3_68_GCAAAGGTCATTCGCT-1;G3_68_GCAAGGCAGAAGGTGT-1;G3_68_GCAGGATCACCTGACA-1;G3_68_GCAGTCAGTGTGCCGG-1;G3_68_GCATAGACAAACGAGC-1;G3_68_GCATTTACACAACCCA-1;G3_68_GCCAATATCAGCATCA-1;G3_68_GCGTTAGGTGCACAGC-1;G3_68_GCTACGCCACGATTAC-1;G3_68_GCTATGGGTAACGTCG-1;G3_68_GCTTTAACAGCAGCGA-1;G3_68_GGAAGGACAAGGATCA-1;G3_68_GGAATTAAGATCCAAT-1;G3_68_GGACGTAAGGTGGGTA-1;G3_68_GGAGAGGAGCGAGTAG-1;G3_68_GGAGTTGAGGTCTGGT-1;G3_68_GGCTCTACAAACATTT-1;G3_68_GGCTTAATCAGCACGT-1;G3_68_GGGTTAACAACCACAT-1;G3_68_GGTTGCCCAATGAAAC-1;G3_68_GTACCCTGTCAACGTG-1;G3_68_GTACGTCAGAAAGTGC-1;G3_68_GTAGGTTGTCGGATAT-1;G3_68_GTAGTGCTCGCTTACT-1;G3_68_GTATCACCAAGTACGA-1;G3_68_GTCAAGACAGCGGACA-1;G3_68_GTCTTATGTATCCCTA-1;G3_68_GTGCACCCACGCCATA-1;G3_68_GTGCGCATCGTTCGGG-1;G3_68_GTGCTCCTCCTATCCG-1;G3_68_GTGTCGTAGGTCGTAC-1;G3_68_GTTAGTAGTCGGTTTC-1;G3_68_GTTCGCTGTATGGCCA-1",106,"A_最高优先（显著扩增）","Ready","Single"
"G3_68","CAALASSSFSKLVF_CGAREGGGGSAETLYF","TRAV7-4","TRBV20","CAALASSSFSKLVF","CGAREGGGGSAETLYF","TRAJ50","TRBJ2-3",101,"QQKVQQSPESLSVPEGGMASFNCTSS","DRNFQY","FWWYRQHSGEGPKALMS","IFSDGD","KKEGRFTAHLNKASLHVSLHIRDSQPSDSALYF","GQGTSLSVVP","GALVYQYPRRTICKSGTSMRMECQAV","GFQATS","VAWYRQSPQKTFELIAL","STVNSAI","KYEQNFTQEKFPISHPNLSFSSMTVLNAYLEDRGLYL","GSGTRLTVL","G3_68_AAACGGCCAACCTAAC-1;G3_68_AACAGACAGCTATCGA-1;G3_68_AACGAGAGTGGAGCGA-1;G3_68_AACGCCAGTGGCACGT-1;G3_68_AACGGGTCACGATTAC-1;G3_68_AACTCATAGCTAGCCG-1;G3_68_AAGCGTACAAGCAGTA-1;G3_68_AAGGTTAAGCCATTAG-1;G3_68_AATCGAGCACATAGTC-1;G3_68_AATTCGTAGATGAAGC-1;G3_68_ACAAGTAAGCACTTTC-1;G3_68_ACACCGTAGGGAATCG-1;G3_68_ACATAGAAGATTGTGT-1;G3_68_ACATATGGTGGCAATT-1;G3_68_ACCCATTTCCTTATCA-1;G3_68_ACCCCGTTCGTCATCT-1;G3_68_ACCTCTGTCATGTGGC-1;G3_68_ACGAACACACTCGGTA-1;G3_68_ACGCCCAAGGGTACAG-1;G3_68_ACGGTGTTCCACATCT-1;G3_68_ACTCGATCAGTGGCAG-1;G3_68_ACTTCTATCGTATGTG-1;G3_68_ACTTGTCTCAGGCTCG-1;G3_68_AGACACCTCGGCAATC-1;G3_68_AGACGGGGTGTTGTCC-1;G3_68_AGAGAGGCACAAATCC-1;G3_68_AGAGTAGGTGTCCCAT-1;G3_68_AGCGCCTCAAAACCAG-1;G3_68_AGCTTAGTCCTCGGCT-1;G3_68_AGGACGGGTGGATAAG-1;G3_68_AGTCGGCGTATTACAG-1;G3_68_ATACAGCGTGCTCGTT-1;G3_68_ATACCCTTCAAGTTCG-1;G3_68_ATCCTAGAGCCTGGCA-1;G3_68_ATCGCATCACCGCATA-1;G3_68_ATCGCCACAACCCCAA-1;G3_68_ATGCGAGAGCGTCTCC-1;G3_68_ATGGCGTTCAAGCCAC-1;G3_68_ATTCACGAGAGTTAAG-1;G3_68_ATTCAGAGTCCAAAGT-1;G3_68_CAAATGTTCAAACCTG-1;G3_68_CAACCCACAGCGCTAC-1;G3_68_CAACGTATCCCATTCG-1;G3_68_CAAGGCGCACGCATAT-1;G3_68_CAAGTTTAGACGAACG-1;G3_68_CAATGTGTCAGCCCTC-1;G3_68_CAATGTGTCGGTTAAT-1;G3_68_CACAGAACAAGAATAC-1;G3_68_CACTAGCAGATACCCA-1;G3_68_CAGGGACAGGTCGAGA-1;G3_68_CATAACGTCAGTACAT-1;G3_68_CATTCGAAGAGCCGAA-1;G3_68_CCAACCTGTCTCCTGG-1;G3_68_CCAACGCCACCGGACT-1;G3_68_CCACACCTCATCCCAT-1;G3_68_CCATTACTCAGTCAGC-1;G3_68_CCGACATAGCAATGTT-1;G3_68_CCGTGATAGAGCGTGA-1;G3_68_CCGTGTCTCATCGGGT-1;G3_68_CCGTTGTGTGGAGCGA-1;G3_68_CCTACGTGTGGGGAAT-1;G3_68_CCTGCTATCAGGGCAA-1;G3_68_CGAACCCCACCACCAA-1;G3_68_CGAAGTTGTACCACGA-1;G3_68_CGCATAATCAAACTAC-1;G3_68_CGCGTACCAAAGTAAC-1;G3_68_CGGAATGAGCAAGTAA-1;G3_68_CGGAATTGTGGTAGGG-1;G3_68_CGTTGGTAGACGAGGC-1;G3_68_CTAAATTCAACCTCTC-1;G3_68_CTACTCCCAAATCCGT-1;G3_68_CTAGAAGCACGCGCAT-1;G3_68_CTATCTTCAACCAGAA-1;G3_68_CTCAGGTAGACTCGAC-1;G3_68_CTCGAACAGCCTTTAC-1;G3_68_CTCGGCAAGGTGCTAC-1;G3_68_CTCGTTCCAGCGGGTA-1;G3_68_CTCTAGCGTCCGTAAG-1;G3_68_CTGATAAGTCCTATTG-1;G3_68_CTGTATCTCCCTGAAA-1;G3_68_CTTCGTCCAGTACATC-1;G3_68_GCATACCAGCCAGTAC-1;G3_68_GCATCCACAGGAGTCG-1;G3_68_GCCTGCAAGGGCTTGT-1;G3_68_GCGAGAGGTATCTGCC-1;G3_68_GCGCGATGTCGTCGGG-1;G3_68_GCGGAGTAGCTCTGGG-1;G3_68_GCTAAATTCCTCGAAA-1;G3_68_GCTTCTGTCAGGGCAA-1;G3_68_GCTTTCGTCCACCATT-1;G3_68_GGATATCGTATGTCGG-1;G3_68_GGCATGAAGGGGAATT-1;G3_68_GGCGATAAGGCCCAAT-1;G3_68_GGCGCATGTGTGCCCC-1;G3_68_GGGCTTTAGACCCGCA-1;G3_68_GGTAAGTAGCGACGTT-1;G3_68_GTACGGGCACGCACGT-1;G3_68_GTCATGGGTAGACGGG-1;G3_68_GTGAAAGGTAGGGGAT-1;G3_68_GTGATATTCCGGTTAA-1;G3_68_GTTATGTAGACCCTTT-1",101,"A_最高优先（显著扩增）","Ready","Single"
"G3_88","CAVSMPSGSWQLIF_CAWRGDNSPLYF","TRAV7-3","TRBV31","CAVSMPSGSWQLIF","CAWRGDNSPLYF","TRAJ22","TRBJ1-6",79,"QQNVQQSPESLIVPEGARTSLNCTFS","DSASQY","FWWYRQHSGKAPKALMS","IFSNGE","KEEGRFTIHLNKASLHFSLHIRDSQPSDSALYL","GSGTQLTVMP","AQTIHQWPVAEIKAVGSPLSLGCTIK","GKSSPN","LYWYWQATGGTLQQLFY","SITVG","QVESVVQLNLSASRPKDDQFILSTEKLLLSHSGFYL","AAGTRLTVT","G3_88_AAACCAGCAGGGATTA-1;G3_88_AAACGCGAGCATCGAC-1;G3_88_AACACTCCAGTTAAGG-1;G3_88_AACATTGGTACTACAA-1;G3_88_AACCATTAGAGGGGTC-1;G3_88_AACCCGAGTATACTTC-1;G3_88_AACGCAACAGTTACTA-1;G3_88_AACGCACTCAATGTAC-1;G3_88_AACTGCATCGGTTCAA-1;G3_88_AATATTCCAACGATAG-1;G3_88_AATGCGGAGGCAAGCA-1;G3_88_ACCACATCAGGATGGT-1;G3_88_ACCCATTTCCCTAAAG-1;G3_88_ACCTCCATCCCGCTTA-1;G3_88_ACGGTTGGTAGCAGTT-1;G3_88_ACGTCAGGTAAGTCCG-1;G3_88_ACGTGGGCAGGACGCA-1;G3_88_ACTATTCGTCGTTCTA-1;G3_88_ACTGATTAGGCCATAC-1;G3_88_AGAGATTCACGTCTAG-1;G3_88_AGCAAGTAGGCTTATG-1;G3_88_AGTACTGTCACTCTGT-1;G3_88_AGTATAGAGCTACAGC-1;G3_88_AGTATGTTCGGGGTAA-1;G3_88_AGTCATGTCCCACTTG-1;G3_88_AGTCGGGCACTCCACT-1;G3_88_AGTGCGAAGAGGAGTT-1;G3_88_AGTTAGAAGGTCTACA-1;G3_88_AGTTGGGAGCTCGATA-1;G3_88_ATCATTCGTACTATGA-1;G3_88_ATGCGGGCAACATATT-1;G3_88_ATTAAGGAGCTAAGGG-1;G3_88_ATTGAAGAGAATCTGT-1;G3_88_CACACCCTCGGCATTA-1;G3_88_CACCCATGTCTCTAAT-1;G3_88_CACTCTGTCCTAGTTC-1;G3_88_CACTTTCAGACTCAGC-1;G3_88_CAGGTTATCCAACCTT-1;G3_88_CCAACTTTCCAAACCA-1;G3_88_CCATCGCTCCCACCTA-1;G3_88_CCCATTTAGGTCGAGA-1;G3_88_CCCTAGTGTGTCACGA-1;G3_88_CCCTATCCAGTTGCGC-1;G3_88_CCGCATTGTCTCATAT-1;G3_88_CCTAGGCCACGCAGCT-1;G3_88_CCTCTAGTCACTCCCA-1;G3_88_CGCACGTCACCTCACT-1;G3_88_CGCGCTCGTATGCGAT-1;G3_88_CGGACCATCAGAATAG-1;G3_88_CGGCTGGGTATGGGCC-1;G3_88_CGGTCAGTCGCTCTCA-1;G3_88_CGTTAGTCAGTGGCGA-1;G3_88_CGTTGCTGTGGGTATT-1;G3_88_CTACATGAGGGTCTGT-1;G3_88_CTCGCATGTAATGGAG-1;G3_88_CTGTCATTCGTGCGCA-1;G3_88_CTTGTGTTCAATTCGG-1;G3_88_GCATTACCACAATCCG-1;G3_88_GCGTGCTCACGGTCGT-1;G3_88_GCTTCTAGTGCGCCTC-1;G3_88_GGACATGAGCGAGTAG-1;G3_88_GGAGATTAGCGATGGA-1;G3_88_GGAGTATAGCGTGGTT-1;G3_88_GGCCTTGAGAGGTAAC-1;G3_88_GGCGAAGGTCGACGTA-1;G3_88_GGCTACCCAATGGGAC-1;G3_88_GGTAGCAAGATCTGCA-1;G3_88_GGTAGCTTCCGACTCC-1;G3_88_GGTCCTCTCAACCCTT-1;G3_88_GTATACCCAAGTACGA-1;G3_88_GTATCAGTCCGCACTC-1;G3_88_GTCATCGCACTCCTTA-1;G3_88_GTCCTAGCACTCGCAA-1;G3_88_GTCGCGGGTCAATATG-1;G3_88_GTGTCGGTCCAACATG-1;G3_88_GTTACCCGTGTAAGTC-1;G3_88_GTTAGGTGTCCGTCTG-1;G3_88_GTTATAATCAGCGCAT-1;G3_88_GTTGTCCGTGCCTTGT-1",79,"A_最高优先（显著扩增）","Ready","Single"
"G3_88","CAVSANSGTYQRF_CASSSRTGGYAEQFF","TRAV3-3","TRBV19","CAVSANSGTYQRF","CASSSRTGGYAEQFF","TRAJ13","TRBJ2-1",75,"GEQVEQRPPHLSVREGDSAVITCTYT","DPNSYY","FFWYKQEPGASLQLLMK","VFSSTEI","NEGQGFTVLLNKKDKRLSLNLTAAHPGDSAAYF","GTGTKLQVVP","GGIITQTPKFLIGQEGQKLTLKCQQN","FNHDT","MYWYRQDSGKGLRLIYY","SITEND","LQKGDLSEGYDASREKKSSFSLTVTSAQKNEMAVFL","GPGTRLTVL","G3_88_AACCAGGAGCAATGGG-1;G3_88_AACTAGGCACAAGCCC-1;G3_88_ACACGAACAATGTGTC-1;G3_88_ACAGTCTCAAGTGTTC-1;G3_88_ACATAGGCAAATACAA-1;G3_88_ACATCCAAGCCCACGA-1;G3_88_ACCCGACCAGCAGTAA-1;G3_88_ACGACAGAGCATTCAG-1;G3_88_ACTACGGGTCAGGCCG-1;G3_88_ACTCTCGTCCGTCGTC-1;G3_88_AGAGAACTCCAAATCG-1;G3_88_AGAGTAGGTCTACGCT-1;G3_88_AGCGGTTTCCCACTCA-1;G3_88_AGTCGGCGTACTCTAT-1;G3_88_ATATGAGAGCAGGGAC-1;G3_88_ATGAAGGGTAATGTGC-1;G3_88_ATGCTACCAACAATCC-1;G3_88_ATTGTCCTCCTACATC-1;G3_88_CAATACTAGCGGTCCA-1;G3_88_CAATATCAGGTAGCAG-1;G3_88_CAATTCTGTGTACTCC-1;G3_88_CAGCGTAGTCTCATTG-1;G3_88_CAGTCCGAGGTACGTC-1;G3_88_CAGTGCCCAGCCAACC-1;G3_88_CAGTTGGGTACCTATT-1;G3_88_CATGGGTTCAAAGGTA-1;G3_88_CATTACCTCACCAAGC-1;G3_88_CCACTGACAAGGTTTC-1;G3_88_CCATATCTCGGACTAC-1;G3_88_CCCAGCTTCATTGGGC-1;G3_88_CCCTTATAGCACTGCG-1;G3_88_CCGCAGTCACGCGACT-1;G3_88_CCGGAAGCAAGCATTC-1;G3_88_CCGGTATAGGTCCGCA-1;G3_88_CCGTAAATCCGAAGTC-1;G3_88_CCGTGTTGTGGGTGTC-1;G3_88_CCTAGTCGTACTACGG-1;G3_88_CCTTCCGCAAGAGAGG-1;G3_88_CGAAGGTCACAAGTAG-1;G3_88_CGAATCATCACGTATG-1;G3_88_CGACTAATCGTGCAGT-1;G3_88_CGCTTGGAGGTTCATG-1;G3_88_CTACACAAGCAGGCTT-1;G3_88_CTATACCTCAATCTCC-1;G3_88_CTATTCGGTGCTGTCT-1;G3_88_CTCCTCTTCGGTGTTA-1;G3_88_CTGAACATCACAACAT-1;G3_88_CTGGGTGTCGTAGCTA-1;G3_88_GCAACGGCAAGGTTCT-1;G3_88_GCAGTAACACGATTTA-1;G3_88_GCCAAGGCAAGGGTTA-1;G3_88_GCCACTACAAATATCT-1;G3_88_GCCCATTGTCCGCATT-1;G3_88_GCCTCTGGTGCCTCTG-1;G3_88_GCGATAGAGAGGCGTA-1;G3_88_GCGGGATAGGCAAGCA-1;G3_88_GCTTCAGCAAACCTAC-1;G3_88_GCTTGTCGTGCTAGAT-1;G3_88_GGAAGTAGTCGTTCTA-1;G3_88_GGACTTATCCCTGATT-1;G3_88_GGAGAGGAGCGATGAG-1;G3_88_GGATGTCTCATACCTC-1;G3_88_GGCAATACACGAAGGT-1;G3_88_GGCCAATTCAGCAATT-1;G3_88_GGGGCTTGTAATACTG-1;G3_88_GGTACTATCAACCCAA-1;G3_88_GTAAGCGAGGCGCTTG-1;G3_88_GTAGTTTAGGTAACCC-1;G3_88_GTCCGCAAGACTGCAC-1;G3_88_GTGCTACAGGTCGCCA-1;G3_88_GTGTAATTCCGAATTG-1;G3_88_GTGTCTCGTCCTAGCT-1;G3_88_GTTAGCTCACGCAGCT-1;G3_88_GTTCTCAGTGTCGAAT-1;G3_88_GTTGCCACAGCTGACC-1",75,"A_最高优先（显著扩增）","Ready","Single"
"G3_80","CAASTSGGNYKPTF_CASSIDRGVNTEVFF","TRAV7D-4","TRBV19","CAASTSGGNYKPTF","CASSIDRGVNTEVFF","TRAJ6","TRBJ1-1",67,"QQKVQQSPESLSVPEGGMASLNCTSS","DRNFQY","FWWYRQHSGEGPKALMS","IFSDGD","KKEGRFTAHLNKASLHVSLHIRDSQPSDSALYF","GKGTSLVVHP","GGIITQTPKFLIGQEGQKLTLKCQQN","FNHDT","MYWYRQDSGKGLRLIYY","SITEND","LQKGDLSEGYDASREKKSSFSLTVTSAQKNEMAVFL","GKGTRLTVV","G3_80_AACCGTGGTCTTCTCT-1;G3_80_AAGCGTCTCCTGACAA-1;G3_80_AAGCTTTAGCCGACAT-1;G3_80_AATCAGCGTACTAATG-1;G3_80_AATCTCACAGCATGAA-1;G3_80_AATGGAGGTCGATTCC-1;G3_80_AATGTTGGTCGCGGAT-1;G3_80_ACAGACGAGGTCGAAG-1;G3_80_ACAGGCTTCGGACGTT-1;G3_80_ACCACCTGTATCACCC-1;G3_80_ACCCAAATCAACTATA-1;G3_80_ACCTATTGTAAACGGA-1;G3_80_ACGCATGGTCGAGGAG-1;G3_80_ACGCGCGGTGGAAATG-1;G3_80_ACTATCACAATTCGTA-1;G3_80_ACTGGATGTAACTCCC-1;G3_80_AGCCATTCACTTATAG-1;G3_80_AGCGCAGCAGGATTTC-1;G3_80_AGGACCAAGGGATGAT-1;G3_80_AGTAACGCAGGTGATA-1;G3_80_AGTGCGAAGATGTAGA-1;G3_80_AGTTGCATCCGGACCA-1;G3_80_AGTTTGGTCGTTACTC-1;G3_80_ATATTCCGTGGCTGTA-1;G3_80_ATCTGCCGTGTTCTAT-1;G3_80_ATTACCTGTATCACGG-1;G3_80_ATTCGACCACGCGACT-1;G3_80_ATTCTCATCAAGCCTA-1;G3_80_ATTGACCCAACACGCC-1;G3_80_ATTGCTTGTCATAGGT-1;G3_80_ATTGTCTGTACTAAGC-1;G3_80_CAGCGAAAGCGTGGTT-1;G3_80_CAGGGACAGCGCCTAG-1;G3_80_CATGTATAGACTGTTG-1;G3_80_CATTATCGTCATACAA-1;G3_80_CCAAGCTAGCATTTCC-1;G3_80_CCATACAAGAGAGTTA-1;G3_80_CCCATTGTCAGACTTG-1;G3_80_CCCTAAGCAGCATAAG-1;G3_80_CCTTCATAGAACCATT-1;G3_80_CGAACGGCAATGCCGC-1;G3_80_CGACGGTGTCCGGCCT-1;G3_80_CGATGAGAGCGATTCA-1;G3_80_CGATGGCGTGCAATGT-1;G3_80_CGCAACCCAAATCGGA-1;G3_80_CTAAATGGTACCCTTA-1;G3_80_CTAATCTGTATCGGGC-1;G3_80_CTACTGCGTCCATATT-1;G3_80_CTAGCCGAGGTAATTC-1;G3_80_CTAGTTGAGGCGTCAT-1;G3_80_CTATTGTGTCCAGATG-1;G3_80_CTCTGAAAGGGAATCG-1;G3_80_CTGACCACAAGTTACC-1;G3_80_CTGTTCGTCAAACCGC-1;G3_80_CTTAAGCCACGCTTTC-1;G3_80_CTTCAACTCGTAATCG-1;G3_80_GCAATTGTCGCATCAA-1;G3_80_GCGAGAGGTGCCATTC-1;G3_80_GCGCTTACAATATCAT-1;G3_80_GCGTCCAAGCTTAAGT-1;G3_80_GCTAAAGCAATAGTAA-1;G3_80_GGACCGTGTATAAGGG-1;G3_80_GGCGAAGGTAACCGGC-1;G3_80_GGGCTTTAGCGATTCA-1;G3_80_GGGTTCCCAATCAGCT-1;G3_80_GGTAATCGTCGCATAG-1;G3_80_GTAGTCATCACGCGCA-1",67,"A_最高优先（显著扩增）","Ready","Single"
"G3_68","CIVTDINRIFF_CASSQSRDNQNTLYF","TRAV2","TRBV2","CIVTDINRIFF","CASSQSRDNQNTLYF","TRAJ31","TRBJ2-4",58,"LAKTTQPPSMEAYEGQEVNVSCSHT","NIATSEY","IYWYRQVPHQGPQFIIQ","GYKDYVV","NEVASLFISADRKLSTLSLPWVSLRDAAVYY","GDGTQLVVKP","DPKIIQKPKYLVAVTGSEKILICEQY","LGHNA","MYWYRQSAKKPLEFMFS","YSYQKL","MDNQTASSRFQPQSSKKNHLDLQITALKPDDSATYF","GAGTRLSVL","G3_68_AAAGCCTGTCGTAATA-1;G3_68_AAAGGTATCACAGTTG-1;G3_68_AAATGGGGTGCTCCTG-1;G3_68_AAGGCTCTCCCTATGT-1;G3_68_AAGGGCCAGGGAGATT-1;G3_68_AAGGTTAAGAGAATTG-1;G3_68_AAGGTTCGTGGGCGTT-1;G3_68_AAGTACGCACTCACTC-1;G3_68_AATCGCATCATGGTAT-1;G3_68_ACAACGGAGGGGTAGC-1;G3_68_ACCAGAGAGCTCTAGA-1;G3_68_ACCTCCATCCCTGCAC-1;G3_68_ACTGGAACAGTAACCT-1;G3_68_ACTTCCGTCGGCTTAA-1;G3_68_AGAGAGAAGCTATAAC-1;G3_68_AGAGATTCACACGTCA-1;G3_68_AGCACAACAGCCAATT-1;G3_68_AGCAGTTGTATCGCGA-1;G3_68_AGGGCAATCGCCCTTA-1;G3_68_AGTCGCCCAACATCAC-1;G3_68_AGTGTACGTCTCGGTT-1;G3_68_ATTAACTCAAACGTTC-1;G3_68_ATTCTAGCACGGGTCT-1;G3_68_CAAATTCAGCAGCCCA-1;G3_68_CAAGTATTCGCATCGG-1;G3_68_CAATTACAGCCTAATG-1;G3_68_CACCCAACACGGGGTA-1;G3_68_CACCTCTCAATCTGAC-1;G3_68_CATCATACAATGTATT-1;G3_68_CCAAATGTCCCTATTA-1;G3_68_CCATCATTCGGATCCG-1;G3_68_CCATGCACACTCACGA-1;G3_68_CCCTGTGGTACGCTTC-1;G3_68_CGATAGACACCACACA-1;G3_68_CGATGGGCAACAATCC-1;G3_68_CTAACATAGAGGGACC-1;G3_68_CTACGGAGTGCTAGGC-1;G3_68_CTACTAACAAGCCGAG-1;G3_68_CTCGGCTTCCCTTCAG-1;G3_68_CTCGGCTTCGGATCAC-1;G3_68_CTCGTTCCACGTGCTA-1;G3_68_CTGATTCTCAGTCATG-1;G3_68_CTGCGTGAGAACAGAC-1;G3_68_CTGTAACCAGCTAATC-1;G3_68_CTTATACGTCGCACCC-1;G3_68_GCACCCTTCATCATCC-1;G3_68_GCTATTGAGATTACGT-1;G3_68_GCTCGGGGTGGTTTCC-1;G3_68_GCTGTCGAGAGAGGAA-1;G3_68_GGAAGCTCAGTACAAG-1;G3_68_GGACATGAGGGGAATT-1;G3_68_GGTAGCGCAGTGTTCG-1;G3_68_GGTGTATGTCTAGCAG-1;G3_68_GGTTCGGTCGCTAATG-1;G3_68_GTATGTAGTGCCTTGT-1;G3_68_GTGCTACAGGGTTCGT-1;G3_68_GTTACGGGTAACGCTG-1;G3_68_GTTAGTTAGCAAACGG-1",58,"A_最高优先（显著扩增）","Ready","Single"
"G3_68","CALSARGSGNKLIF_CASSFRQSNTEVFF","TRAV9-4","TRBV14","CALSARGSGNKLIF","CASSFRQSNTEVFF","TRAJ32","TRBJ1-1",57,"AQSVTQPDARVTVSEGASLQLRCKYS","YSGTPY","LFWYVQYPRQGLQLLLK","YYSGDPVV","QGVNGFEAEFSKSNSSFHLRKASVHWSDSAVYF","GTGTLLSVKP","EAGVTQSPRYAVLQEGQAVSFWCDPI","SGHDT","LYWYQQPRDQGPQLLVY","FRDEAV","IDNSQLPSDRFSAVRPKGTNSTLKIQSAKQGDTATYL","GKGTRLTVV","G3_68_AAACGGTAGCAATTGT-1;G3_68_AACATTGGTAGACTCG-1;G3_68_AACCATCCAACTGCAT-1;G3_68_AAGTGAGGTATGTTAG-1;G3_68_AAGTGTAAGCGAATGG-1;G3_68_AATCCCGCAATCAGCT-1;G3_68_AATGTTATCACACATG-1;G3_68_ACACTCGCAGCTCCAA-1;G3_68_ACATCCAAGCCGCCAA-1;G3_68_ACCCAACAGACCTGCG-1;G3_68_ACCTTACTCAACCATG-1;G3_68_ACGCAATGTATAGGCT-1;G3_68_ACGTTCCGTAGGGGCA-1;G3_68_ACTATTCGTATTACAG-1;G3_68_AGCATGGAGGGAAGCC-1;G3_68_AGCCGCATCATAGGGG-1;G3_68_AGCCTCCTCATCTCTA-1;G3_68_AGCGCTCCAATCGAAG-1;G3_68_AGGACCCGTGGATATC-1;G3_68_AGGCTCCCAGGTGCGA-1;G3_68_ATAAGGTCAAATATTC-1;G3_68_ATACCCAAGGGCATAG-1;G3_68_ATAGGCGAGGTGCCAT-1;G3_68_ATCAATATCCGGCATG-1;G3_68_ATCGGGCGTAGAGTAG-1;G3_68_ATGATGAAGAAGGGCC-1;G3_68_ATGCTTACACAGTGGG-1;G3_68_ATGTCTTGTCGACCCC-1;G3_68_CACCCACTCCATTCTA-1;G3_68_CAGTATTAGGTCCAAC-1;G3_68_CATAATCAGGCAAGCA-1;G3_68_CATACTTGTAATCCGG-1;G3_68_CCACTATTCACCCAAA-1;G3_68_CCCAAAGGTCTGGTCT-1;G3_68_CCCATTTAGCGGCCTA-1;G3_68_CGACTCTGTCATCGCT-1;G3_68_CGCAATTCAATGCATC-1;G3_68_CGCACCCGTCTGTCCG-1;G3_68_CTACGATCACATCATA-1;G3_68_CTCGGTACAGGCAATA-1;G3_68_CTCTGAAAGGGGTAAT-1;G3_68_CTGCATAAGATGCCCG-1;G3_68_CTTCGTCCAGCTATCG-1;G3_68_GCATCCGAGAGGACGC-1;G3_68_GCGAATTGTCCTGTCG-1;G3_68_GCTGTAATCCCACAGG-1;G3_68_GCTTAATAGGTCCGCA-1;G3_68_GCTTCATTCGCGTGCA-1;G3_68_GGACGGTAGAGAAGGA-1;G3_68_GGGCATAAGGTAGACG-1;G3_68_GGTTATGTCGCTCCAC-1;G3_68_GTAGATTTCACCTACT-1;G3_68_GTAGGTCTCACAATTA-1;G3_68_GTCGTCTGTGCTAAGT-1;G3_68_GTGCACCCAATCAGTC-1;G3_68_GTTAAGGCAGGTATTC-1;G3_68_GTTCGCGAGAAACCAA-1",57,"A_最高优先（显著扩增）","Ready","Single"
"G3_80","CAASLSSGSWQLIF_CAWSPTGVTSAETLYF","TRAV7-4","TRBV31","CAASLSSGSWQLIF","CAWSPTGVTSAETLYF","TRAJ22","TRBJ2-3",56,"QQKVQQSPESLSVPEGGMASFNCTSS","DRNFQY","FWWYRQHSGEGPKALMS","IFSDGD","KKEGRFTAHLNKASLHVSLHIRDSQPSDSALYF","GSGTQLTVMP","AQTIHQWPVAEIKAVGSPLSLGCTIK","GKSSPN","LYWYWQATGGTLQQLFY","SITVG","QVESVVQLNLSASRPKDDQFILSTEKLLLSHSGFYL","GSGTRLTVL","G3_80_AAACCCCAGGTTGGTC-1;G3_80_AACAGCCTCCAGGTGT-1;G3_80_AACCACTCAAGAGGGA-1;G3_80_AACCCGTAGCCTTAGA-1;G3_80_AAGCCCAGTAGAGTGA-1;G3_80_AAGGGAGCAAGTGCCC-1;G3_80_AAGTTGCGTGGGGTAG-1;G3_80_AATCAAGAGCGATTCA-1;G3_80_ACATACCCAAGTATCC-1;G3_80_ACCATGCAGACCTATG-1;G3_80_ACTCTTATCGGCGATT-1;G3_80_ACTTACGAGGTCATGC-1;G3_80_ACTTATCGTAACCGCA-1;G3_80_ACTTTGGAGCAGCCAT-1;G3_80_AGCGGGTAGCTCACCC-1;G3_80_AGGAATTCACATACCG-1;G3_80_AGGAGCCAGAACCCAC-1;G3_80_AGTTGCGGTAACGTCG-1;G3_80_ATAGGCGAGAGGCGTA-1;G3_80_ATATCATCAACGAAAT-1;G3_80_ATGCGTATCCACTCTG-1;G3_80_CACTGCGAGGCAAAGT-1;G3_80_CATCGGCCAGGGCTCT-1;G3_80_CCAAATGTCCCAATAG-1;G3_80_CCCTAGGAGCCTAAGC-1;G3_80_CGCATCTGTACTTATC-1;G3_80_CGCCCGTGTGTCGTAG-1;G3_80_CGCCTAACACGGAAAC-1;G3_80_CGCGACTCACATATGC-1;G3_80_CGGGTCATCAGGACTC-1;G3_80_CGTATCTTCGTGTAAT-1;G3_80_CGTTTCCCACTATCCC-1;G3_80_CTAAAGTTCGTCGCTC-1;G3_80_CTACAGCAGCGTACCG-1;G3_80_CTACGGAGTGGTTGAT-1;G3_80_CTAGCAATCGGCTCTC-1;G3_80_CTCACGCTCGTATCGA-1;G3_80_GCAATCCAGCGTAGCT-1;G3_80_GCGCTACCAACATCCG-1;G3_80_GCTCAACAGCTATAAC-1;G3_80_GCTCAGTAGACCCACG-1;G3_80_GGCGAAATCATGACCA-1;G3_80_GGCGGTTGTGCTATCC-1;G3_80_GGGAGCTAGGCTACCG-1;G3_80_GGGATATAGGCGCATT-1;G3_80_GGTATTAGTAAGTTTG-1;G3_80_GGTGCGACACGCAACC-1;G3_80_GGTTAGACAAGGCACG-1;G3_80_GGTTCGCCACTATAAT-1;G3_80_GTACAAGCAATACGGA-1;G3_80_GTAGTAAAGACGGAGC-1;G3_80_GTCATCGCAACAGCGG-1;G3_80_GTCCCTATCCATTCGT-1;G3_80_GTCCTATTCCTACTAC-1;G3_80_GTGCCCAAGCTAGGTC-1;G3_80_GTTCTACTCATGGAAA-1",56,"A_最高优先（显著扩增）","Ready","Single"
"G3_80","CALSRGSALGRLHF_CASSSTGSAETLYF","TRAV6N-7","TRBV17","CALSRGSALGRLHF","CASSSTGSAETLYF","TRAJ18","TRBJ2-3",52,"GDSVTQTEGQVALSEEDFLTIHCNYS","ASGYPA","LFWYVQYPGEGPQFLFR","ASRDKEK","GSSRGFEATYNKEATSFHLQKASVQESDSAVYY","GAGTQLIVIP","DTTVKQNPRYKLARVGKPVNLICSQT","MNHDT","MYWYQKKPNQAPKLLLF","YYDKIL","NREADTFEKFQSSRPNNSFCSLYIGSAGLEYSAMYL","GSGTRLTVL","G3_80_AATCCGTCACGCGTTA-1;G3_80_ACCTATGAGAATGATG-1;G3_80_ACTTGCCGTATTGCCC-1;G3_80_AGACGTACAATTACGC-1;G3_80_AGACTGCTCCTCGAAA-1;G3_80_AGCACTATCCTCCACA-1;G3_80_AGCGGGTAGGTAGAGT-1;G3_80_AGGACTCTCGGGCATT-1;G3_80_AGGTGATAGAGAGGAA-1;G3_80_ATACCCGCACTCGTTC-1;G3_80_ATGCCCACAAGCGAAC-1;G3_80_ATTACCGAGATCGACC-1;G3_80_ATTCGTCTCAAATCAC-1;G3_80_CAAAGTAAGACTGCGT-1;G3_80_CAACTACCAAGCGATA-1;G3_80_CAAGATAAGCGTGCAT-1;G3_80_CAAGCTATCAGCGTAC-1;G3_80_CACCAAATCCAATATA-1;G3_80_CAGTTAAGTGCGAGAG-1;G3_80_CATAATTCAAGTGTCT-1;G3_80_CATCGACAGCCTTCAT-1;G3_80_CCAAAGGAGCTACGCG-1;G3_80_CCACGGGGTATCTTCG-1;G3_80_CCCAATTTCATACAAC-1;G3_80_CCTGTAGCACTATGGT-1;G3_80_CGAAGTTGTAGGCCGT-1;G3_80_CGCATCTGTACTAATG-1;G3_80_CGCCCGTGTCTAATCT-1;G3_80_CGTCAAATCGTAGATT-1;G3_80_CGTGTTCGTGTTCTCA-1;G3_80_CTAGAAGCACGCATAT-1;G3_80_CTAGTCGCAACATGTC-1;G3_80_CTGACTCGTGCGCTGG-1;G3_80_CTGTCGCTCATTCGTC-1;G3_80_CTTCTCACAGTTAAGG-1;G3_80_GCCTCTTCAGTAGGGT-1;G3_80_GCGTGTCCAAGCAAAT-1;G3_80_GCTCGTGAGGTTCGCG-1;G3_80_GCTTCAGCAGGGCTAG-1;G3_80_GGCACGTGTGTATCCC-1;G3_80_GGGGATGGTCGACTCT-1;G3_80_GGGTTAGAGACAACCC-1;G3_80_GGTGCGTGTCCCAATC-1;G3_80_GTAGGATAGCGATTAT-1;G3_80_GTAGGCAAGCTGGCAT-1;G3_80_GTCATGCAGCGTTTGA-1;G3_80_GTCTCATTCGCTTACT-1;G3_80_GTGCGAGCAAACCGAA-1;G3_80_GTGGATTGTAACTTTC-1;G3_80_GTGTGGGCACACAACT-1;G3_80_GTTCGACAGAGCTTGC-1;G3_80_GTTGTGCAGGCTTGTA-1",52,"A_最高优先（显著扩增）","Ready","Single"
"G3_88","CAHMDSNYQLIW_CASSPRDRSYAEQFF","TRAV3-3","TRBV5","CAHMDSNYQLIW","CASSPRDRSYAEQFF","TRAJ33","TRBJ2-1",44,"GEQVEQRPPHLSVREGDSAVITCTYT","DPNSYY","FFWYKQEPGASLQLLMK","VFSSTEI","NEGQGFTVLLNKKDKRLSLNLTAAHPGDSAAYF","GSGTKLIIKP","NTKITQSPRYLILGRANKSLECEQH","LGHNA","MYWYKQSAEKPPELMFL","YNLKQL","IRNETVPSRFIPECPDSSKLLLHISAVDPEDSAVYF","GPGTRLTVL","G3_88_AAGGGTAGTCATGGAT-1;G3_88_AAGTAACCAATTATCG-1;G3_88_AATGCGGAGGTGCTGT-1;G3_88_ACAGCGAAGCTCGAGT-1;G3_88_ACGATAGCAAAACGGC-1;G3_88_ACGCCGGGTCGAAGGG-1;G3_88_ACTACCCGTCGCTCTG-1;G3_88_AGACTGCTCCGGCGTA-1;G3_88_AGAGATTCAAATATCT-1;G3_88_AGCATCGGTCGATGAT-1;G3_88_AGCCATATCGCATACA-1;G3_88_AGGAGGTGTAGCAGGG-1;G3_88_AGTCATGTCCCCTAAT-1;G3_88_ATTGCTACAGTATAGG-1;G3_88_CAAATGTTCCTCCATG-1;G3_88_CATGTCAAGATGTATC-1;G3_88_CCCAGCTTCGCTCCGT-1;G3_88_CCGCGTAAGACTCGAC-1;G3_88_CCGGTTACACATTCAA-1;G3_88_CCTCGAACACCATAAC-1;G3_88_CCTTATGGTCTCCGGC-1;G3_88_CGAGGGAGTAAGGTCT-1;G3_88_CGCTGCAAGCGACAAG-1;G3_88_CGTTAGGGTAGCCTCT-1;G3_88_CTATCGAAGCATTCAG-1;G3_88_CTCATAGAGCCATCAA-1;G3_88_CTCCTCAAGGGAGTAT-1;G3_88_CTCGTCATCGTGTCGG-1;G3_88_CTGATTGAGGCAAAGT-1;G3_88_CTGATTGAGGTCATCA-1;G3_88_CTGCAAATCGTAACCA-1;G3_88_CTGGGTGTCCCCATTG-1;G3_88_CTTCAACTCGCGTTAA-1;G3_88_GCAATCGGTGTGTCCT-1;G3_88_GCCATAATCGTCAACA-1;G3_88_GCGGGATAGCTAGATT-1;G3_88_GCTTGTAAGGCTCAAC-1;G3_88_GGATTTCCAATAGGGC-1;G3_88_GGCTTGTAGATGCTCA-1;G3_88_GGGTTGCGTGGGCGTT-1;G3_88_GGTCCCCGTCAGGTAT-1;G3_88_GGTCTAGGTACTATTC-1;G3_88_GTAATAGAGCCTAATG-1;G3_88_GTCGGGTGTGGGTGTC-1",44,"B_高优先（中等扩增）","Ready","Single"
"G3_88","CAAVGGYQNFYF_CASGEWVTGEVGSDYTF","TRAV4-2","TRBV12-2+TRBV13-2","CAAVGGYQNFYF","CASGEWVTGEVGSDYTF","TRAJ49","TRBJ1-2",39,"GMPVEQNPPALSLYEGADSGLRCNFS","TTMKS","VQWFQQNHRGRLITLFY","LAQGT","KENGRLKSTFNSKERYSTLHIKDAQLEDSGTYF","GKGTSLTVIP","EAAVTQSPRNKVAVTGGKVTLSCNQT","NNHNN","MYWYRQDTGHGLRLIHY","SYGAGS","TEKGDIPDGYKASRPSQENFSLILELATPSQTSVYF","GSGTRLLVI","G3_88_AAATGCTTCGTCATTC-1;G3_88_AACCCTTTCCCGCTTA-1;G3_88_AAGCCGGCAGGGTTAA-1;G3_88_AATGGTCGTCGAGTGC-1;G3_88_ACATCATAGCCGATTA-1;G3_88_ACCACGAGTAATGGGA-1;G3_88_ACTAACCCAACAGAAT-1;G3_88_AGAGATTCAATTAAGA-1;G3_88_AGCGTTGGTACTACTT-1;G3_88_AGGCACGCACGAATCT-1;G3_88_AGGCACTTCACATACG-1;G3_88_AGGTGATAGAGCTTAT-1;G3_88_AGTCAATTCGTCCTAT-1;G3_88_AGTCCACAGCGATTTG-1;G3_88_AGTGGCTTCATGGCAC-1;G3_88_ATCCCAAAGACGAGGC-1;G3_88_ATCTTGTGTAGTGTGT-1;G3_88_ATTGAGAAGCATCGCG-1;G3_88_ATTGAGAAGCGATGGA-1;G3_88_CACAGAACAGGGTTAA-1;G3_88_CACTGTAAGAAACGTA-1;G3_88_CATGCGCCAAACGGGT-1;G3_88_CCCATTTAGGTCGGTT-1;G3_88_CCGAAACTCAGGCCAT-1;G3_88_CGAAGTTGTGTAGCGC-1;G3_88_CGATAGACAATGGCCC-1;G3_88_CGCATGGTCATATTAG-1;G3_88_CGCTTTAGTGTGCCCC-1;G3_88_CGGACATTCATTGGCA-1;G3_88_CTGCATTTCGCACTCC-1;G3_88_CTTGATTGTGTATCTT-1;G3_88_GCACTCTGTGGACGGA-1;G3_88_GCCCGAGGTCGAGGCT-1;G3_88_GGGTTAACAATGACAG-1;G3_88_GGTAATTTCAGCGTAC-1;G3_88_GGTAGGGGTGTCGAAT-1;G3_88_GTAGTAGCACTCGGAC-1;G3_88_GTGCTCACACGGACCT-1;G3_88_GTTGCCACAACTTCAA-1",39,"B_高优先（中等扩增）","Ready","Multi_Allele"
"G3_88","CAVTRSNTDKVVF_CSSRDPNSDYTF","TRAV3-3","TRBV30","CAVTRSNTDKVVF","CSSRDPNSDYTF","TRAJ34","TRBJ1-2",39,"GEQVEQRPPHLSVREGDSAFITCTYT","DPNSYY","FFWYKQEPGASLQLLMK","VFSSTEI","NEGQGFTVLLNKKDKRLSLNLTAAHPGDSAAYF","GTGTRLQVSP","SVLLYQKPNRDICQSGTSLKIQCVAD","SQVVS","MFWYQQFQEQSLMLMAT","ANEGSEA","TYESGFTKDKFPISRPNLTFSTLTVNNARPGDSSIYF","GSGTRLLVI","G3_88_AACCAGGAGCGCTGTG-1;G3_88_ACCCACGAGCTTGTGA-1;G3_88_ACCTCTGTCACCACTT-1;G3_88_ACGAAAGGTAAGTGCT-1;G3_88_ACTCGATCACATTCAA-1;G3_88_AGAGGTCCACGATGGG-1;G3_88_AGGTAAATCAGGCTGT-1;G3_88_AGTCCAGGTCAGTGCA-1;G3_88_AGTCGGGCAACGGTCC-1;G3_88_ATGGTGCTCATAGTGT-1;G3_88_ATTGACCCACCTACGA-1;G3_88_ATTGTCTGTCTTAGCC-1;G3_88_CAAGTCTCACTCGTTC-1;G3_88_CACAAGCTCATAAGCT-1;G3_88_CATTAGCCACCTCGAA-1;G3_88_CCGGTATAGCTATCAG-1;G3_88_CCGTAACAGCGACGTT-1;G3_88_CCTTTGAGTCCGCTAT-1;G3_88_CGACGTAGTAACGCCA-1;G3_88_CGCAGGACACGGCAAG-1;G3_88_CGCCCTAGTGCGTATG-1;G3_88_CGTAGGCGTGGGAGCA-1;G3_88_CGTTCAGCAATCCCGA-1;G3_88_CTACGGAGTAATCCGG-1;G3_88_CTACTACTCCATGCCC-1;G3_88_CTATACCTCACCATTC-1;G3_88_CTGGCATAGACATGTT-1;G3_88_GCATAGGAGATTACGT-1;G3_88_GCCCAACCAGTTAGCT-1;G3_88_GCGATAACACTAATCA-1;G3_88_GCGGTAGCACCGTCAA-1;G3_88_GGAAGCTCAAAACTCC-1;G3_88_GGACGTTTCAAGGGTG-1;G3_88_GGCTTGAGTGGAATGA-1;G3_88_GGCTTTCGTGTGGCGT-1;G3_88_GGGCAAATCCCCATTG-1;G3_88_GGTGTTCAGGGAGATT-1;G3_88_GTGAGGTCAATACACC-1;G3_88_GTTCACTTCGTATCTC-1",39,"B_高优先（中等扩增）","Ready","Single"
"G3_80","CAAKGGYQNFYF_CASGDRDSEFANSDYTF","TRAV4-2","TRBV12-2+TRBV13-2","CAAKGGYQNFYF","CASGDRDSEFANSDYTF","TRAJ49","TRBJ1-2",37,"GMPVEQNPPALSLYEGADSGLRCNFS","TTMKS","VQWFQQNHRGRLITLFY","LAQGT","KENGRLKSTFNSKERYSTLHIKDAQLEDSGTYF","GKGTSLTVIP","EAAVTQSPRNKVAVTGGKVTLSCNQT","NNHNN","MYWYRQDTGHGLRLIHY","SYGAGS","TEKGDIPDGYKASRPSQENFSLILELATPSQTSVYF","GSGTRLLVI","G3_80_AAGCTTGTCCCACGCT-1;G3_80_AATGTACTCGCCTAAA-1;G3_80_ACGAAGTAGACTAATC-1;G3_80_ACGCATGGTGTACCCT-1;G3_80_AGGCCGACAACGAGGT-1;G3_80_AGGCGACAGCTGATAT-1;G3_80_AGTTGCCAGCACCTAA-1;G3_80_ATACAACTCGCAATAT-1;G3_80_ATACCATAGGGGTATG-1;G3_80_ATCAGGGAGCGCTGCA-1;G3_80_ATGGACCTCGGGTTCG-1;G3_80_CAAGGCCGTATGAGTC-1;G3_80_CAGGCTTAGGTTCTAG-1;G3_80_CCACCGTTCATAGCGC-1;G3_80_CCAGTGCCACTATACA-1;G3_80_CCCAACGAGACTTGTG-1;G3_80_CCGGTAAGTAATCCGG-1;G3_80_CCGTAGTAGGTAGCAG-1;G3_80_CCGTTTCCAAACCAGA-1;G3_80_CGAACGGCAAATCGGA-1;G3_80_CGCATTCGTGTGTCGA-1;G3_80_CGCCAATAGCTCAGGT-1;G3_80_CGGCAATTCCCCAGCT-1;G3_80_CGTGTTCGTCGCTCTG-1;G3_80_CTAACTACAGCTACAT-1;G3_80_CTCGAGTAGCCTATTC-1;G3_80_CTGACGCCAAGGCCGA-1;G3_80_CTGGAATGTCTCGCAT-1;G3_80_GCACCCTTCGTATTCC-1;G3_80_GCGGTTAGTGGGATGG-1;G3_80_GCTATGGGTCATTTCG-1;G3_80_GGTAGTTGTCAGCGTA-1;G3_80_GGTCTAGGTAAGTGTC-1;G3_80_GTCCCGAAGATGTGTT-1;G3_80_GTCGAGAAGGGAGAGG-1;G3_80_GTCTAGGGTAGTATTG-1;G3_80_GTGCAGTTCATCTCCG-1",37,"B_高优先（中等扩增）","Ready","Multi_Allele"
"G3_68","CVLGEPSGSWQLIF_CASSSRTGGYAEQFF","TRAV6-1","TRBV19","CVLGEPSGSWQLIF","CASSSRTGGYAEQFF","TRAJ22","TRBJ2-1",36,"GDSVTQMQGQVTLSEDDFLFINCTYS","TTWYPT","LFWYVQYPGEGPQLLLK","VTTANNK","GISRGFEATYDKRTTSFHLQKASVQESDSAVYY","GSGTQLTVMP","GGIITQTPKFLIGQEGQKLTLKCQQN","FNHDT","MYWYRQDSGKGLRLIYY","SITEND","LQKGDLSEGYDASREKKSSFSLTVTSAQKNEMAVFL","GPGTRLTVL","G3_68_AAACCAAAGACATGGG-1;G3_68_AAATCCAGTGTTCTAT-1;G3_68_AAGCATCGTCGCATTC-1;G3_68_AAGCGCCGTGTATGTA-1;G3_68_AAGCTTTAGACGCGAA-1;G3_68_ACATAGCGTCGATTGG-1;G3_68_ACATGCTCACTGCTCT-1;G3_68_AGAGATGGTAGAGGGT-1;G3_68_AGCGCATTCGTAGTGC-1;G3_68_AGCGTATGTCGAGTGC-1;G3_68_AGGAATTCAGGGAGAA-1;G3_68_AGTCAATTCGCACCCT-1;G3_68_AGTCCGGTCCTCGTCA-1;G3_68_ATCCGTTTCCCAGAAC-1;G3_68_CAACTCCGTACATATG-1;G3_68_CAAGTAAAGCAAACTT-1;G3_68_CACGAAGAGAAAGCGT-1;G3_68_CCAGATTCACACAACT-1;G3_68_CCCATTCCACGAATCT-1;G3_68_CCTGATCGTCCCAAAG-1;G3_68_CTGACACAGAGCAGAT-1;G3_68_CTGACTCGTCAGCGTA-1;G3_68_CTGGGTGTCACCAATG-1;G3_68_CTGTCGCTCGCAATTG-1;G3_68_GCACCCTTCCAGTACA-1;G3_68_GCCCGTTTCCATGCTT-1;G3_68_GCGTTTAAGCGGCTTG-1;G3_68_GGGTCTCCAATCAGGA-1;G3_68_GGTAGGGGTACAGGTT-1;G3_68_GGTTATGTCAAAGCAA-1;G3_68_GGTTTCCGTCACGTTC-1;G3_68_GTAGGCAAGAATGCGG-1;G3_68_GTATCACCAACTCGAT-1;G3_68_GTCATCGCACCGTTAG-1;G3_68_GTCGTAGGTATGCGAT-1;G3_68_GTGCCTTGTCTGTATT-1",36,"B_高优先（中等扩增）","Ready","Single"
"G3_88","CATQGGRALIF_CASSSRTGGYAEQFF","TRAV13N-2","TRBV19","CATQGGRALIF","CASSSRTGGYAEQFF","TRAJ15","TRBJ2-1",36,"GQQVQQSPSSLVLQEGENAELQCNFS","STATQ","LQWFYQSPGGSLVSLLS","NPSGT","KHTGRLTSTTVTKERRSSLHISSSQTTDSGTYL","GTGTTVSVSP","GGIITQTPKFLIGQEGQKLTLKCQQN","FNHDT","MYWYRQDSGKGLRLIYY","SITEND","LQKGDLSEGYDASREKKSSFSLTVTSAQKNEMAVFL","GPGTRLTVL","G3_88_AAACCAAAGCGAACAG-1;G3_88_AAACCTGTCCTGTTCG-1;G3_88_AACCATCCAATGGACA-1;G3_88_AACCTCTTCATGGCAC-1;G3_88_ACATTCGAGCTGGGTT-1;G3_88_ACCTACGCAACTAATT-1;G3_88_ACTTCAGAGGCTAACC-1;G3_88_AGAGGCGGTACGAAAG-1;G3_88_AGCCTCTGTGCACGTA-1;G3_88_AGCTTTACAACATAGG-1;G3_88_ATAAGGGGTGTTGTGG-1;G3_88_ATCACATAGATGTATC-1;G3_88_ATCCCTAGTGTATGCG-1;G3_88_ATGGGCAAGCCATGAC-1;G3_88_ATGGGCGCACCTCACT-1;G3_88_ATTGAAGAGCACCCGA-1;G3_88_CATAGGGAGCAAAGTA-1;G3_88_CATATCACAGTTACTA-1;G3_88_CATCTTGGTCCATAGG-1;G3_88_CCAATACCAATCGTAC-1;G3_88_CCAATATAGACCCCAG-1;G3_88_CCAGATTCAGGCATAA-1;G3_88_CCATGCGAGCGTGAGA-1;G3_88_CCCAAATCAATGGGCG-1;G3_88_CCCTAGCTCCACCGCT-1;G3_88_CCGACAAGTCCATAGG-1;G3_88_CCTATTCAGCGGTCCA-1;G3_88_CGTCTGTGTACCTATT-1;G3_88_CTCCGAACAGGTCGTC-1;G3_88_CTGTCGCTCCGGCAAT-1;G3_88_GCGAAAGTCCGAATGC-1;G3_88_GCGCTGGGTCTGGTCT-1;G3_88_GCTGGTTAGACTATCG-1;G3_88_GCTTGTAAGGTGAGTG-1;G3_88_GGCGATTTCAAATGTC-1;G3_88_GTCGCCAAGCGTTAAT-1",36,"B_高优先（中等扩增）","Ready","Single"
"G3_88","CAVSGASGSWQLIF_CAWSSSGTNNNQAPLF","TRAV7-3","TRBV31","CAVSGASGSWQLIF","CAWSSSGTNNNQAPLF","TRAJ22","TRBJ1-5",36,"QQNVQQSPESLIVPEGARTSLNCTFS","DSASQY","FWWYRQHSGKAPKALMS","IFSNGE","KEEGRFTIHLNKASLHFSLHIRDSQPSDSALYL","GSGTQLTVMP","AQTIHQWPVAEIKAVGSPLSLGCTIK","GKSSPN","LYWYWQATGGTLQQLFY","SITVG","QVESVVQLNLSASRPKDDQFILSTEKLLLSHSGFYL","GEGTRLSVL","G3_88_AACGCGGCAACCCTAG-1;G3_88_AACTCCGCAATCGGGG-1;G3_88_AATCCTCTCCTTATCA-1;G3_88_AATTTGCAGACAAGCG-1;G3_88_ACATCACCAGTTGGGG-1;G3_88_ACCAGGAAGCCGTAAC-1;G3_88_ACCATTCTCGCCTGCT-1;G3_88_ACGGTCCCACAACCCA-1;G3_88_AGCTTACCACTAATCA-1;G3_88_AGTATAACAGGTAAGC-1;G3_88_AGTCCCGAGCAGGGAC-1;G3_88_AGTTGCGGTATAGCGT-1;G3_88_ATCAGGGAGCCCTAGG-1;G3_88_ATTGGTAGTGTCCCCA-1;G3_88_CACCATTTCGTACGGT-1;G3_88_CAGCATTCACGCACGT-1;G3_88_CATCGGAGTGCTCTTA-1;G3_88_CATGGTTCACTATAAT-1;G3_88_CATTGGTCACTAGTCG-1;G3_88_CCAGTGCCAAAGCATG-1;G3_88_CCGCGTTTCACACATG-1;G3_88_CCGGCTTTCCGAATCA-1;G3_88_CCGGGTATCGGACACT-1;G3_88_CCGTATAAGGTGCGAA-1;G3_88_CGCTTGCTCGCAAGCT-1;G3_88_CTAAAGGCAGGGCTCT-1;G3_88_CTTGTCGTCCGGGAAA-1;G3_88_GCTATTGAGCTTCGTT-1;G3_88_GGAATTAAGCCTAATG-1;G3_88_GGCTACCCAAGTTTCA-1;G3_88_GGCTATATCCCAGTAA-1;G3_88_GTAGTTTAGAACAGGT-1;G3_88_GTCCGGGGTCACTATT-1;G3_88_GTGCGCGGTGTCCCCA-1;G3_88_GTGGGTTTCGGTGTCG-1;G3_88_GTGTAGTGTCTTGTAT-1",36,"B_高优先（中等扩增）","Ready","Single"
"G3_88","CILRVGGPGGADRLTF_CASSDGWGYEQYF","TRAV21-DV12","TRBV13-1","CILRVGGPGGADRLTF","CASSDGWGYEQYF","TRAJ45","TRBJ2-7",36,"DAKTTQPDSMESTEGETVHLPCSHA","TISGNEY","IYWYRQVPLQGPEYVTH","GLQQN","TTNSMAFLAIASDRKSSTLILTHVSLRDAAVYH","GKGTQLIIQP","EAAVTQSPRNKVTVTGGNVTLSCRQT","NSHNY","MYWYRQDTGHGLRLIHY","SYGAGN","LQIGDVPDGYKATRTTQEDFFLLLELASPSQTSLYF","GPGTRLTVL","G3_88_AAAGGTATCGCGGATT-1;G3_88_AACCCGTAGCGTTCCC-1;G3_88_ACCTGCTGTGGCTTCT-1;G3_88_ACGGCAGCAGTGGACG-1;G3_88_AGACGATAGAGCAGAT-1;G3_88_AGAGAGAAGACCCACG-1;G3_88_AGGGTCTTCGTAGTGC-1;G3_88_AGTCCATCAGTCTATA-1;G3_88_AGTGTACGTCGTCGGG-1;G3_88_ATAATTCCAGTATGTC-1;G3_88_ATAGGGCCACTTAACA-1;G3_88_ATAGTGCGTGTTAAGC-1;G3_88_ATGCTACCAACAATTT-1;G3_88_ATTACGCCACGCAGGA-1;G3_88_ATTGTAGGTGTTAATG-1;G3_88_CACTTAACACCTACCT-1;G3_88_CAGCATTCAAAATCTT-1;G3_88_CATAGGCTCCAAAGCC-1;G3_88_CATGCTTTCAATATGC-1;G3_88_CCTATTATCCTCGGCT-1;G3_88_CCTTCCGCAACTTACA-1;G3_88_CTACTGAAGATGGTTT-1;G3_88_CTATCGAAGACACATT-1;G3_88_GCAAGCTTCACCCTAT-1;G3_88_GCAGTGTTCCTCGAAA-1;G3_88_GCCACTTGTCTCATAT-1;G3_88_GCTGGGTGTAAGTAGG-1;G3_88_GCTTGCGAGAACTAAG-1;G3_88_GGATAGTAGACAGACG-1;G3_88_GGCCTTACAGCATGAA-1;G3_88_GGGCTAGCAGTCAATC-1;G3_88_GGGTCATTCGGTAATT-1;G3_88_GTACTTCTCATCCGCC-1;G3_88_GTAGGCGCACAACTCG-1;G3_88_GTTGCCACACACTCTC-1;G3_88_GTTGTGGGTGGAAATG-1",36,"B_高优先（中等扩增）","Ready","Single"
"G3_68","CAVSGASGSWQLIF_CAWSLAGVSAETLYF","TRAV7-3","TRBV31","CAVSGASGSWQLIF","CAWSLAGVSAETLYF","TRAJ22","TRBJ2-3",32,"QQNVQQSPESLIVPEGARTSLNCTFS","DSASQY","FWWYRQHSGKAPKALMS","IFSNGE","KEEGRFTIHLNKASLHFSLHIRDSQPSDSALYL","GSGTQLTVMP","AQTIHQWPVAEIKAVGSPLSLGCTIK","GKSSPN","LYWYWQATGGTLQQLFY","SITVG","QVESVVQLNLSASRPKDDQFILSTEKLLLSHSGFYL","GSGTRLTVL","G3_68_AAAGGGTTCCAGCCTC-1;G3_68_AATCTATCAAATCTCA-1;G3_68_AATCTCTGTGCATCAG-1;G3_68_ACTTACACAGTGCGGA-1;G3_68_AGGGCAATCACTAACG-1;G3_68_ATCCGCACAACGTTTA-1;G3_68_CACGCCCGTCGTTCTA-1;G3_68_CAGCGTCCAACATCAC-1;G3_68_CATGCACAGACGGGGT-1;G3_68_CATGCACAGAGCGAAT-1;G3_68_CCAGAATGTCGTAATA-1;G3_68_CCATGCCTCGTGCTCC-1;G3_68_CCCACGTTCAGTCGCG-1;G3_68_CCCTTTACAATACCTA-1;G3_68_CCGGACTCACAATCCG-1;G3_68_CCGTCTGGTGGCGGTT-1;G3_68_CCGTGATAGGCTTGAC-1;G3_68_CGAACGGCAATCTCTT-1;G3_68_CGATAAGCACATTTAG-1;G3_68_CGATTCAAGCAATTAC-1;G3_68_CGCTAAGGTGTCTATT-1;G3_68_CGGGATAAGAGGCAGC-1;G3_68_CTAAGTAGTCTATAAG-1;G3_68_CTACTATGTGGTTGAT-1;G3_68_GCGTAACTCCATAAGT-1;G3_68_GCTAATCCAAAGTACG-1;G3_68_GGATCACTCCGTACTT-1;G3_68_GGGCTAAAGATCGACC-1;G3_68_GGTCCTCTCATGGCAC-1;G3_68_GGTGCGACACAAGACA-1;G3_68_GGTTGGGCACTCGACA-1;G3_68_GGTTGTATCGTCCTAT-1",32,"B_高优先（中等扩增）","Ready","Single"
"G3_68","CAVSMPSGSWQLIF_CAWSSGGISNERLFF","TRAV7-3","TRBV31","CAVSMPSGSWQLIF","CAWSSGGISNERLFF","TRAJ22","TRBJ1-4",31,"QQNVQQSPESLIVPEGARTSLNCTFS","DSASQY","FWWYRQHSGKAPKALMS","IFSNGE","KEEGRFTIHLNKASLHFSLHIRDSQPSDSALYL","GSGTQLTVMP","AQTIHQWPVAEIKAVGSPLSLGCTIK","GKSSPN","LYWYWQATGGTLQQLFY","SITVG","QVESVVQLNLSASRPKDDQFILSTEKLLLSHSGFYL","GHGTKLSVL","G3_68_AATTGTCAGGTCTATG-1;G3_68_ACAGCCTAGAAAGCGT-1;G3_68_ACCCGATAGCATATCG-1;G3_68_ACCCTGCTCAATCTCC-1;G3_68_ACGGCAGCAGCGAAAC-1;G3_68_ACGTTCCGTGTTCATT-1;G3_68_AGCCGTGTCAACCCAA-1;G3_68_AGTCGCGTCATGGAAA-1;G3_68_AGTGTTAGTAATGGGA-1;G3_68_ATCAATATCGCGTCAG-1;G3_68_ATGAGAGGTACAAGTC-1;G3_68_ATGCCACAGCTAGGTC-1;G3_68_ATTCGTACAGCTCCAA-1;G3_68_CAACAGGAGACGTGTC-1;G3_68_CACCGTACAATCTTAG-1;G3_68_CACCTTTAGCAATGGG-1;G3_68_CACTACTTCAACCATG-1;G3_68_CATCTTGGTACATATG-1;G3_68_CCAGCATAGCAATATC-1;G3_68_CCGCAGTCACCCTTTA-1;G3_68_CCGTGATAGAGGAGCC-1;G3_68_CCTACCATCGCATCGG-1;G3_68_CGATACATCGGCTATA-1;G3_68_GCATAGTGTAGGATTC-1;G3_68_GCATGGGCAAAATTTC-1;G3_68_GCTACACAGACGCGAA-1;G3_68_GGGTCAGCACCTCTCG-1;G3_68_GGTAAATCACAGTCAT-1;G3_68_GTGCGGACACCGGACT-1;G3_68_GTGGGCTGTAAATTCG-1;G3_68_GTGTCATCAATCGCGC-1",31,"B_高优先（中等扩增）","Ready","Single"
"G3_88","CAVSPNTGYQNFYF_CTCSDRGPNERLFF","TRAV9-4","TRBV1","CAVSPNTGYQNFYF","CTCSDRGPNERLFF","TRAJ49","TRBJ1-4",29,"AQSVTQPDARVTVSEGASLQLRCKYS","YSATPY","LFWYVQYPRQGLQLLLK","YYSGDPVV","QGVNGFEAEFSKSNSSFHLRKASVHWSDSAVYF","GKGTSLTVIP","VTLLEQNPRWRLVPRGQAVNLRCILK","NSQYPW","MSWYQQDLQKQLQWLFT","LRSPGD","KEVKSLPGADYLATRVTDTELRLQVANMSQGRTLY","GHGTKLSVL","G3_88_ACCTATTGTAATCAGC-1;G3_88_ACGACCCCAAGAGGTC-1;G3_88_AGAAGCCCACGATTAC-1;G3_88_ATACCCTTCAACCATG-1;G3_88_ATACGCTCAGCCCATA-1;G3_88_ATCCCGCTCCGTGAGT-1;G3_88_ATCGAAGCAAAGGACC-1;G3_88_CAATACCCAACGTACT-1;G3_88_CAATGCTCACACTCGA-1;G3_88_CATAGGCTCGGTGTCG-1;G3_88_CCACTATTCAGGAAAC-1;G3_88_CCGCTGTTCATCAGGC-1;G3_88_CTACGCCTCGCGGCTA-1;G3_88_CTAGCAATCGCTTATC-1;G3_88_CTCAGGTAGATCATCG-1;G3_88_CTCTCGATCGTCACCC-1;G3_88_CTGCGATAGGGTGATG-1;G3_88_CTTATCTCAACCATAC-1;G3_88_GCATCGGTCATCGCGG-1;G3_88_GCGTCAGTCGTACGTA-1;G3_88_GCTAAGTGTCGATGGC-1;G3_88_GGTAGTTGTATCGGGC-1;G3_88_GGTTGGCGTAAGGCCC-1;G3_88_GTAAATGAGATCACAT-1;G3_88_GTAGGGCAGCATCGCG-1;G3_88_GTCATGGGTGTTCGCT-1;G3_88_GTCTGGTAGACATAGA-1;G3_88_GTCTTAACAGGGTGCA-1;G3_88_GTGGATTGTGTGCAAT-1",29,"B_高优先（中等扩增）","Ready","Single"
"G3_68","CAASGGYQNFYF_CASRVDKNERLFF","TRAV14D-3-DV8","TRBV13-3","CAASGGYQNFYF","CASRVDKNERLFF","TRAJ49","TRBJ1-4",27,"QQQVRQSPQSLTVWEGETAILNCSYE","NSAFDY","FPWYQQFPGEGPALLIS","ILSVSNK","KEDGRFTIFFNKREKKLSLHIADSQPGDSATYF","GKGTSLTVIP","EAAVTQSPRSKVAVTGGKVTLSCHQT","NNHDY","MYWYRQDTGHGLRLIHY","SYVADS","TEKGDIPDGYKASRPSQENFSLILELASLSQTAVYF","GHGTKLSVL","G3_68_ACAGTTGTCGGAGCTT-1;G3_68_ACCTGCGAGGTAATTC-1;G3_68_ACCTGCTGTATGTACA-1;G3_68_AGGAGGACAGCAATAG-1;G3_68_AGTCGCAGTCGCTCTG-1;G3_68_AGTGCGAAGCGCCCAA-1;G3_68_ATGTCCTTCAGTGGTC-1;G3_68_CAAGCCCCAACTGGGG-1;G3_68_CATAACCCAGCTTCAG-1;G3_68_CATCTTCAGGTATATC-1;G3_68_CCATTTGGTGGAATGA-1;G3_68_CCTGTAAAGAGCCCAT-1;G3_68_CGGATTCAGCGCCTGA-1;G3_68_CGTCGTCTCGCTTCAT-1;G3_68_CGTGAGCGTATTGTAG-1;G3_68_CTACTGAAGCTCTGAA-1;G3_68_CTATCACTCACACACA-1;G3_68_CTCGAAATCCAGTATG-1;G3_68_CTCTAGCGTCCATAGG-1;G3_68_GCATAGCTCCCATAAG-1;G3_68_GGCGTTCCAATCGTAC-1;G3_68_GGCTAATGTCAACCTC-1;G3_68_GGGGTTCGTAGCAATC-1;G3_68_GGTTGCCCACAATCAC-1;G3_68_GTAGGTCTCACATACG-1;G3_68_GTATCAGTCAGTCCGG-1;G3_68_GTGAGCTTCGTTGTCT-1",27,"B_高优先（中等扩增）","Ready","Single"
"G3_80","CAVPDSGGSNYKLTF_CASGEGRNTLYF","TRAV3-4","TRBV12-2+TRBV13-2","CAVPDSGGSNYKLTF","CASGEGRNTLYF","TRAJ53","TRBJ2-4",27,"GEQVEQRPPHLSVPEGDSAVIICTYT","DSATAY","FYWYKQEPGAGLQLLMS","VFSNVDR","KEEQGLTVLLNKKDKQLSLNLTAAHPGDSAVYF","GKGTLLTVTP","EAAVTQSPRNKVAVTGGKVTLSCNQT","NNHNN","MYWYRQDTGHGLRLIHY","SYGAGS","TEKGDIPDGYKASRPSQENFSLILELATPSQTSVYF","GAGTRLSVL","G3_80_AAACCCCAGAAATGGC-1;G3_80_AATACGTTCCGGGTAT-1;G3_80_ACACTCCGTATCTGTT-1;G3_80_AGTTTAATCCGTCAAA-1;G3_80_ATCCGGAGTCCCTAGT-1;G3_80_ATTCATTTCGCGCGTA-1;G3_80_CAATAGTTCGCATAAT-1;G3_80_CAATGCGGTGTGCATG-1;G3_80_CATAGGGAGGCACGAA-1;G3_80_CCAATAGTCACACAAT-1;G3_80_CCGCCGTGTCCTCGAT-1;G3_80_CCTTACCCAATCAGTC-1;G3_80_CGACAGAAGAGGGCGT-1;G3_80_CGTAGAGAGCCACGAT-1;G3_80_CTAGTGCAGAAGTACA-1;G3_80_CTCCGAACAGCATAAG-1;G3_80_GGACTATGTCGGTATG-1;G3_80_GGATAAGGTCATAGGT-1;G3_80_GGCGAGAGTGTCCGCC-1;G3_80_GGGCTAAAGCTTGTGA-1;G3_80_GTCCCGCGTATACGTA-1;G3_80_GTCTGCGAGGGCTTCG-1;G3_80_GTGCGCATCGGGTCAT-1;G3_80_GTGTCCGAGCTAAGCC-1;G3_80_GTGTTACCAAATCTAT-1;G3_80_GTGTTGATCCATCATC-1;G3_80_GTTAGCGGTCATCGCT-1",27,"B_高优先（中等扩增）","Ready","Multi_Allele"
"G3_88","CAMRDPGTQVVGQLTF_CTCSADGGGPSYEQYF","TRAV16N","TRBV1","CAMRDPGTQVVGQLTF","CTCSADGGGPSYEQYF","TRAJ5","TRBJ2-7",27,"AQKVTQTQTSISVMEKTTVTMDCVYE","TQDSSYF","LFWYKQTASGEIVFLIR","QDSYKKEN","ATVGHYSLNFQKPKSSIGLIITATQIEDSAVYF","GSGTRLQVYA","VTLLEQNPRWRLVPRGQAVNLRCILK","NSQYPW","MSWYQQDLQKQLQWLFT","LRSPGD","KEVKSLPGADYLATRVTDTELRLQVANMSQGRTLY","GPGTRLTVL","G3_88_ACATCTCTCAACGTGC-1;G3_88_ACCCGACCACCTGCAA-1;G3_88_ACTTCGGCAGTGGTAA-1;G3_88_AGCCTGTAGCTGCACG-1;G3_88_ATAGCCTCAAGTCGGG-1;G3_88_ATTGGTTAGGCCCACA-1;G3_88_CATAAGTTCAGCCTCC-1;G3_88_CCAACCGAGCTCTCAT-1;G3_88_CCAGGGTGTCGTCAGA-1;G3_88_CCTAATACAACTAAGG-1;G3_88_CCTGGCAAGCGATGGA-1;G3_88_CCTGTAAAGCCCTTGC-1;G3_88_CCTTGTGTCCGTATAG-1;G3_88_CCTTTCGAGCTTGGGT-1;G3_88_CGAAGGTCAATGTGAG-1;G3_88_CGGTCGTCAAAGCTCT-1;G3_88_CGTTGTAAGAGCCTGT-1;G3_88_CTAGGAGAGCAGTAGG-1;G3_88_GCGCGAACAATACACC-1;G3_88_GCTTATACAATTCATG-1;G3_88_GGCTTAGGTGTGCATG-1;G3_88_GGTATTCCACAAGCGG-1;G3_88_GGTGTTATCAACGGCT-1;G3_88_GTCCATGCAGTATCAC-1;G3_88_GTGATTCCACATAGAG-1;G3_88_GTGTATAGTCAGCATG-1;G3_88_GTTACCGCAGTACTCG-1",27,"B_高优先（中等扩增）","Ready","Single"
"G3_68","CAVSGGAGAKLTF_CASSLRAGGYAEQFF","TRAV3-3","TRBV29","CAVSGGAGAKLTF","CASSLRAGGYAEQFF","TRAJ39","TRBJ2-1",26,"GEQVEQRPPHLSVREGDSAVITCTYT","DPNSYY","FFWYKQEPGASLQLLMK","VFSSTEI","NEGQGFTVLLNKKDKRLSLNLTAAHPGDSAAYF","GGGTRLTVRP","DMKVTQMPRYLIKRMGENVLLECGQD","MSHET","MYWYRQDPGLGLQLIYI","SYDVDS","NSEGDIPKGYRVSRKKREHFSLILDSAKTNQTSVYF","GPGTRLTVL","G3_68_AACAGCCTCCTTAATT-1;G3_68_AATGTTATCAATGTGT-1;G3_68_ACAGACACAACCCTCT-1;G3_68_ACATAACTCACAACTG-1;G3_68_ACATCTCTCAGTTTAA-1;G3_68_ACGTCGGTCACCAACA-1;G3_68_ACTTCTATCCAGTAAT-1;G3_68_AGCCGTCCAACTAAGG-1;G3_68_ATATCAGGTCTGTACC-1;G3_68_ATGGGCAAGCAAATGA-1;G3_68_ATTAAGACAACTCACG-1;G3_68_CAGGTCCCAAATATAG-1;G3_68_CATCACGCAAGCAAGC-1;G3_68_CCGTTGGAGGTATGTT-1;G3_68_CGATAATTCCATGGCG-1;G3_68_CTAAAGCGTGCCCCTA-1;G3_68_GCATGAACAATCCAAC-1;G3_68_GCCTTTAGTGGAACCC-1;G3_68_GCTATGGGTGTGGGCT-1;G3_68_GCTTATACAGGTACAA-1;G3_68_GGAGCTTTCACGCAGT-1;G3_68_GGATTAGCAAGTAAAC-1;G3_68_GGTAAGTAGCTACGAC-1;G3_68_GTCTCTGTCGCTGAGT-1;G3_68_GTGTATTAGGTCAATT-1;G3_68_GTTCACTTCATGTTAA-1",26,"B_高优先（中等扩增）","Ready","Single"
"G3_80","CAARNSGGSNYKLTF_CASSDRSYAEQFF","TRAV7-4","TRBV13-1","CAARNSGGSNYKLTF","CASSDRSYAEQFF","TRAJ53","TRBJ2-1",24,"QQKVQQSPESLSVPEGGMASFNCTSS","DRNFQY","FWWYRQHSGEGPKALMS","IFSDGD","KKEGRFTAHLNKASLHVSLHIRDSQPSDSALYF","GKGTLLTVTP","EAAVTQSPRNKVTVTGGNVTLSCRQT","NSHNY","MYWYRQDTGHGLRLIHY","SYGAGN","LQIGDVPDGYKATRTTQEDFFLLLELASPSQTSLYF","GPGTRLTVL","G3_80_AACGTTCCAGTTAGCT-1;G3_80_AATTATGTCACGTCCC-1;G3_80_ACAGCGGCACAGTGCC-1;G3_80_ACCCGACCAACGGACG-1;G3_80_ACGGCCATCGCTCTCA-1;G3_80_AGGCGCACACCCATTC-1;G3_80_ATGGCCAGTGTCCTTA-1;G3_80_ATGGTCATCGGCCTCT-1;G3_80_CATCACAAGACCCATA-1;G3_80_CATTCGGCACGATTAC-1;G3_80_CCACTTGTCGTCTTCG-1;G3_80_CCTAGATCAACGTCGC-1;G3_80_CCTTGCGGTGGTGTAT-1;G3_80_CGCTGACCAAGCAGTA-1;G3_80_CTAAGGACACAGCATT-1;G3_80_CTATTCGGTCCAGCCC-1;G3_80_CTGCGTACAACATAGG-1;G3_80_GCGGAAATCGGGCATT-1;G3_80_GGAGCGTAGGCAAAGT-1;G3_80_GGAGTTGAGATCCAAT-1;G3_80_GTCCTCCAGGTAGCTC-1;G3_80_GTCCTCTCAACGCCAC-1;G3_80_GTGCTGTAGGGCTAGA-1;G3_80_GTTGATTAGGCCTGCA-1",24,"B_高优先（中等扩增）","Ready","Single"
"G3_68","CALSPRAGSGGKLTL_CAWSWGVEQYF","TRAV6N-7","TRBV31","CALSPRAGSGGKLTL","CAWSWGVEQYF","TRAJ44","TRBJ2-7",23,"GDSVTQTEGQVALSEEDFLTIHCNYS","ASGYPA","LFWYVQYPGEGPQFLFR","ASRDKEK","GSSRGFEATYNKEATSFHLQKASVQESDSAVYY","GTGTRLQVNL","AQTIHQWPVAEIKAVGSPLSLGCTIK","GKSSPN","LYWYWQATGGTLQQLFY","SITVG","QVESVVQLNLSASRPKDDQFILSTEKLLLSHSGFYL","GPGTRLTVL","G3_68_AAGCACCTCGCGTAGT-1;G3_68_AGAGTAATCACATTAA-1;G3_68_AGCCGAGCAGCGTAGG-1;G3_68_AGCGTAGAGGTAGCTC-1;G3_68_ATAGGGGTCATCCCGC-1;G3_68_ATAGGGGTCGGACACT-1;G3_68_ATCAGGACAATTGTAT-1;G3_68_ATGCATCCAGCAACTT-1;G3_68_CAACTCCGTAACGAAG-1;G3_68_CAATATGGTAGGCGGA-1;G3_68_CATGCAGGTATGTTGA-1;G3_68_CCAGCTACACTTAGTA-1;G3_68_CGCCTGAAGGTAAGAC-1;G3_68_CGTACACAGGCATTCA-1;G3_68_CGTCTGTGTGGTAAAG-1;G3_68_CGTTAATAGCCCTTGC-1;G3_68_CTAGCCGAGGCTCACG-1;G3_68_CTCTCGGGTCTAAGGT-1;G3_68_GCCTTGCTCCATATGG-1;G3_68_GCGCTACCACCGTCAA-1;G3_68_GCGTAGGCAGGTGCGA-1;G3_68_GGCTCGATCGCCCTAC-1;G3_68_GGGTGCTGTAGGGGAT-1",23,"B_高优先（中等扩增）","Ready","Single"
"G3_68","CAMRIASSSFSKLVF_CASIAGTGKTEQFF","TRAV16N","TRBV13-3","CAMRIASSSFSKLVF","CASIAGTGKTEQFF","TRAJ50","TRBJ2-1",22,"AQKVTQTQTSISVMEKTTVTMDCVYE","TQDSSYF","LFWYKQTASGEIVFLIR","QDSYKKEN","ATVGHYSLNFQKPKSSIGLIITATQIEDSAVYF","GQGTSLSVVP","EAAVTQSPRSKVAVTGGKVTLSCHQT","NNHDY","MYWYRQDTGHGLRLIHY","SYVADS","TEKGDIPDGYKASRPSQENFSLILELASLSQTAVYF","GPGTRLTVL","G3_68_AACGGCGCAAACGGGT-1;G3_68_AAGTGTCGTGTGTAGT-1;G3_68_AATGTTCAGCACCATA-1;G3_68_ACCCCAACAATCGCCA-1;G3_68_ACGTCAATCGGCTGCA-1;G3_68_ACTCCCGGTAAAGCTC-1;G3_68_AGAGTAATCCCTACAT-1;G3_68_AGAGTTAAGCGGTCCA-1;G3_68_AGCGATACAGGCGTAG-1;G3_68_AGGTTCTCAAGGATAT-1;G3_68_CATGGGTTCATGAATC-1;G3_68_CCACGGTCAGTTACCG-1;G3_68_CCGTTTAGTCCTACGT-1;G3_68_CGACGGTGTACTCTAT-1;G3_68_CGGCGTATCGCTCCTA-1;G3_68_CTAATATCAAGGTTTC-1;G3_68_GCAGTACTCGCTACTT-1;G3_68_GGACCGTGTAGCAGGG-1;G3_68_GGACTGAAGCATAGGG-1;G3_68_GGCAATTGTCATTCCA-1;G3_68_GGGTCTAGTAGGACTT-1;G3_68_GGTCCCCGTATCAATG-1",22,"B_高优先（中等扩增）","Ready","Single"
"G3_88","CAVSANSGTYQRF_CASSLGTGNTEVFF","TRAV3-3","TRBV29","CAVSANSGTYQRF","CASSLGTGNTEVFF","TRAJ13","TRBJ1-1",22,"GEQVEQRPPHLSVREGDSAFITCTYT","DPNSYY","FFWYKQEPGASLQLLMK","VFSSTEI","NEGQGFTVLLNKKDKRLSLNLTAAHPGDSAAYF","GTGTKLQVVP","DMKVTQMPRYLIKRMGENVLLECGQD","MSHET","MYWYRQDPGLGLQLIYI","SYDVDS","NSEGDIPKGYRVSRKKREHFSLILDSAKTNQTSVYF","GKGTRLTVV","G3_88_AAATGGCAGGTCGACT-1;G3_88_AATATTCCAACTCGAT-1;G3_88_ACAATCGTCCCAGTAA-1;G3_88_AGGGGTCAGCTGGGTT-1;G3_88_ATGCTCGCACGGCACT-1;G3_88_CACTTATGTAGCAGGG-1;G3_88_CAGTGCAGTGGCGATC-1;G3_88_CCATAAGTCCACAAGC-1;G3_88_CCTGATCGTATGGCCA-1;G3_88_CCTGCGAAGCTCGTGG-1;G3_88_CTAATCGAGCAGCGAA-1;G3_88_CTAGCAATCGCTCCTA-1;G3_88_CTGTACGCAGTGCTCA-1;G3_88_GCCAATATCACATCAG-1;G3_88_GGCGAAGGTGTCCGCC-1;G3_88_GGCTTCCTCCTGATTC-1;G3_88_GGTAAGCCAATCGCCA-1;G3_88_GGTTCGTAGCACAGGA-1;G3_88_GTCATCTTCACCAAGC-1;G3_88_GTCCTAGCAAAATCAA-1;G3_88_GTCTGCACAATATCTG-1;G3_88_GTGCCCCGTGTCCCCA-1",22,"B_高优先（中等扩增）","Ready","Single"
"G3_68","CAVQGTGSKLSF_CASSSPGGAYAEQFF","TRAV3-4","TRBV17","CAVQGTGSKLSF","CASSSPGGAYAEQFF","TRAJ58","TRBJ2-1",20,"GEQVEQRPPHLSVPEGDSAVIICTYT","DSATAY","FYWYKQEPGAGLQLLMS","VFSNVDR","KEEQGLTVLLNKKDKQLSLNLTAAHPGDSAVYF","GKGAKLTVSP","DTTVKQNPRYKLARVGKPVNLICSQT","MNHDT","MYWYQKKPNQAPKLLLF","YYDKIL","NREADTFEKFQSSRPNNSFCSLYIGSAGLEYSAMYL","GPGTRLTVL","G3_68_AAGGAGGCAATATCTG-1;G3_68_ACAGAATCAATGGACA-1;G3_68_AGCACGTTCGGATCCG-1;G3_68_AGGGTTACAAGGGACT-1;G3_68_ATACCCAAGGCTGTTA-1;G3_68_ATGGAAATCCTGAACA-1;G3_68_CAATGTGTCCTGCAAA-1;G3_68_CACAAGGAGAGAGTTA-1;G3_68_CAGTAGGAGGCACCAT-1;G3_68_CATAGGGAGAGTATTC-1;G3_68_CCGCTATGTACGTGAT-1;G3_68_CCGGACTCAACGCTCA-1;G3_68_CGCGATTAGGGTGATG-1;G3_68_CGTCATAAGAACGGGC-1;G3_68_CGTCTGTGTCTGCGCC-1;G3_68_CTGACTCGTCCAACGA-1;G3_68_GCGTATTCAAGTGTCT-1;G3_68_GGAAAGTTCCATTCGT-1;G3_68_GGATGTTGTCATGTCC-1;G3_68_GTCATCAAGCAATTGT-1",20,"B_高优先（中等扩增）","Ready","Single"
"G3_80","CAASLSSGSWQLIF_CASSRKNSGNTLYF","TRAV7-4","TRBV17","CAASLSSGSWQLIF","CASSRKNSGNTLYF","TRAJ22","TRBJ1-3",19,"QQKVQQSPESLSVPEGGMASFNCTSS","DRNFQY","FWWYRQHSGEGPKALMS","IFSDGD","KKEGRFTAHLNKASLHVSLHIRDSQPSDSALYF","GSGTQLTVMP","DTTVKQNPRYKLARVGKPVNLICSQT","MNHDT","MYWYQKKPNQAPKLLLF","YYDKIL","NREADTFEKFQSSRPNNSFCSLYIGSAGLEYSAMYL","GEGSRLIVV","G3_80_AACACTCCACCTCAGA-1;G3_80_AAGGGCCAGGTCTAGC-1;G3_80_ACAAGGAGTCGACTCT-1;G3_80_ACCACAGGTGCCTGCC-1;G3_80_ACCCTATTCCTCGAAA-1;G3_80_AGACGTTGTCAGGCCG-1;G3_80_AGTACGCTCAAGTCCA-1;G3_80_AGTCTCGCACGATGTT-1;G3_80_AGTGATCGTGTCGCTT-1;G3_80_ATCAGGGAGGGCTTGT-1;G3_80_ATCGAAGCACTAAGCT-1;G3_80_ATGTGGCTCCATTCGT-1;G3_80_CAAGGGCAGGTCATGC-1;G3_80_CACCATAAGACTTTCC-1;G3_80_CACGAATGTGGTGGAG-1;G3_80_CAGGGGTAGCGTCATA-1;G3_80_GGAATCGAGGGGCGAT-1;G3_80_GGATTAGCAACATAGG-1;G3_80_GGCTCATAGCTATAGT-1",19,"C_中优先（低度扩增）","Ready","Single"
"G3_80","CILKGTGSKLSF_CASSDGRGYEQYF","TRAV21-DV12","TRBV13-1","CILKGTGSKLSF","CASSDGRGYEQYF","TRAJ58","TRBJ2-7",19,"DAKTTQPDSMESTEGETVHLPCSHA","TISGNEY","IYWYRQVPLQGPEYVTH","GLQQN","TTNSMAFLAIASDRKSSTLILTHVSLRDAAVYH","GKGAKLTVSP","EAAVTQSPRNKVTVTGGNVTLSCRQT","NSHNY","MYWYRQDTGHGLRLIHY","SYGAGN","LQIGDVPDGYKATRTTQEDFFLLLELASPSQTSLYF","GPGTRLTVL","G3_80_AACCGAACACCACCAA-1;G3_80_AATCGCATCGTCAATG-1;G3_80_AATGTCAGTAGCGGGA-1;G3_80_ACAAGTAAGAGCAACG-1;G3_80_ACGGGTTTCCGGACAT-1;G3_80_ACTAACGTCCCTAACT-1;G3_80_ACTGAGACAAGTTTCA-1;G3_80_AGGAGTTAGCCGCCAA-1;G3_80_AGGCGGAGTATGTGTA-1;G3_80_ATACGTAGTCTAATCT-1;G3_80_ATCCGTCGTGCGAGAG-1;G3_80_ATTGTGTAGCCGCACA-1;G3_80_CACTTTGGTCCTTGTA-1;G3_80_CCTAATCTCCTTCTAA-1;G3_80_CGTCGTCTCGGTCCTC-1;G3_80_CTTAGCTTCCGATAGC-1;G3_80_CTTGTCTAGGCATAGG-1;G3_80_GCCTTCGGTCACCCAT-1;G3_80_GCGTGTTAGACAGCGA-1",19,"C_中优先（低度扩增）","Ready","Single"
"G3_88","CAVGTGSGGKLTL_CASGEAGGYSGNTLYF","TRAV7-3","TRBV12-2+TRBV13-2","CAVGTGSGGKLTL","CASGEAGGYSGNTLYF","TRAJ44","TRBJ1-3",19,"QQNVQQSPESLIVPEGARTSLNCTFS","DSASQY","FWWYRQHSGKAPKALMS","IFSNGE","KEEGRFTIHLNKASLHFSLHIRDSQPSDSALYL","GTGTRLQVNL","EAAVTQSPRNKVAVTGGKVTLSCNQT","NNHNN","MYWYRQDTGHGLRLIHY","SYGAGS","TEKGDIPDGYKASRPSQENFSLILELATPSQTSVYF","GEGSRLIVV","G3_88_ACATGAAAGCACTGCG-1;G3_88_ACGAACCTCGCCTCTA-1;G3_88_ATCGGCGTCCCTATAC-1;G3_88_ATTACAGGTCTCCGGC-1;G3_88_CAGGTATGTGCGAAGG-1;G3_88_CATATGCCAATAACTT-1;G3_88_CCAAAGGAGCACGGAA-1;G3_88_CGATTTGAGGCTACCG-1;G3_88_CTTAGTGAGCTGATTG-1;G3_88_CTTCTCTGTCTAAGGT-1;G3_88_CTTGTGCGTCTCGTCG-1;G3_88_GCTAATGTCGTGACGT-1;G3_88_GCTTCGCTCCAGCATA-1;G3_88_GGGAATTAGACTTACG-1;G3_88_GGTACAACAGCATTTA-1;G3_88_GTACATGTCCAAACCA-1;G3_88_GTCCAAATCACATCAG-1;G3_88_GTGCAACTCCGCATAA-1;G3_88_GTTCTCCCAGTTGGTT-1",19,"C_中优先（低度扩增）","Ready","Multi_Allele"
"G3_68","CAVSIASGSWQLIF_CAWNQQGVSYNSPLYF","TRAV7-3","TRBV31","CAVSIASGSWQLIF","CAWNQQGVSYNSPLYF","TRAJ22","TRBJ1-6",18,"QQNVQQSPESLIVPEGARTSLNCTFS","DSASQY","FWWYRQHSGKAPKALMS","IFSNGE","KEEGRFTIHLNKASLHFSLHIRDSQPSDSALYL","GSGTQLTVMP","AQTIHQWPVAEIKAVGSPLSLGCTIK","GKSSPN","LYWYWQATGGTLQQLFY","SITVG","QVESVVQLNLSASRPKDDQFILSTEKLLLSHSGFYL","AAGTRLTVT","G3_68_AATACAACAGGTTTAC-1;G3_68_ACGCTCACACCTCTTA-1;G3_68_ACTATAATCAACCTCT-1;G3_68_ACTCGACAGAGAAGCT-1;G3_68_AGTATAACAAACACCT-1;G3_68_AGTTTCACAAAAGTTA-1;G3_68_ATACCCGCAATCGTAC-1;G3_68_ATCATCCTCGGTATTG-1;G3_68_CAAGTATTCAATGTTA-1;G3_68_CCTAGTAAGCCTTTCG-1;G3_68_CGACTCCTCCGGCGTA-1;G3_68_CGCACTACACATAGAG-1;G3_68_CGGTCCTTCAGTACGC-1;G3_68_CTAAGGTGTCAGCCCC-1;G3_68_CTATACACACCAGGCT-1;G3_68_CTATGCTTCCTGGGTG-1;G3_68_GCAAAGGTCAGAGTAA-1;G3_68_GGGCGATAGAGGTTAA-1",18,"C_中优先（低度扩增）","Ready","Single"
"G3_80","CAMRERNNNNAPRF_CASVGGVRAEQFF","TRAV16N","TRBV12-2+TRBV13-2","CAMRERNNNNAPRF","CASVGGVRAEQFF","TRAJ43","TRBJ2-1",17,"AQKVTQTQTSISVMEKTTVTMDCVYE","TQDSSYF","LFWYKQTASGEIVFLIR","QDSYKKEN","ATVGHYSLNFQKPKSSIGLIITATQIEDSAVYF","GAGTKLTVKP","EAAVTQSPRNKVAVTGGKVTLSCNQT","NNHNN","MYWYRQDTGHGLRLIHY","SYGAGS","TEKGDIPDGYKASRPSQENFSLILELATPSQTSVYF","GPGTRLTVL","G3_80_AACGCATGTCTAGGGC-1;G3_80_AAGGCATAGATGACGG-1;G3_80_ACATTAGGTGTCGTCT-1;G3_80_ACGCAGGCAACACCCA-1;G3_80_ACTCTCCCACTCACCT-1;G3_80_CAAGTAAAGACATAAG-1;G3_80_CATGTTGAGAATACAG-1;G3_80_CATTCTGGTCACATGG-1;G3_80_CCAGAACTCATAGCAT-1;G3_80_CGCCACAAGAAGTACA-1;G3_80_CGTAGGCGTATGGAGA-1;G3_80_CTAGCCGAGCGAGTAG-1;G3_80_CTGCATCGTCCTGTCG-1;G3_80_GGACACTTCCTCACGC-1;G3_80_GGGCTAAAGGCCATGT-1;G3_80_GTGCCGGGTATTGCTT-1;G3_80_GTTCGCACAAACGAGC-1",17,"C_中优先（低度扩增）","Ready","Multi_Allele"
"G3_88","CAVLTGNYKYVF_CASRGGEQYF","TRAV7-3","TRBV13-3","CAVLTGNYKYVF","CASRGGEQYF","TRAJ40","TRBJ2-7",16,"QQNVQQSPESLIVPEGARTSLNCTFS","DSASQY","FWWYRQHSGKAPKALMS","IFSNGE","KEEGRFTIHLNKASLHFSLHIRDSQPSDSALYL","GAGTRLKVIA","EAAVTQSPRSKVAVTGGKVTLSCHQT","NNHDY","MYWYRQDTGHGLRLIHY","SYVADS","TEKGDIPDGYKASRPSQENFSLILELASLSQTAVYF","GPGTRLTVL","G3_88_AAGTCTCCAGTCACGC-1;G3_88_AATTTGGGTATCACCC-1;G3_88_ACATCCCGTCTGTTGC-1;G3_88_ACCTATACAAATCGAG-1;G3_88_ACCTGTCGTGTGGTGC-1;G3_88_AGAGGTTAGAACGTAA-1;G3_88_AGTATGCGTAAGTCCG-1;G3_88_ATGCAGACAAGTCGCC-1;G3_88_ATTAAAGCAACAAGAT-1;G3_88_CAGGTTATCAGCTTAG-1;G3_88_CCGCTTGGTGTTACTT-1;G3_88_CGACGTAGTCTCGAAG-1;G3_88_GCGACAGCAGCCTTTC-1;G3_88_GCGAGAGGTATGGCCA-1;G3_88_GGAAAGTTCAGACTTG-1;G3_88_GGAACGGGTGGTGCCG-1",16,"C_中优先（低度扩增）","Ready","Single"
"G3_88","CAVSAPSGSWQLIF_CAWSLVGASSQNTLYF","TRAV3-4","TRBV31","CAVSAPSGSWQLIF","CAWSLVGASSQNTLYF","TRAJ22","TRBJ2-4",15,"GEQVEQRPPHLSVPEGDSAVIICTYT","DSATAY","FYWYKQEPGAGLQLLMS","VFSNVDR","KEEQGLTVLLNKKDKQLSLNLTAAHPGDSAVYF","GSGTQLTVMP","AQTIHQWPVAEIKAVGSPLSLGCTIK","GKSSPN","LYWYWQATGGTLQQLFY","SITVG","QVESVVQLNLSASRPKDDQFILSTEKLLLSHSGFYL","GAGTRLSVL","G3_88_AAGTTTGGTACCCATC-1;G3_88_AATGCAAAGCGAAGTG-1;G3_88_ACAGCCCCAAAGTCTC-1;G3_88_ACAGGACCAACATATT-1;G3_88_ACAGGATAGCGTATTG-1;G3_88_ACAGTTAGTCTTCTCT-1;G3_88_ACATACCCAAGCGTCC-1;G3_88_ACATATATCATGTTAA-1;G3_88_AGGACTTGTAAACCGT-1;G3_88_CGGCATTAGATAACGA-1;G3_88_CGTGTTCGTAACTCGG-1;G3_88_GCTGTTAAGAAGCTGG-1;G3_88_GGCTCCTTCAACAGGG-1;G3_88_GTACAATTCATAGTCG-1;G3_88_GTCCATGCAGGTAGCG-1",15,"C_中优先（低度扩增）","Ready","Single"
"G3_68","CAATGAGANTGKLTF_CASRPPDRGYAEQFF","TRAV14N-1","TRBV19","CAATGAGANTGKLTF","CASRPPDRGYAEQFF","TRAJ52","TRBJ2-1",14,"QQQVRQSPQSLTVWEGETAILNCSYE","DSTFNY","FPWYQQFPGEGPALLIS","ISSVSDK","KEDGRFTIFFNKREKKLSLHITDSQPGDSATYF","GHGTILRVHP","GGIITQTPKFLIGQEGQKLTLKCQQN","FNHDT","MYWYRQDSGKGLRLIYY","SITEND","LQKGDLSEGYDASREKKSSFSLTVTSAQKNEMAVFL","GPGTRLTVL","G3_68_ACCACAGGTAGGAGGT-1;G3_68_ACCTCTCCACATAATT-1;G3_68_ACTCGATCACTCAATA-1;G3_68_AGTCTCGCACTAAGTC-1;G3_68_ATTAAGCTCGCAGTGT-1;G3_68_CAGCACCCAAGGACCG-1;G3_68_CATTCTGGTCGTTCGT-1;G3_68_CGGTTACAGAAGCGGC-1;G3_68_CTCGGGTCACCTCTCG-1;G3_68_GCTACTTTCAACGTTG-1;G3_68_GCTTCGGAGCGTACGT-1;G3_68_GTTAGTCCAAAGGCAC-1;G3_68_GTTATGGTCCCCACTA-1;G3_68_GTTCATTGTCTTAGCC-1",14,"C_中优先（低度扩增）","Ready","Single"
"G3_88","CAAHRGSALGRLHF_CASSPQGAREQYF","TRAV10D","TRBV2","CAAHRGSALGRLHF","CASSPQGAREQYF","TRAJ18","TRBJ2-7",14,"GEKVEQHESTLSVREGDSAVINCTYT","DTASSY","FPWYKQEAGKGLHFVID","IRSNVDR","KQSQRLIVLLDKKAKRFSLHITATQPEDSAIYF","GAGTQLIVIP","DPKIIQKPKYLVAVTGSEKILICEQY","LGHNA","MYWYRQSAKKPLEFMFS","YSYQKL","MDNQTASSRFQPQSSKKNHLDLQITALKPDDSATYF","GPGTRLTVL","G3_88_AAGCAATCACCATAAC-1;G3_88_AAGCGCCGTCATATTC-1;G3_88_AGTTGAAAGCGCATAC-1;G3_88_ATGTGAGCAAGGCGCA-1;G3_88_ATTATGGGTCATAGCG-1;G3_88_CAGGACGCAGTATACC-1;G3_88_CCGCCAAAGCGATGGA-1;G3_88_CTACAGGGTAATGGGA-1;G3_88_CTATCCAGTAACGAGA-1;G3_88_GCTCGGTCAAGGTTCT-1;G3_88_GGACGCTGTGTTAGCG-1;G3_88_GGGACATCAATCGGGG-1;G3_88_GTTGAGACAGTGATTC-1;G3_88_GTTGGGGCACTAGAAG-1",14,"C_中优先（低度扩增）","Ready","Single"
"G3_68","CAVSMPSGSWQLIF_CAWSLTGAVSNERLFF","TRAV7-3","TRBV31","CAVSMPSGSWQLIF","CAWSLTGAVSNERLFF","TRAJ22","TRBJ1-4",13,"QQNVQQSPESLIVPEGARTSLNCTFS","DSASQY","FWWYRQHSGKAPKALMS","IFSNGE","KEEGRFTIHLNKASLHFSLHIRDSQPSDSALYL","GSGTQLTVMP","AQTIHQWPVAEIKAVGSPLSLGCTIK","GKSSPN","LYWYWQATGGTLQQLFY","SITVG","QVESVVQLNLSASRPKDDQFILSTEKLLLSHSGFYL","GHGTKLSVL","G3_68_AAATTTCCAAATCCGT-1;G3_68_ACACACATCAGTTAGT-1;G3_68_AGAAGCCCAGTACAAG-1;G3_68_AGCATGGAGAGCATTT-1;G3_68_CAACAGACAACCTTAA-1;G3_68_CAGTTTACAAAACCGA-1;G3_68_CCTGATCGTGTGTGAT-1;G3_68_CTCCAGCTCGCGGATT-1;G3_68_GCCTCTATCCATAAGT-1;G3_68_GGGCTTTAGCTATAAC-1;G3_68_GTCGGAAAGAACAGAC-1;G3_68_GTCGGCGGTAAGCCAT-1;G3_68_GTGGTAACAACGAAGC-1",13,"C_中优先（低度扩增）","Ready","Single"
"G3_68","CAVSEKTGNYKYVF_CASSSGTGGYTEVFF","TRAV3-4","TRBV10","CAVSEKTGNYKYVF","CASSSGTGGYTEVFF","TRAJ40","TRBJ1-1",12,"GEQVEQRPPHLSVPEGDSAVIICTYT","DSATAY","FYWYKQEPGAGLQLLMS","VFSNVDR","KEEQGLTVLLNKKDKQLSLNLTAAHPGDSAVYF","GAGTRLKVIA","ETAVFQTPNYHVTQVGNEVSFNCKQT","LGHDT","MYWYKQDSKKLLKIMFS","YNNKQL","IVNETVPRRFSPQSSDKAHLNLRIKSVEPEDSAVYL","GKGTRLTVV","G3_68_AACCATGTCAACGCTA-1;G3_68_ACTTGCTTCGTGCTCC-1;G3_68_ATACTAGGTCTGTGGA-1;G3_68_ATCAGGCTCCAAGCTA-1;G3_68_CACCTATTCCTAATGG-1;G3_68_CAGCCATAGATACCAT-1;G3_68_CAGTCATCACCTCTAC-1;G3_68_CATTAGTAGACATGCC-1;G3_68_CCCTAGACACTCCACT-1;G3_68_CGAAGTCTCACAGGTC-1;G3_68_CTGTTATGTCTGCATC-1;G3_68_CTTCTAGGTGCAATGT-1",12,"C_中优先（低度扩增）","Ready","Single"
"G3_80","CALSDLTGSGGKLTL_CASVGGVRAEQFF","TRAV12-3","TRBV13-2","CALSDLTGSGGKLTL","CASVGGVRAEQFF","TRAJ44","TRBJ2-1",12,"GDSVTQTEGLVTLTEGLPVMLNCTYQ","TIYSNPF","LFWYVHYLNESPRLLLK","SSTDNKR","TEHQGFHATLHKSSSSFHLQKSSAQLSDSALYY","GTGTRLQVNL","EAAVTQSPRNKVAVTGGKVTLSCNQT","NNHNN","MYWYRQDTGHGLRLIHY","SYGAGS","TEKGDIPDGYKASRPSQENFSLILELATPSQTSVYF","GPGTRLTVL","G3_80_AGAATTGAGGTCCAGT-1;G3_80_AGCAGTTGTATTCAGA-1;G3_80_ATATTGCAGAGTTAAG-1;G3_80_CAATATCAGAGGTGAT-1;G3_80_CACTCGACAATGGCGG-1;G3_80_CACTTAGAGCACCCAG-1;G3_80_CAGCATGGTAAGCATC-1;G3_80_CCCTTAGTCATAATCA-1;G3_80_CCTAGTTTCATTGGGC-1;G3_80_CTACAAGTCCCTTAGT-1;G3_80_GGCCTTACACAGTTCG-1;G3_80_GTCCTTAGTCCGTCCA-1",12,"C_中优先（低度扩增）","Ready","Single"
"G3_80","CAVSADSGTYQRF_CASSLRTGGYAEQFF","TRAV3-3","TRBV29","CAVSADSGTYQRF","CASSLRTGGYAEQFF","TRAJ13","TRBJ2-1",12,"GEQVEQRPPHLSVREGDSAFITCTYT","DPNSYY","FFWYKQEPGASLQLLMK","VFSSTEI","NEGQGFTVLLNKKDKRLSLNLTAAHPGDSAAYF","GTGTKLQVVP","DMKVTQMPRYLIKRMGENVLLECGQD","MSHET","MYWYRQDPGLGLQLIYI","SYDVDS","NSEGDIPKGYRVSRKKREHFSLILDSAKTNQTSVYF","GPGTRLTVL","G3_80_ACTGGATGTAACATTG-1;G3_80_AGCTAATTCGGATTGC-1;G3_80_AGGCGTAAGCATGTTG-1;G3_80_ATATCCCTCATCCCAT-1;G3_80_ATCATTCGTGGAACCC-1;G3_80_CAATTTCGTGTCGCCC-1;G3_80_CATCGAGGTGCATTCC-1;G3_80_CCTTTAATCGTTAAGT-1;G3_80_CTAGGAACAGGTGATA-1;G3_80_CTTCGCATCGCTTAAG-1;G3_80_GCTTTAGAGCTTGTAG-1;G3_80_GTCCTCTCACAGTGCC-1",12,"C_中优先（低度扩增）","Ready","Single"
"G3_68","CALKPGANTGKLTF_CASSRQGTLYF","TRAV12N-2","TRBV10","CALKPGANTGKLTF","CASSRQGTLYF","TRAJ52","TRBJ2-3",11,"GDSVTQTEGLVTLTEGLPVMLNCTYQ","TAYSTF","LFWYVQHLNEAPKLLLK","SSTDNKR","TEHQGFHATLHKSSSSFHLQKSSAQLSDSALYY","GHGTILRVHP","ETAVFQTPNYHVTQVGNEVSFNCKQT","LGHDT","MYWYKQDSKKLLKIMFS","YNNKQL","IVNETVPRRFSPQSSDKAHLNLRIKSVEPEDSAVYL","GSGTRLTVL","G3_68_AAACTTATCACCTTAC-1;G3_68_CACCGCAAGGCGGTAA-1;G3_68_CCTAAAGTCATGGCCG-1;G3_68_CCTTGTAGTATCCCCG-1;G3_68_CTAACGTCAGCTAGCC-1;G3_68_CTAGGTCAGCATCTAG-1;G3_68_GCGCACTCAGTAAACG-1;G3_68_GCGTCTACAAACCTAC-1;G3_68_GCTTGGAGTATACTAG-1;G3_68_GGTTTCGCAACGAACA-1;G3_68_GTATCGATCAACAGCC-1",11,"C_中优先（低度扩增）","Ready","Single"
"G3_68","CAVTFPNTGNYKYVF_CASSFSAEQFF","TRAV7-3","TRBV10","CAVTFPNTGNYKYVF","CASSFSAEQFF","TRAJ40","TRBJ2-1",11,"QQNVQQSPESLIVPEGARTSLNCTFS","DSASQY","FWWYRQHSGKAPKALMS","IFSNGE","KEEGRFTIHLNKASLHFSLHIRDSQPSDSALYL","GAGTRLKVIA","ETAVFQTPNYHVTQVGNEVSFNCKQT","LGHDT","MYWYKQDSKKLLKIMFS","YNNKQL","IVNETVPRRFSPQSSDKAHLNLRIKSVEPEDSAVYL","GPGTRLTVL","G3_68_AATCGGACACTGGGAG-1;G3_68_ACTGGATGTGGTGTGC-1;G3_68_ATAGGGTAGAGAGGAA-1;G3_68_ATTGTCCTCGTGCATA-1;G3_68_CCTACGTGTCACGTTC-1;G3_68_CGCCACAAGGGCATGA-1;G3_68_GCACAGCGTCGCCGTC-1;G3_68_GGTACAGAGCAGCGAA-1;G3_68_GTATTAATCCGTATTC-1;G3_68_GTGGGTAAGATAGGCG-1;G3_68_GTTCGCACAGGATCAA-1",11,"C_中优先（低度扩增）","Ready","Single"
"G3_80","CALASSSFSKLVF_CGARESGGGSAETLYF","TRAV8D-1","TRBV20","CALASSSFSKLVF","CGARESGGGSAETLYF","TRAJ50","TRBJ2-3",11,"SQLAEENPWALSVHEGESVTVNCSYK","TSITA","LQWYRQKSGEGPAQLIL","IRSNERE","KRNGRLRATLDTSSQSSSLSITATRCEDTAVYF","GQGTSLSVVP","GALVYQYPRRTICKSGTSMRMECQAV","GFQATS","VAWYRQSPQKTFELIAL","STVNSAI","KYEQNFTQEKFPISHPNLSFSSMTVLNAYLEDRGLYL","GSGTRLTVL","G3_80_ACCCAACAGACCATGC-1;G3_80_AGGTAACAGCGCATCG-1;G3_80_ATCGCGCCAGTATACC-1;G3_80_ATCTCTTCACCCAAGC-1;G3_80_CTCTCCTTCCGATCAA-1;G3_80_CTGGAATGTAGGCTTG-1;G3_80_GGAGAGGAGGGCCATT-1;G3_80_GGTAACACAAGTACAG-1;G3_80_GGTTCCCTCCGGCAAT-1;G3_80_GTGTGCAGTCTCCTGG-1;G3_80_GTTGGGGCAATAGCAG-1",11,"C_中优先（低度扩增）","Ready","Single"
"G3_80","CAVREGNNRIFF_CASGGTGDSERLFF","TRAV1","TRBV12-2+TRBV13-2","CAVREGNNRIFF","CASGGTGDSERLFF","TRAJ31","TRBJ1-4",11,"GQGVEQPDNLMSVEGTFARVNCTYS","TSGFNG","LSWYQQREGHAPVFLSY","VVLDGL","KDSGHFSTFLSRSNGYSYLLLTELQIKDSASYL","GDGTQLVVKP","EAAVTQSPRNKVAVTGGKVTLSCNQT","NNHNN","MYWYRQDTGHGLRLIHY","SYGAGS","TEKGDIPDGYKASRPSQENFSLILELATPSQTSVYF","GHGTKLSVL","G3_80_ACACCTTTCCGACGCA-1;G3_80_AGCAGCAAGCGCATTA-1;G3_80_ATCCTGCGTCGGCTGG-1;G3_80_ATCTTCGGTAGGATTC-1;G3_80_ATGCTTACAGGCGACA-1;G3_80_CAATTCTGTCGTGCCC-1;G3_80_CGTCTAAAGCATTTCC-1;G3_80_CTGCTCTCAATACGCT-1;G3_80_CTTGTGCGTCCTACGT-1;G3_80_GGTACAACAGTTAATT-1;G3_80_GTATAGAAGGTAGCAG-1",11,"C_中优先（低度扩增）","Ready","Multi_Allele"
"G3_80","CAVSMEGNYKYVF_CASSRTPGVQDTQYF","TRAV9N-2","TRBV5","CAVSMEGNYKYVF","CASSRTPGVQDTQYF","TRAJ40","TRBJ2-5",10,"AQSVTQPDARVTVSEGASLQLRCKYS","SSVTPY","LFWYVQYPRQGLQLLLK","YYSGDPVV","QGVNGFEAEFSKSNSSFHLRKASVHWSDSAVYF","GAGTRLKVIA","NTKITQSPRYLILGRANKSLECEQH","LGHNA","MYWYKQSAEKPPELMFL","YNLKQL","IRNETVPSRFIPECPDSSKLLLHISAVDPEDSAVYF","GPGTRLLVL","G3_80_AAGGCACCAATAGCGA-1;G3_80_AGCAACGAGGTCCATA-1;G3_80_AGTGGCTTCCGCCGTT-1;G3_80_ATACGCATCGTGTAAT-1;G3_80_CATGCAGGTAGTCTGG-1;G3_80_CCAATTACAAGACAAT-1;G3_80_CTAGCATCAAACTAGG-1;G3_80_GGCAAGGGTGTTAATG-1;G3_80_GGTAGCGCACCAGATT-1;G3_80_GTGTAAGCAATCACTA-1",10,"C_中优先（低度扩增）","Ready","Single"
"G3_80","CILRGGDIASSSFSKLVF_CASSSMTGSYEQYF","TRAV21-DV12","TRBV3","CILRGGDIASSSFSKLVF","CASSSMTGSYEQYF","TRAJ50","TRBJ2-7",10,"DAKTTQPDSMESTEGETVHLPCSHA","TISGNEY","IYWYRQVPLQGPEYVTH","GLQQN","TTNSMAFLAIASDRKSSTLILTHVSLRDAAVYH","GQGTSLSVVP","GPKVLQIPSHQIIDMGQMVTLNCDPV","SNHLY","FYWYKQILGQQMEFLVN","FYNGKV","MEKSKLFKDQFSVERPDGSYFTLKIQPTALEDSAVYF","GPGTRLTVL","G3_80_AACACCCAGCGATTCA-1;G3_80_ACTCCGCTCGGACTTA-1;G3_80_ACTGCATCACGTCGGT-1;G3_80_AGGATCACAGTCTAAC-1;G3_80_ATGGCCGTCGTTCGCC-1;G3_80_CAGTCTCGTGTTAGCG-1;G3_80_CCAGAATGTCTAGTGG-1;G3_80_CCAGTAATCCGTGAGT-1;G3_80_CTACAAGTCCGCTACC-1;G3_80_GGGTCATTCATGGTTG-1",10,"C_中优先（低度扩增）","Ready","Single"
"G3_88","CAVSSPSGSWQLIF_CAWSLTGVSAETLYF","TRAV7-3","TRBV31","CAVSSPSGSWQLIF","CAWSLTGVSAETLYF","TRAJ22","TRBJ2-3",10,"QQNVQQSPESLIVPEGARTSLNCTFS","DSASQY","FWWYRQHSGKAPKALMS","IFSNGE","KEEGRFTIHLNKASLHFSLHIRDSQPSDSALYL","GSGTQLTVMP","AQTIHQWPVAEIKAVGSPLSLGCTIK","GKSSPN","LYWYWQATGGTLQQLFY","SITVG","QVESVVQLNLSASRPKDDQFILSTEKLLLSHSGFYL","GSGTRLTVL","G3_88_AACCCTTTCCTGCGTC-1;G3_88_ACACAATTCGGCTGCA-1;G3_88_ACGCCTCTCACTTTCA-1;G3_88_AGGCAGCAGGTTGTGC-1;G3_88_AGTCGATGTGCAGTCA-1;G3_88_ATAAGGGGTACGGTCA-1;G3_88_CAACCTCGTCTGGTAG-1;G3_88_CCCTTTGAGACGGAGC-1;G3_88_CTAGTCTTCGGTATAT-1;G3_88_GCCTGACCACATAGTC-1",10,"C_中优先（低度扩增）","Ready","Single"
"G3_88","CALRKNTGGLSGKLTF_CAWSSSGTNNNQAPLF","TRAV12N-2","TRBV31","CALRKNTGGLSGKLTF","CAWSSSGTNNNQAPLF","TRAJ2","TRBJ1-5",9,"GDSVTQTEGLVTLTKGLPVMLNCTYQ","TTYSPF","LFWYVQHLNEAPKLLLK","SSTDNKR","TEHQGFYATLHKSSSSFHLQKSSVQLSDSALYF","GEGTQVTVIS","AQTIHQWPVAEIKAVGSPLSLGCTIK","GKSSPN","LYWYWQATGGTLQQLFY","SITVG","QVESVVQLNLSASRPKDDQFILSTEKLLLSHSGFYL","GEGTRLSVL","G3_88_ACATGAAAGCCTTAGA-1;G3_88_ATGGGCAAGAGGTGAT-1;G3_88_CAGTATTAGAGACGCA-1;G3_88_CAGTTACCAGCTTATA-1;G3_88_CATAGCTCAGTCCTAG-1;G3_88_CGGTGCTCACTCACGA-1;G3_88_CGTCAACAGATTACAC-1;G3_88_GTATAGGCACATCATA-1;G3_88_GTATGTCCAGGAGTTA-1",9,"D_低优先（轻微扩增）","Ready","Single"
"G3_68","CAAEVVESSSFSKLVF_CASSIGGHTEVFF","TRAV4-3","TRBV19","CAAEVVESSSFSKLVF","CASSIGGHTEVFF","TRAJ50","TRBJ1-1",8,"GDQVKQSPSALSLQEGTNSALRCNFS","IATTT","VQWFLQNPRGSLMNLFY","LVPGT","KENGRLKSTFNSKESYSTLHIRDAQLEDSGTYF","GQGTSLSVVP","GGIITQTPKFLIGQEGQKLTLKCQQN","FNHDT","MYWYRQDSGKGLRLIYY","SITEND","LQKGDLSEGYDASREKKSSFSLTVTSAQKNEMAVFL","GKGTRLTVV","G3_68_AACCGGCGTCCTCTGG-1;G3_68_AGGCAGCAGCGAATTT-1;G3_68_CACTCCGGTAGCGTCA-1;G3_68_CAGGTGCGTGTGTTAA-1;G3_68_CATCAATAGGCGTAGA-1;G3_68_CCGACTACAGTCCACA-1;G3_68_CCTCGAACAGGTTAGA-1;G3_68_GGCGAAATCCTGGCTC-1",8,"D_低优先（轻微扩增）","Ready","Single"
"G3_68","CATRGFTGGADRLTF_CASSAQGYNSPLYF","TRAV8D-1","TRBV13-3","CATRGFTGGADRLTF","CASSAQGYNSPLYF","TRAJ45","TRBJ1-6",8,"SQLAEENPWALSVHEGESVTVNCSYK","TSITA","LQWYRQKSGEGPAQLIL","IRSNERE","KRNGRLRATLDTSSQSSSLSITATRCEDTAVYF","GKGTQLIIQP","EAAVTQSPRSKVAVTGGKVTLSCHQT","NNHDY","MYWYRQDTGHGLRLIHY","SYVADS","TEKGDIPDGYKASRPSQENFSLILELASLSQTAVYF","AAGTRLTVT","G3_68_AAGCCCAGTGGGGCTT-1;G3_68_ACGCCCTTCCGAAACC-1;G3_68_AGAATCAAGGCGCATT-1;G3_68_CAAAGCTGTCATGCAG-1;G3_68_CTACTTTCAACTATAT-1;G3_68_GCAACGTTCGTTCGTT-1;G3_68_GCGTAGCGTCTCATAT-1;G3_68_GTTCAATAGACTACAT-1",8,"D_低优先（轻微扩增）","Ready","Single"
"G3_68","CAVSASSGSWQLIF_CAWSGTGVSSQNTLYF","TRAV7-3","TRBV31","CAVSASSGSWQLIF","CAWSGTGVSSQNTLYF","TRAJ22","TRBJ2-4",8,"QQNVQQSPESLIVPEGARTSLNCTFS","DSASQY","FWWYRQHSGKAPKALMS","IFSNGE","KEEGRFTIHLNKASLHFSLHIRDSQPSDSALYL","GSGTQLTVMP","AQTIHQWPVAEIKAVGSPLSLGCTIK","GKSSPN","LYWYWQATGGTLQQLFY","SITVG","QVESVVQLNLSASRPKDDQFILSTEKLLLSHSGFYL","GAGTRLSVL","G3_68_AACCCAATCGTGTAGC-1;G3_68_AGGGGAACACGCGACT-1;G3_68_AGTATAACAAACTAGG-1;G3_68_ATCCGGAGTCATGTGG-1;G3_68_ATGCAGTGTCTTGTCA-1;G3_68_CAGTCCACACCCTAGA-1;G3_68_CATCGGGTCATTCGTC-1;G3_68_GCGTCTTGTAACTCCC-1",8,"D_低优先（轻微扩增）","Ready","Single"
"G3_88","CAGSALGRLHF_CAWRLGTGGTQNTLYF","TRAV5N-4","TRBV31","CAGSALGRLHF","CAWRLGTGGTQNTLYF","TRAJ18","TRBJ2-4",8,"GEQVEQLPSILRVQEGSSASINCTYE","NSASNY","FPWYKQEPGENPKLIID","IRSNMER","KQTQGLIVLLDKKAKRFSLHITDTQPGDSAMYF","GAGTQLIVIP","AQTIHQWPVAEIKAVGSPLSLGCTIK","GKSSPN","LYWYWQATGGTLQQLFY","SITVG","QVESVVQLNLSASRPKDDQFILSTEKLLLSHSGFYL","GAGTRLSVL","G3_88_AATTACTCAACAACAG-1;G3_88_ACAACGCTCGCAATTG-1;G3_88_ATGTCAGTCACTCACT-1;G3_88_CCGAAACTCGGGTTCG-1;G3_88_CGATTGCAGACTATGT-1;G3_88_CTCAGGTAGGCGAATG-1;G3_88_GTAGAAGGTCATACCC-1;G3_88_GTGTCAGGTGTTCGCT-1",8,"D_低优先（轻微扩增）","Ready","Single"
"G3_68","CAVSLTGGNNKLTF_CASGDLAPLF","TRAV9N-2","TRBV12-2+TRBV13-2","CAVSLTGGNNKLTF","CASGDLAPLF","TRAJ56","TRBJ1-5",7,"AQSVTQPDARVTVSEGASLQLRCKYS","SSVTPY","LFWYVQYPRQGLQLLLK","YYSGDPVV","QGVNGFEAEFSKSNSSFHLRKASVHWSDSAVYF","GQGTVLSVIP","EAAVTQSPRNKVAVTGGKVTLSCNQT","NNHNN","MYWYRQDTGHGLRLIHY","SYGAGS","TEKGDIPDGYKASRPSQENFSLILELATPSQTSVYF","GEGTRLSVL","G3_68_AGGTATAAGGCTGTTA-1;G3_68_ATGGGACCACATAATT-1;G3_68_CCATAAGTCCCACGCT-1;G3_68_CCTTACCCAGCGTCTA-1;G3_68_CGCATAATCCGCATGG-1;G3_68_GTACCCTGTCATTATC-1;G3_68_GTACGCCCACACTCTC-1",7,"D_低优先（轻微扩增）","Ready","Multi_Allele"
"G3_80","CAMREGGSGSFNKLTF_CASTANTEVFF","TRAV16N","TRBV13-3","CAMREGGSGSFNKLTF","CASTANTEVFF","TRAJ4","TRBJ1-1",7,"AQKVTQTQTSISVMEKTTVTMDCVYE","TQDSSYF","LFWYKQTASGEIVFLIR","QDSYKKEN","ATVGHYSLNFQKPKSSIGLIITATQIEDSAVYF","GAGTRLAVCP","EAAVTQSPRSKVAVTGGKVTLSCHQT","NNHDY","MYWYRQDTGHGLRLIHY","SYVADS","TEKGDIPDGYKASRPSQENFSLILELASLSQTAVYF","GKGTRLTVV","G3_80_AAATTTCCAGTCGGAG-1;G3_80_ACCCGTGAGACGAACG-1;G3_80_ATTGGCATCAAGCTAT-1;G3_80_CAAGTATTCCAGCGCA-1;G3_80_CATCAGGGTCTGATAA-1;G3_80_GGGCTCATCCACATCT-1;G3_80_GGTAGTTGTCCTTATG-1",7,"D_低优先（轻微扩增）","Ready","Single"
"G3_88","CALGEGGSAKLIF_CASSPRDRSYAEQFF","TRAV6N-7","TRBV5","CALGEGGSAKLIF","CASSPRDRSYAEQFF","TRAJ57","TRBJ2-1",7,"GDSVTQTEGQVALSEEDFLTIHCNYS","ASGYPA","LFWYVQYPGEGPQFLFR","ASRDKEK","GSSRGFEATYNKETTSFHLQKASVQESDSAVYY","GEGTKLTVSS","NTKITQSPRYLILGRANKSLECEQH","LGHNA","MYWYKQSAEKPPELMFL","YNLKQL","IRNETVPSRFIPECPDSSKLLLHISAVDPEDSAVYF","GPGTRLTVL","G3_88_AATTTCGCACCCATTC-1;G3_88_AGCGAGTCAACGGACG-1;G3_88_ATAGTGAAGCTTAAGT-1;G3_88_CCAACCGAGGTCACGT-1;G3_88_CCTAGCACAAACATTT-1;G3_88_CCTCGTCAGAATGATG-1;G3_88_GTGTTCCGTATCCCCG-1",7,"D_低优先（轻微扩增）","Ready","Single"
"G3_88","CAVSLSSGSWQLIF_CAWSLAGGHTEVFF","TRAV7-3","TRBV31","CAVSLSSGSWQLIF","CAWSLAGGHTEVFF","TRAJ22","TRBJ1-1",7,"QQNVQQSPESLIVPEGARTSLNCTFS","DSASQY","FWWYRQHSGKAPKALMS","IFSNGE","KEEGRFTIHLNKASLHFSLHIRDSQPSDSALYL","GSGTQLTVMP","AQTIHQWPVAEIKAVGSPLSLGCTIK","GKSSPN","LYWYWQATGGTLQQLFY","SITVG","QVESVVQLNLSASRPKDDQFILSTEKLLLSHSGFYL","GKGTRLTVV","G3_88_ACCTTGCGTGGGATGG-1;G3_88_ACTGAAGCACGCGAAG-1;G3_88_CACGGTTAGACTTCAG-1;G3_88_CATGGTTCAAATGACG-1;G3_88_CCAATAGTCGTCGAAC-1;G3_88_CCGCAGTCACACACGC-1;G3_88_GCGTGCATCACTCCGC-1",7,"D_低优先（轻微扩增）","Ready","Single"
"G3_88","CILTGGNNKLTF_CATGLGAYEQYF","TRAV21-DV12","TRBV13-1","CILTGGNNKLTF","CATGLGAYEQYF","TRAJ56","TRBJ2-7",7,"DAKTTQPDSMESTEGETVHLPCSHA","TISGNEY","IYWYRQVPLQGPEYVTH","GLQQN","TTNSMAFLAIASDRKSSTLILTHVSLRDAAVYH","GQGTVLSVIP","EAAVTQSPRNKVTVTGGNVTLSCRQT","NSHNY","MYWYRQDTGHGLRLIHY","SYGAGN","LQIGDVPDGYKATRTTQEDFFLLLELASPSQTSLYF","GPGTRLTVL","G3_88_ACGAAGTAGATTGAGA-1;G3_88_AGGCCGACAAGCGTTT-1;G3_88_ATAGTAGAGGGGACGT-1;G3_88_ATGTGAAAGATGTTCG-1;G3_88_CAATTAGGTAATCGCG-1;G3_88_CGATGATGTATGTGCG-1;G3_88_GCCCAACCAGCCAATT-1",7,"D_低优先（轻微扩增）","Ready","Single"
"G3_68","CAMGMDSNYQLIW_CASSSGTNTEVFF","TRAV13-1","TRBV16","CAMGMDSNYQLIW","CASSSGTNTEVFF","TRAJ33","TRBJ1-1",6,"GQQVQQSPASLVLQEGENAELQCNFS","TSLNS","MQWFYQRPGGSLVSLFY","NPSGT","KQSGRLTSTTVIKERRSSLHISSSQTTDSGTYL","GSGTKLIIKP","NAGVIQTPRHKVTGKGQEATLWCEPI","SGHSA","VFWYRQTIVQGLEFLTY","FRNQAP","IDDSGMPKERFSAQMPNQSHSTLKIQSTQPQDSAVYL","GKGTRLTVV","G3_68_AAGCTGGAGCCTTAGA-1;G3_68_AGGGATTAGATGTAGA-1;G3_68_AGTAAACCACGCGAAG-1;G3_68_CACCCGCGTACAGCAT-1;G3_68_CTAGCTAAGAATTCCG-1;G3_68_GGGGCTACACCTTACC-1",6,"D_低优先（轻微扩增）","Ready","Single"
"G3_68","CAMRGFYGNEKITF_CASGDGGANTGQLYF","TRAV16N","TRBV12-2+TRBV13-2","CAMRGFYGNEKITF","CASGDGGANTGQLYF","TRAJ48","TRBJ2-2",6,"AQKVTQTQTSISVMEKTTVTMDCVYE","TQDSSYF","LFWYKQTASGEIVFLIR","QDSYKKEN","ATVGHYSLNFQKPKSSIGLIITATQIEDSAVYF","GAGTKLTIKP","EAAVTQSPRNKVAVTGGKVTLSCNQT","NNHNN","MYWYRQDTGHGLRLIHY","SYGAGS","TEKGDIPDGYKASRPSQENFSLILELATPSQTSVYF","GEGSKLTVL","G3_68_AAACGGTAGCCGCGTA-1;G3_68_AAGCATGCACGAGTAA-1;G3_68_ATATGCCCAGTAGCCC-1;G3_68_ATGGTAAAGCGACAGA-1;G3_68_CAATCGGGTGTTACCC-1;G3_68_CTAATACAGAGGACAT-1",6,"D_低优先（轻微扩增）","Ready","Multi_Allele"
"G3_68","CAPGRATASLGKLQF_CAWSPGTGGNERLFF","TRAV10D","TRBV31","CAPGRATASLGKLQF","CAWSPGTGGNERLFF","TRAJ24","TRBJ1-4",6,"GEKVEQHESTLSVREGDSAVINCTYT","DTASSY","FPWYKQEAGKGLHFVID","IRSNVDR","KQSQRLIVLLDKKAKRFSLHITATQPEDSAIYF","GTGTQVVVTP","AQTIHQWPVAEIKAVGSPLSLGCTIK","GKSSPN","LYWYWQATGGTLQQLFY","SITVG","QVESVVQLNLSASRPKDDQFILSTEKLLLSHSGFYL","GHGTKLSVL","G3_68_AAATCCAGTGTAGCAT-1;G3_68_AATTACCAGCGCTTGG-1;G3_68_AGACATTTCAGACATT-1;G3_68_CGCCTACTCAAGGGGC-1;G3_68_GCCCAATAGCGGGGAT-1;G3_68_GCGGCTATCGCAACGT-1",6,"D_低优先（轻微扩增）","Ready","Single"
"G3_80","CALEGTGGNNKLTF_CASGDAGEQYF","TRAV17","TRBV12-2+TRBV13-2","CALEGTGGNNKLTF","CASGDAGEQYF","TRAJ56","TRBJ2-7",6,"AQSVDQPDAHVTLYEGASLELRCSYS","YSAAPY","LFWYVQYPGQSLQFLLK","YITGDAVV","KGTKGFEAEFRKSNSSFNLKKSPAHWSDSAKYF","GQGTVLSVIP","EAAVTQSPRNKVAVTGGKVTLSCNQT","NNHNN","MYWYRQDTGHGLRLIHY","SYGAGS","TEKGDIPDGYKASRPSQENFSLILELATPSQTSVYF","GPGTRLTVL","G3_80_AATCTGGTCGTACTTC-1;G3_80_CCGCCAAAGATGAGGT-1;G3_80_CGGCAATTCGCAAGCT-1;G3_80_GGATGGGGTACGAGTT-1;G3_80_GGTAGGCAGATCGTAT-1;G3_80_GTGGTAACAGTCGGAG-1",6,"D_低优先（轻微扩增）","Ready","Multi_Allele"
"G3_80","CALSDQSGSFNKLTF_CASDRSSYEQYF","TRAV12N-2","TRBV12-2+TRBV13-2","CALSDQSGSFNKLTF","CASDRSSYEQYF","TRAJ4","TRBJ2-7",6,"GDSVTQTEGLVTLTKGLPVMLNCTYQ","TTYSPF","LFWYVQHLNEAPKLLLK","SSTDNKR","TEHQGFYATLHKSSSSFHLQKSSVQLSDSALYF","GAGTRLAVCP","EAAVTQSPRNKVAVTGGKVTLSCNQT","NNHNN","MYWYRQDTGHGLRLIHY","SYGAGS","TEKGDIPDGYKASRPSQENFSLILELATPSQTSVYF","GPGTRLTVL","G3_80_ACCACAATCATGGCCG-1;G3_80_ATACGTCCAACGACCC-1;G3_80_CATAGCTCACTCATAA-1;G3_80_CCTAAAGTCACCTCTG-1;G3_80_GCACCATAGCTCGTGG-1;G3_80_GTCTCTGTCAGTCCGG-1",6,"D_低优先（轻微扩增）","Ready","Multi_Allele"
"G3_80","CALSNTGNYKYVF_CASGSGQNQDTQYF","TRAV6D-6","TRBV12-2+TRBV13-2","CALSNTGNYKYVF","CASGSGQNQDTQYF","TRAJ40","TRBJ2-5",6,"GDSVTQTEGQVTVSESKSLIINCTYS","ATSIAYPN","LFWYVRYPGEGLQLLLK","VITAGQK","GSSRGFEATYNKETTSFHLQKASVQESDSAVYY","GAGTRLKVIA","EAAVTQSPRNKVAVTGGKVTLSCNQT","NNHNN","MYWYRQDTGHGLRLIHY","SYGAGS","TEKGDIPDGYKASRPSQENFSLILELATPSQTSVYF","GPGTRLLVL","G3_80_AATTCCACAATTGCTA-1;G3_80_ACCACATCAACATCCG-1;G3_80_CAAACGGAGCGTCAAC-1;G3_80_CCGGATTAGCCGTTAA-1;G3_80_CGTTCGCTCAGTATTA-1;G3_80_GGTTTAGTCAGCTATG-1",6,"D_低优先（轻微扩增）","Ready","Multi_Allele"
"G3_80","CAVRANTGNYKYVF_CTCSATGGASGNTLYF","TRAV9N-2","TRBV1","CAVRANTGNYKYVF","CTCSATGGASGNTLYF","TRAJ40","TRBJ1-3",6,"AQSVTQPDARVTVSEGASLQLRCKYS","SSVTPY","LFWYVQYPRQGLQLLLK","YYSGDPVV","QGVNGFEAEFSKSNSSFHLRKASVHWSDSAVYF","GAGTRLKVIA","VTLLEQNPRWRLVPRGQAVNLRCILK","NSQYPW","MSWYQQDLQKQLQWLFT","LRSPGD","KEVKSLPGADYLATRVTDTELRLQVANMSQGRTLY","GEGSRLIVV","G3_80_AGGTTTAGTCGGATAT-1;G3_80_ATAAGCAAGGTTAGCC-1;G3_80_CCATCTGTCGTCTCTG-1;G3_80_CCGTAGTAGATCGTTG-1;G3_80_GCCCACAAGGGAATCG-1;G3_80_GTAAATGAGCTGTAAT-1",6,"D_低优先（轻微扩增）","Ready","Single"
"G3_88","CALEGPGNTRKLIF_CASRDRGGNTLYF","TRAV17","TRBV13-1","CALEGPGNTRKLIF","CASRDRGGNTLYF","TRAJ37","TRBJ1-3",6,"AQSVDQPDAHVTLYEGASLELRCSYS","YSAAPY","LFWYVQYPGQSLQFLLK","YITGDAVV","KGTKGFEAEFRKSNSSFNLKKSPAHWSDSAKYF","GLGTTLQVQP","EAAVTQSPRNKVTVTGGNVTLSCRQT","NSHNY","MYWYRQDTGHGLRLIHY","SYGAGN","LQIGDVPDGYKATRTTQEDFFLLLELASPSQTSLYF","GEGSRLIVV","G3_88_AGAGGTCCAAGTCGCC-1;G3_88_ATACAACTCATAGGGG-1;G3_88_CCAAAGTGTACTCTAT-1;G3_88_CTATTGGAGGTAGAGT-1;G3_88_GGAAGCATCACTCCCA-1;G3_88_GTTAATATCAGAAGTA-1",6,"D_低优先（轻微扩增）","Ready","Single"
"G3_68","CALVGGTGSNRLTF_CTCSAAGGASQNTLYF","TRAV6D-4","TRBV1","CALVGGTGSNRLTF","CTCSAAGGASQNTLYF","TRAJ28","TRBJ2-4",5,"GDSVTQKQGQVTLSEDDFLFINCTYS","TTTYPT","LFWYVQYPGQGPQLLLK","VTTANNK","GISRGFEATYDKGTTSFHLQKASVQESDSAVYF","GKGTKFSLIP","VTLLEQNPRWRLVPRGQAVNLRCILK","NSQYPW","MSWYQQDLQKQLQWLFT","LRSPGD","KEVKSLPGADYLATRVTDTELRLQVANMSQGRTLY","GAGTRLSVL","G3_68_ACATATGGTCTCTAGC-1;G3_68_AGCGAGTCAATCCTAA-1;G3_68_AGTTGCCAGGCACAAG-1;G3_68_ATATTAGTCCCAATTC-1;G3_68_GTCGACTAGAGCAGAT-1",5,"D_低优先（轻微扩增）","Ready","Single"
"G3_68","CAMERDGSWQLIF_CASSYGQPGNTLYF","TRAV13-1","TRBV10","CAMERDGSWQLIF","CASSYGQPGNTLYF","TRAJ22","TRBJ1-3",5,"GQQVQQSPASLVLQEGENAELQCNFS","TSLNS","MQWFYQRPEGSLVSLFY","NPSGT","KQSGRLTSTTVIKERRSSLHISSSQITDSGTYL","GSGTQLTVMP","ETAVFQTPNYHVTQVGNEVSFNCKQT","LGHDT","MYWYKQDSKKLLKIMFS","YNNKQL","IVNETVPRRFSPQSSDKAHLNLRIKSVEPEDSAVYL","GEGSRLIVV","G3_68_CAACGTATCCTCATTA-1;G3_68_CCGCTAGAGACATAAG-1;G3_68_CCGTCTGGTAGAGTGA-1;G3_68_CCTATGCGTGTCACGA-1;G3_68_CTCGGCAAGCTGACGT-1",5,"D_低优先（轻微扩增）","Ready","Single"
"G3_68","CAMREVTGANTGKLTF_CASTSNSGNTLYF","TRAV16N","TRBV13-1","CAMREVTGANTGKLTF","CASTSNSGNTLYF","TRAJ52","TRBJ1-3",5,"AQKVTQTQTSISVMEKTTVTMDCVYE","TQDSSYF","LFWYKQTASGEIVFLIR","QDSYKKEN","ATVGHYSLNFQKPKSSIGLIITATQIEDSAVYF","GHGTILRVHP","EAAVTQSPRNKVTVTGGNVTLSCRQT","NSHNY","MYWYRQDTGHGLRLIHY","SYGAGN","LQIGDVPDGYKATRTTQEDFFLLLELASPSQTSLYF","GEGSRLIVV","G3_68_ACCCAAATCGTATCAG-1;G3_68_ATAGTCGTCCGAATGC-1;G3_68_CCTCTAGTCCCTAGTT-1;G3_68_GCTACATCACATTAGC-1;G3_68_GTTCGTCGTCTATCCA-1",5,"D_低优先（轻微扩增）","Ready","Single"
"G3_68","CATNNNAPRF_CASSKKTGGTNNERLFF","TRAV8D-1","TRBV19","CATNNNAPRF","CASSKKTGGTNNERLFF","TRAJ43","TRBJ1-4",5,"SQLAEENPWALSVHEGESVTVNCSYK","TSITA","LQWYRQKSGEGPAQLIL","IRSNERE","KRNGRLRATLDTSSQSSSLSITATRCEDTAVYF","GAGTKLTVKP","GGIITQTPKFLIGQEGQKLTLKCQQN","FNHDT","MYWYRQDSGKGLRLIYY","SITEND","LQKGDLSEGYDASREKKSSFSLTVTSAQKNEMAVFL","GHGTKLSVL","G3_68_AAAGGGGCACCCTTAC-1;G3_68_CATCATCTCATACAAC-1;G3_68_CCGCCATTCCAACATG-1;G3_68_CGAATTTAGGCTTTAG-1;G3_68_GGAACGGGTCTGTCTA-1",5,"D_低优先（轻微扩增）","Ready","Single"
"G3_68","CAVSEGTGNYKYVF_CASSYLNNSPLYF","TRAV3-3","TRBV10","CAVSEGTGNYKYVF","CASSYLNNSPLYF","TRAJ40","TRBJ1-6",5,"GEQVEQRPPHLSVREGDSAFITCTYT","DPNSYY","FFWYKQEPGASLQLLMK","VFSSTEI","NEGQGFTVLLNKKDKRLSLNLTAAHPGDSAAYF","GAGTRLKVIA","ETAVFQTPNYHVTQVGNEVSFNCKQT","LGHDT","MYWYKQDSKKLLKIMFS","YNNKQL","IVNETVPRRFSPQSSDKAHLNLRIKSVEPEDSAVYL","AAGTRLTVT","G3_68_ACTCATTGTCTCGATC-1;G3_68_ATATTCCGTAGGCGGA-1;G3_68_CATTACCTCATGGGCT-1;G3_68_CCATTTCAGCCGCTAG-1;G3_68_GGCATAGAGGGAATTA-1",5,"D_低优先（轻微扩增）","Ready","Single"
"G3_68","CAVSEPSGSWQLIF_CAWSLVGVSAETLYF","TRAV3-3","TRBV31","CAVSEPSGSWQLIF","CAWSLVGVSAETLYF","TRAJ22","TRBJ2-3",5,"GEQVEQRPPHLSVREGDSAFITCTYT","DPNSYY","FFWYKQEPGASLQLLMK","VFSSTEI","NEGQGFTVLLNKKDKRLSLNLTAAHPGDSAAYF","GSGTQLTVMP","AQTIHQWPVAEIKAVGSPLSLGCTIK","GKSSPN","LYWYWQATGGTLQQLFY","SITVG","QVESVVQLNLSASRPKDDQFILSTEKLLLSHSGFYL","GSGTRLTVL","G3_68_AACCCGAGTGGAACTT-1;G3_68_AATTGCCCAGCTATCG-1;G3_68_ATCTTGTGTAAAGTGG-1;G3_68_ATGTGTCCAAGTTGAG-1;G3_68_CGCTGCCGTCCGCCTA-1",5,"D_低优先（轻微扩增）","Ready","Single"
"G3_68","CAVSIEGAKLTF_CASSLTGGGYAEQFF","TRAV9N-2","TRBV19","CAVSIEGAKLTF","CASSLTGGGYAEQFF","TRAJ39","TRBJ2-1",5,"AQSVTQPDARVTVSEGASLQLRCKYS","SSVTPY","LFWYVQYPRQGLQLLLK","YYSGDPVV","QGVNGFEAEFSKSNSSFHLRKASVHWSDSAVYF","GGGTRLTVRP","GGIITQTPKFLIGQEGQKLTLKCQQN","FNHDT","MYWYRQDSGKGLRLIYY","SITEND","LQKGDLSEGYDASREKKSSFSLTVTSAQKNEMAVFL","GPGTRLTVL","G3_68_ACACATTAGGGGGTTA-1;G3_68_CATGTCCGTCCAACCT-1;G3_68_CTACTTATCCCCACGT-1;G3_68_GTCCATGCAGTTAGTC-1;G3_68_GTGTAGCTCACTTCTA-1",5,"D_低优先（轻微扩增）","Ready","Single"
"G3_68","CILRDSNYQLIW_CASSQGGSYEQYF","TRAV21-DV12","TRBV5","CILRDSNYQLIW","CASSQGGSYEQYF","TRAJ33","TRBJ2-7",5,"DAKTTQPDSMESTEGETVHLPCSHA","TISGNEY","IYWYRQVPLQGPEYVTH","GLQQN","TTNSMAFLAIASDRKSSTLILTHVSLRDAAVYH","GSGTKLIIKP","NTKITQSPRYLILGRANKSLECEQH","LGHNA","MYWYKQSAEKPPELMFL","YNLKQL","IRNETVPSRFIPECPDSSKLLLHISAVDPEDSAVYF","GPGTRLTVL","G3_68_ACGCGTGTCAGGTAAA-1;G3_68_ATCGCCCTCCTCTAAC-1;G3_68_CACTCTCCAGTCAATC-1;G3_68_CCTAGCACAGCGACGA-1;G3_68_GGCTTGTAGATTGTGT-1",5,"D_低优先（轻微扩增）","Ready","Single"
"G3_80","CAVSASGGNYKPTF_CASDRSSYEQYF","TRAV3-1","TRBV12-2+TRBV13-2","CAVSASGGNYKPTF","CASDRSSYEQYF","TRAJ6","TRBJ2-7",5,"GEQVEQRPPHLSVREGDSAIIICTYT","DSATAY","FSWYKQEAGAGLQLLMS","VLSNVDR","KEEQGLTVLLNKKDKRLSLNLTAAHPGDSAVYF","GKGTSLVVHP","EAAVTQSPRNKVAVTGGKVTLSCNQT","NNHNN","MYWYRQDTGHGLRLIHY","SYGAGS","TEKGDIPDGYKASRPSQENFSLILELATPSQTSVYF","GPGTRLTVL","G3_80_ACAACCTCAACGCCAC-1;G3_80_CATGTCAAGATGAAGC-1;G3_80_CCGCGTAAGCCAACCG-1;G3_80_CGAAGCAAGCGTGGTT-1;G3_80_CGATGGCGTGCCATTC-1",5,"D_低优先（轻微扩增）","Ready","Multi_Allele"
"G3_80","CAVSQYNTNTGKLTF_CASSQDWGTGDTQYF","TRAV7-3","TRBV5","CAVSQYNTNTGKLTF","CASSQDWGTGDTQYF","TRAJ27","TRBJ2-5",5,"QQNVQQSPESLIVPEGARTSLNCTFS","DSASQY","FWWYRQHSGKAPKALMS","IFSNGE","KEEGRFTIHLNKASLHFSLHIRDSQPSDSALYL","GDGTVLTVKP","NTKITQSPRYLILGRANKSLECEQH","LGHNA","MYWYKQSAEKPPELMFL","YNLKQL","IRNETVPSRFIPECPDSSKLLLHISAVDPEDSAVYF","GPGTRLLVL","G3_80_AATATCCAGCATCTTC-1;G3_80_ATCGCGTAGGCAACGA-1;G3_80_CGCGAAGCACAAATCC-1;G3_80_CTTCGAGCACGACACC-1;G3_80_GTCCATTTCATGTAGT-1",5,"D_低优先（轻微扩增）","Ready","Single"
"G3_88","CALRLSNYQLIW_CASGVDWGSAETLYF","TRAV6N-7","TRBV12-2+TRBV13-2","CALRLSNYQLIW","CASGVDWGSAETLYF","TRAJ33","TRBJ2-3",5,"GDSVTQTEGQVALSEEDFLTIHCNYS","ASGYPA","LFWYVQYPGEGPQFLFR","ASRDKEK","GSSRGFEATYNKEATSFHLQKASVQESDSAVYY","GSGTKLIIKP","EAAVTQSPRNKVAVTGGKVTLSCNQT","NNHNN","MYWYRQDTGHGLRLIHY","SYGAGS","TEKGDIPDGYKASRPSQENFSLILELATPSQTSVYF","GSGTRLTVL","G3_88_ACCAACATCGGCATTA-1;G3_88_AGCCCTTGTATATCCT-1;G3_88_ATACCTACACTAAGTC-1;G3_88_CGAAGCAAGCAGCCCA-1;G3_88_GCTGTGGTCCAATCAG-1",5,"D_低优先（轻微扩增）","Ready","Multi_Allele"
"G3_88","CALRLTGNTRKLIF_CGAGTGAYAEQFF","TRAV12-3","TRBV20","CALRLTGNTRKLIF","CGAGTGAYAEQFF","TRAJ37","TRBJ2-1",5,"GDSVTQTEGLVTLTEGLPVMLNCTYQ","TIYSNAF","LFWYVHYLNESPWLLLR","SSTDNKR","TEHQGFHATLHKSSSSFHLQKSSAQLSDSALYY","GLGTTLQVQP","GALVYQYPRRTICKSGTSMRMECQAV","GFQATS","VAWYRQSPQKTFELIAL","STVNSAI","KYEQNFTQEKFPISHPNLSFSSMTVLNAYLEDRGLYL","GPGTRLTVL","G3_88_AGCGAATAGAATTACC-1;G3_88_CCTTCTACAATTCGTA-1;G3_88_GCCTTGCTCGTGGCAT-1;G3_88_GCTATAGTCAACGTTG-1;G3_88_GTGCCATAGGCTTACA-1",5,"D_低优先（轻微扩增）","Ready","Single"
"G3_88","CALSNVGDNSKLIW_CSSRDPNSDYTF","TRAV6-5","TRBV30","CALSNVGDNSKLIW","CSSRDPNSDYTF","TRAJ38","TRBJ1-2",5,"GDSVTQTEGPVTLSEGTSLTVNCSYE","TKQYPT","LFWYVQYPGEGPQLLFK","VPKANEK","GSSRGFEATYNKEATSFHLQKASVQESDSAVYY","GLGTSLVVNP","SVLLYQKPNRDICQSGTSLKIQCVAD","SQVVS","MFWYQQFQEQSLMLMAT","ANEGSEA","TYESGFTKDKFPISRPNLTFSTLTVNNARPGDSSIYF","GSGTRLLVI","G3_88_ACAGTTTAGCAACAGG-1;G3_88_AGTCCAGGTACCACGA-1;G3_88_CGTATCTTCACGCCCT-1;G3_88_GGGGAATGTCCGTTGT-1;G3_88_GTAGCGCGTGGATAAG-1",5,"D_低优先（轻微扩增）","Ready","Single"
"G3_88","CAMREAGGYKVVF_CASRAGNTEVFF","TRAV16N","TRBV13-3","CAMREAGGYKVVF","CASRAGNTEVFF","TRAJ12","TRBJ1-1",5,"AQKVTQTQTSISVMEKTTVTMDCVYE","TQDSSYF","LFWYKQTASGEIVFLIR","QDSYKKEN","ATVGHYSLNFQKPKSSIGLIITATQIEDSAVYF","GSGTRLLVSP","EAAVTQSPRSKVAVTGGKVTLSCHQT","NNHDY","MYWYRQDTGHGLRLIHY","SYVADS","TEKGDIPDGYKASRPSQENFSLILELASLSQTAVYF","GKGTRLTVV","G3_88_AATCTAGGTAGTCCAG-1;G3_88_AGCGTACTCCATGCCC-1;G3_88_CACTTAACAACCCTCT-1;G3_88_CTTCATATCCTCGCAC-1;G3_88_GCAATTGTCACCTTAC-1",5,"D_低优先（轻微扩增）","Ready","Single"
"G3_88","CAVSANSGTYQRF_CASSIKTGGYAEQFF","TRAV3-3","TRBV19","CAVSANSGTYQRF","CASSIKTGGYAEQFF","TRAJ13","TRBJ2-1",5,"GEQVEQRPPHLSVREGDSAVITCTYT","DPNSYY","FFWYKQEPGASLQLLMK","VFSSTEI","NEGQGFTVLLNKKDKRLSLNLTAAHPGDSAAYF","GTGTKLQVVP","GGIITQTPKFLIGQEGQKLTLKCQQN","FNHDT","MYWYRQDSGKGLRLIYY","SITEND","LQKGDLSEGYDASREKKSSFSLTVTSAQKNEMAVFL","GPGTRLTVL","G3_88_ACCTATTGTGGTATGT-1;G3_88_ATTACCACAAATATAG-1;G3_88_GCTATCTTCGCGTCAG-1;G3_88_GGGTTCAGTAGGAGGT-1;G3_88_GTGCGTCCACGGGTCT-1",5,"D_低优先（轻微扩增）","Ready","Single"
"G3_88","CAVSEPGGSAKLIF_CASSQERGPNERLFF","TRAV3-4","TRBV2","CAVSEPGGSAKLIF","CASSQERGPNERLFF","TRAJ57","TRBJ1-4",5,"GEQVEQRPPHLSVPEGDSAVIICTYT","DSATAY","FYWYKQEPGAGLQLLMS","VFSNVDR","KEEQGLTVLLNKKDKQLSLNLTAAHPGDSAVYF","GEGTKLTVSS","DPKIIQKPKYLVAVTGSEKILICEQY","LGHNA","MYWYRQSAKKPLEFMFS","YSYQKL","MDNQTASSRFQPQSSKKNHLDLQITALKPDDSATYF","GHGTKLSVL","G3_88_AACCACTCAACTCATA-1;G3_88_ACTCCGACACCATGCA-1;G3_88_CATACAAGTCTTAGCC-1;G3_88_GGAAACGTCAGTTGTG-1;G3_88_GGCTCATAGATTCGTG-1",5,"D_低优先（轻微扩增）","Ready","Single"
"G3_88","CAVSMSSGSWQLIF_CAWSLTGTNERLFF","TRAV7-3","TRBV31","CAVSMSSGSWQLIF","CAWSLTGTNERLFF","TRAJ22","TRBJ1-4",5,"QQNVQQSPESLIVPEGARTSLNCTFS","DSASQY","FWWYRQHSGKAPKALMS","IFSNGE","KEEGRFTIHLNKASLHFSLHIRDSQPSDSALYL","GSGTQLTVMP","AQTIHQWPVAEIKAVGSPLSLGCTIK","GKSSPN","LYWYWQATGGTLQQLFY","SITVG","QVESVVQLNLSASRPKDDQFILSTEKLLLSHSGFYL","GHGTKLSVL","G3_88_AAACCAAAGGTGCTAC-1;G3_88_AATATCATCAGTCCGG-1;G3_88_ACCTTATGTCTGTTGC-1;G3_88_ATCCGGAGTCGAGCGT-1;G3_88_GCTACCGAGAGCGTGA-1",5,"D_低优先（轻微扩增）","Ready","Single"
"G3_68","CALGDEGSGGSNAKLTF_CASSQDGAEQFF","TRAV6N-7","TRBV5","CALGDEGSGGSNAKLTF","CASSQDGAEQFF","TRAJ42","TRBJ2-1",4,"GDSVTQTEGQVALSEEDFLTIHCNYS","ASGYPA","LFWYVQYPGEGPQFLFR","ASRDKEK","GSSRGFEATYNKETTSFHLQKASVQESDSAVYY","GKGTKLSVKS","NTKITQSPRYLILGRANKSLECEQH","LGHNA","MYWYKQSAEKPPELMFL","YNLKQL","IRNETVPSRFIPECPDSSKLLLHISAVDPEDSAVYF","GPGTRLTVL","G3_68_CAATGGGAGGTAAGCG-1;G3_68_CGGTCCTTCACGTGGT-1;G3_68_CTCATAACACTTAAAT-1;G3_68_GCATCCACACATTCGG-1",4,"E_备选（极小扩增）","Ready","Single"
"G3_68","CAMGSAGNKLTF_CGAGRGNTEVFF","TRAV13-1","TRBV20","CAMGSAGNKLTF","CGAGRGNTEVFF","TRAJ17","TRBJ1-1",4,"GQQVQQSPASLVLQEGENAELQCNFS","TSLNS","MQWFYQRPEGSLVSLFY","NPSGT","KQSGRLTSTTVIKERRSSLHISSSQITDSGTYL","GIGTRVLVRP","GALVYQYPRRTICKSGTSMRMECQAV","GFQATS","VAWYRQSPQKTFELIAL","STVNSAI","KYEQNFTQEKFPISHPNLSFSSMTVLNAYLEDRGLYL","GKGTRLTVV","G3_68_AGCATAGCACTCCATC-1;G3_68_ATCTGTTGTAGCATCG-1;G3_68_CATGGGTTCCAGCCTC-1;G3_68_GGTACGAAGGGTTAGG-1",4,"E_备选（极小扩增）","Ready","Single"
"G3_68","CATDAGTGYQNFYF_CASSFSAEQFF","TRAV8D-1","TRBV10","CATDAGTGYQNFYF","CASSFSAEQFF","TRAJ49","TRBJ2-1",4,"SQLAEENPWALSVHEGESVTVNCSYK","TSITA","LQWYRQKSGEGPAQLIL","IRSNERE","KRNGRLRATLDTSSQSSSLSITATRCEDTAVYF","GKGTSLTVIP","ETAVFQTPNYHVTQVGNEVSFNCKQT","LGHDT","MYWYKQDSKKLLKIMFS","YNNKQL","IVNETVPRRFSPQSSDKAHLNLRIKSVEPEDSAVYL","GPGTRLTVL","G3_68_ATGCTCAAGGGTGAAT-1;G3_68_CACTCTGTCACTAACG-1;G3_68_CTGCATTTCACATTAA-1;G3_68_GCATCACAGGGAGCGT-1",4,"E_备选（极小扩增）","Ready","Single"
"G3_68","CAVENTGYQNFYF_CASSPDSPSAETLYF","TRAV3-4","TRBV10","CAVENTGYQNFYF","CASSPDSPSAETLYF","TRAJ49","TRBJ2-3",4,"GEQVEQRPPHLSVPEGDSAVIICTYT","DSATAY","FYWYKQEPGAGLQLLMS","VFSNVDR","KEEQGLTVLLNKKDKQLSLNLTAAHPGDSAVYF","GKGTSLTVIP","ETAVFQTPNYHVTQVGNEVSFNCKQT","LGHDT","MYWYKQDSKKLLKIMFS","YNNKQL","IVNETVPRRFSPQSSDKAHLNLRIKSVEPEDSAVYL","GSGTRLTVL","G3_68_ATCGGTCAGGTCCAGT-1;G3_68_CGGTCCAAGATCGCGT-1;G3_68_CGTTAAAGTACTCCCG-1;G3_68_GCAACGAAGAAACCGG-1",4,"E_备选（极小扩增）","Ready","Single"
"G3_80","CADYGNEKITF_CASSGRGEEQYF","TRAV4-3","TRBV17","CADYGNEKITF","CASSGRGEEQYF","TRAJ48","TRBJ2-7",4,"GDQVKQSPSALSLQEGTNSALRCNFS","IATTT","VQWFLQNPRGSLMNLFY","LVPGT","KENGRLKSTFNSKESYSTLHIRDAQLEDSGTYF","GAGTKLTIKP","DTTVKQNPRYKLARVGKPVNLICSQT","MNHDT","MYWYQKKPNQAPKLLLF","YYDKIL","NREADTFEKFQSSRPNNSFCSLYIGSAGLEYSAMYL","GPGTRLTVL","G3_80_ACGCGCGGTGTCTATT-1;G3_80_CAATCGGGTCTGTTAT-1;G3_80_CTCTAATGTCACGTTC-1;G3_80_GGAACGGGTCCGGCCT-1",4,"E_备选（极小扩增）","Ready","Single"
"G3_80","CILRGGNNYAQGLTF_CASMYRVSGNTLYF","TRAV21-DV12","TRBV13-3","CILRGGNNYAQGLTF","CASMYRVSGNTLYF","TRAJ26","TRBJ1-3",4,"DAKTTQPDSMESTEGETVHLPCSHA","TISGNEY","IYWYRQVPLQGPEYVTH","GLQQN","TTNSMAFLAIASDRKSSTLILTHVSLRDAAVYH","GLGTRVSVFP","EAAVTQSPRSKVAVTGGKVTLSCHQT","NNHDY","MYWYRQDTGHGLRLIHY","SYVADS","TEKGDIPDGYKASRPSQENFSLILELASLSQTAVYF","GEGSRLIVV","G3_80_AATTCAGGTCACCGTT-1;G3_80_AGTGCAGAGATGGGCA-1;G3_80_CGGTAACTCAATGGTT-1;G3_80_CTACTTCAGAGCGGTA-1",4,"E_备选（极小扩增）","Ready","Single"
"G3_88","CAARASSSFSKLVF_CASSLASNQDTQYF","TRAV4-3","TRBV3","CAARASSSFSKLVF","CASSLASNQDTQYF","TRAJ50","TRBJ2-5",4,"GDQVKQSPSALSLQEGTNSALRCNFS","IATTT","VQWFLQNPRGSLMNLFY","LVPGT","KENGRLKSTFNSKESYSTLHIRDAQLEDSGTYF","GQGTSLSVVP","GPKVLQIPSHQIIDMGQMVTLNCDPV","SNHLY","FYWYKQILGQQMEFLVN","FYNGKV","MEKSKLFKDQFSVERPDGSYFTLKIQPTALEDSAVYF","GPGTRLLVL","G3_88_AATTTGGGTAGCGGAG-1;G3_88_CAAATTCAGCCTGGCA-1;G3_88_CACTACAAGCAACATT-1;G3_88_CTAGCGTAGCTCATGA-1",4,"E_备选（极小扩增）","Ready","Single"
"G3_88","CAVAQGGRALIF_CASSLRDGGYAEQFF","TRAV3-3","TRBV19","CAVAQGGRALIF","CASSLRDGGYAEQFF","TRAJ15","TRBJ2-1",4,"GEQVEQRPPHLSVREGDSAVITCTYT","DPNSYY","FFWYKQEPGASLQLLMK","VFSSTEI","NEGQGFTVLLNKKDKRLSLNLTAAHPGDSAAYF","GTGTTVSVSP","GGIITQTPKFLIGQEGQKLTLKCQQN","FNHDT","MYWYRQDSGKGLRLIYY","SITEND","LQKGDLSEGYDASREKKSSFSLTVTSAQKNEMAVFL","GPGTRLTVL","G3_88_ACCCTTAGTCCTTGTA-1;G3_88_CATTCGAAGGCACAAG-1;G3_88_GCACAAGAGAAATCAG-1;G3_88_GCCTCGAAGCCACATA-1",4,"E_备选（极小扩增）","Ready","Single"
"G3_88","CAVSLKANTGANTGKLTF_CASSDFRGSGNTLYF","TRAV9-4","TRBV13-1","CAVSLKANTGANTGKLTF","CASSDFRGSGNTLYF","TRAJ52","TRBJ1-3",4,"AQSVTQPDARVTVSEGASLQLRCKYS","YSATPY","LFWYVQYPRQGLQLLLK","YYSGDPVV","QGVNGFEAEFSKSNSSFHLRKASVHWSDSAVYF","GHGTILRVHP","EAAVTQSPRNKVTVTGGNVTLSCRQT","NSHNY","MYWYRQDTGHGLRLIHY","SYGAGN","LQIGDVPDGYKATRTTQEDFFLLLELASPSQTSLYF","GEGSRLIVV","G3_88_AAATTGCTCGTAACTG-1;G3_88_AAGTACAAGCCGTCGA-1;G3_88_CATCTTGGTGGATATC-1;G3_88_GTTCGTCGTAGGGGCA-1",4,"E_备选（极小扩增）","Ready","Single"
"G3_88","CAVTGANTGKLTF_CASSDNWGYEQYF","TRAV7N-5","TRBV13-3","CAVTGANTGKLTF","CASSDNWGYEQYF","TRAJ52","TRBJ2-7",4,"QQKVQQSPESLTVSEGAMASLNCTFS","DGTSDN","FRWYRQHSGKGLEMLVS","IFSDGE","KEEGRFTAHLNRASLHVSLHIREPQPSDSAVYL","GHGTILRVHP","EAAVTQSPRSKVAVTGGKVTLSCHQT","NNHDY","MYWYRQDTGHGLRLIHY","SYVADS","TEKGDIPDGYKASRPSQENFSLILELASLSQTAVYF","GPGTRLTVL","G3_88_CCTAGATCAAGCATTC-1;G3_88_GCTCCGTTCAGTCAAT-1;G3_88_GGTAATCGTGGTATGT-1;G3_88_GTCCTAAAGCCTATGA-1",4,"E_备选（极小扩增）","Ready","Single"
"G3_88","CILKTGNYKYVF_CASSDGSYEQYF","TRAV21-DV12","TRBV13-1","CILKTGNYKYVF","CASSDGSYEQYF","TRAJ40","TRBJ2-7",4,"DAKTTQPDSMESTEGETVHLPCSHA","TISGNEY","IYWYRQVPLQGPEYVTH","GLQQN","TTNSMAFLAIASDRKSSTLILTHVSLRDAAVYH","GAGTRLKVIA","EAAVTQSPRNKVTVTGGNVTLSCRQT","NSHNY","MYWYRQDTGHGLRLIHY","SYGAGN","LQIGDVPDGYKATRTTQEDFFLLLELASPSQTSLYF","GPGTRLTVL","G3_88_AGAGTGAGTCGCTGGG-1;G3_88_ATATTCGCAGTAAACG-1;G3_88_ATTGGGCTCGTCCGCT-1;G3_88_CCACCAACACCAAGCC-1",4,"E_备选（极小扩增）","Ready","Single"
"G3_68","CAADNYAQGLTF_CTCSAARTLSNERLFF","TRAV14N-1","TRBV1","CAADNYAQGLTF","CTCSAARTLSNERLFF","TRAJ26","TRBJ1-4",3,"QQQVRQSPQSLTVWEGETAILNCSYE","DSTFNY","FPWYQQFPGEGPALLIS","ISSVSDK","KEDGRFTIFFNKREKKLSLHITDSQPGDSATYF","GLGTRVSVFP","VTLLEQNPRWRLVPRGQAVNLRCILK","NSQYPW","MSWYQQDLQKQLQWLFT","LRSPGD","KEVKSLPGADYLATRVTDTELRLQVANMSQGRTLY","GHGTKLSVL","G3_68_CATTAAGGTATCTGGG-1;G3_68_CATTCTGGTCCCTGTG-1;G3_68_CCGCCGTGTATCTGGG-1",3,"E_备选（极小扩增）","Ready","Single"
"G3_68","CAADTNAYKVIF_CASGDGGLGGKEQYF","TRAV7D-2","TRBV12-2+TRBV13-2","CAADTNAYKVIF","CASGDGGLGGKEQYF","TRAJ30","TRBJ2-7",3,"QQKVQQSPESLIVPEGGMASLNCTSS","DRNVDY","FWWYRQHSGKSPKMLMS","IFSNGE","KEEGRFTVHLNKASLHTSLHIRDSQPSDSALYL","GKGTHLHVLP","EAAVTQSPRNKVAVTGGKVTLSCNQT","NNHNN","MYWYRQDTGHGLRLIHY","SYGAGS","TEKGDIPDGYKASRPSQENFSLILELATPSQTSVYF","GPGTRLTVL","G3_68_ACAATGGCAGCGGGTA-1;G3_68_CAATCCGCAGGATAGC-1;G3_68_GCTTATGAGATGTATC-1",3,"E_备选（极小扩增）","Ready","Multi_Allele"
"G3_68","CAASDLNNYAQGLTF_CASGDAGGSAETLYF","TRAV7D-4","TRBV13-2","CAASDLNNYAQGLTF","CASGDAGGSAETLYF","TRAJ26","TRBJ2-3",3,"QQKVQQSPESLSVPEGGMASLNCTSS","DRNFQY","FWWYRQHSGEGPKALMS","IFSDGD","KKEGRFTAHLNKASLHVSLHIRDSQPSDSALYF","GLGTRVSVFP","EAAVTQSPRNKVAVTGGKVTLSCNQT","NNHNN","MYWYRQDTGHGLRLIHY","SYGAGS","TEKGDIPDGYKASRPSQENFSLILELATPSQTSVYF","GSGTRLTVL","G3_68_ACTAAACTCGCCAATA-1;G3_68_AGGCCGACAGTTGGGG-1;G3_68_GGACGCACAATTGACC-1",3,"E_备选（极小扩增）","Ready","Single"
"G3_68","CAASGGATGGNNKLTF_CASGQNTEVFF","TRAV10D","TRBV12-2+TRBV13-2","CAASGGATGGNNKLTF","CASGQNTEVFF","TRAJ56","TRBJ1-1",3,"GEKVEQHESTLSVREGDSAVINCTYT","DTASSY","FPWYKQEAGKGLHFVID","IRSNVDR","KQSQRLIVLLDKKAKRFSLHITATQPEDSAIYF","GQGTVLSVIP","EAAVTQSPRNKVAVTGGKVTLSCNQT","NNHNN","MYWYRQDTGHGLRLIHY","SYGAGS","TEKGDIPDGYKASRPSQENFSLILELATPSQTSVYF","GKGTRLTVV","G3_68_CTCCTACCACCGACTA-1;G3_68_GCGTGTCCACCCAGTA-1;G3_68_GTGTGGGCAACATGGA-1",3,"E_备选（极小扩增）","Ready","Multi_Allele"
"G3_68","CAASKVDYANKMIF_CASGDAWGAAETLYF","TRAV9-1","TRBV12-2+TRBV13-2","CAASKVDYANKMIF","CASGDAWGAAETLYF","TRAJ47","TRBJ2-3",3,"TQTVSQSDAHVTVFEGDSVELRCNYS","YGGSIY","LSWYIQHHGRGLQFLLK","YYSGNPVV","QGVNGFEAEFSKSDSSFHLRKASVHWSDSAVYF","GLGTILRVRP","EAAVTQSPRNKVAVTGGKVTLSCNQT","NNHNN","MYWYRQDTGHGLRLIHY","SYGAGS","TEKGDIPDGYKASRPSQENFSLILELATPSQTSVYF","GSGTRLTVL","G3_68_CACTACTTCACCCTGC-1;G3_68_CAGCGGTGTCGCTTTA-1;G3_68_CATCACAAGCCGTTAA-1",3,"E_备选（极小扩增）","Ready","Multi_Allele"
"G3_68","CALSDENYGNEKITF_CASSIGGHTEVFF","TRAV12-3","TRBV19","CALSDENYGNEKITF","CASSIGGHTEVFF","TRAJ48","TRBJ1-1",3,"GDSVTQTEGLVTLTEGLPVMLNCTYQ","TIYSNPF","LFWYVHYLNESPRLLLK","SSTDNKR","TEHQGFHATLHKSSSSFHLQKSSAQLSDSALYY","GAGTKLTIKP","GGIITQTPKFLIGQEGQKLTLKCQQN","FNHDT","MYWYRQDSGKGLRLIYY","SITEND","LQKGDLSEGYDASREKKSSFSLTVTSAQKNEMAVFL","GKGTRLTVV","G3_68_ACAAGAGGTGTCACGA-1;G3_68_GCATCAGGTAGAGTGA-1;G3_68_GTATTCTGTAGAGAAT-1",3,"E_备选（极小扩增）","Ready","Single"
"G3_68","CALVASSGSWQLIF_CTCSASRDWGLYEQYF","TRAV6-4","TRBV1","CALVASSGSWQLIF","CTCSASRDWGLYEQYF","TRAJ22","TRBJ2-7",3,"GDSVTQKQGQVTLSEDDFLFINCTYS","TTTYPT","LLWYVQYPGQGPQLLLK","VTTANNK","GISRGFEATYDKGTTSFHLQKASVQESDSAVYF","GSGTQLTVMP","VTLLEQNPRWRLVPRGQAVNLRCILK","NSQYPW","MSWYQQDLQKQLQWLFT","LRSPGD","KEVKSLPGADYLATRVTDTELRLQVANMSQGRTLY","GPGTRLTVL","G3_68_ACGCGTGTCAGGGCAA-1;G3_68_CATCGAGGTCCAGAAT-1;G3_68_GGCATTGGTGTGTCTC-1",3,"E_备选（极小扩增）","Ready","Single"
"G3_68","CAMREGPTGSGGKLTL_CASSPLGRGTNTEVFF","TRAV16N","TRBV5","CAMREGPTGSGGKLTL","CASSPLGRGTNTEVFF","TRAJ44","TRBJ1-1",3,"AQKVTQTQTSISVMEKTTVTMDCVYE","TQDSSYF","LFWYKQTASGEIVFLIR","QDSYKKEN","ATVGHYSLNFQKPKSSIGLIITATQIEDSAVYF","GTGTRLQVNL","NTKITQSPRYLILGRANKSLECEQH","LGHNA","MYWYKQSAEKPPELMFL","YNLKQL","IRNETVPSRFIPECPDSSKLLLHISAVDPEDSAVYF","GKGTRLTVV","G3_68_ACGAACACACTCATAA-1;G3_68_CCATTCGTCGGAAAGT-1;G3_68_CCGTAAGGTAATTTGG-1",3,"E_备选（极小扩增）","Ready","Single"
"G3_68","CAPGRATASLGKLQF_CASSLRAGGYAEQFF","TRAV10D","TRBV29","CAPGRATASLGKLQF","CASSLRAGGYAEQFF","TRAJ24","TRBJ2-1",3,"GEKVEQHESTLSVREGDSAVINCTYT","DTASSY","FPWYKQEAGKGLHFVID","IRSNVDR","KQSQRLIVLLDKKAKRFSLHITATQPEDSAIYF","GTGTQVVVTP","DMKVTQMPRYLIKRMGENVLLECGQD","MSHET","MYWYRQDPGLGLQLIYI","SYDVDS","NSEGDIPKGYRVSRKKREHFSLILDSAKTNQTSVYF","GPGTRLTVL","G3_68_AAATTTCCAGTTGAAG-1;G3_68_ACTGTTGAGCGTCTAA-1;G3_68_CATCATACACAAATGG-1",3,"E_备选（极小扩增）","Ready","Single"
"G3_68","CASGFASALTF_CASSQDIISNERLFF","TRAV8D-1","TRBV5","CASGFASALTF","CASSQDIISNERLFF","TRAJ35","TRBJ1-4",3,"SQLAEENLWALSVHEGESVTVNCSYK","TSITA","LQWYRQKSGEGPAQLIL","IRSNERE","KRNGRLRATLDTSSQSSSLSITATRCEDTAVYF","GSGTKVIVLPY","NTKITQSPRYLILGRANKSLECEQH","LGHNA","MYWYKQSAEKPPELMFL","YNLKQL","IRNETVPSRFIPECPDSSKLLLHISAVDPEDSAVYF","GHGTKLSVL","G3_68_AAGGGACGTCTTAGGG-1;G3_68_GGACGGAGTATGGAGA-1;G3_68_GGGTGCTGTGCTACCT-1",3,"E_备选（极小扩增）","Ready","Single"
"G3_68","CAVDRGSALGRLHF_CAWSPRLGGRSAETLYF","TRAV7-3","TRBV31","CAVDRGSALGRLHF","CAWSPRLGGRSAETLYF","TRAJ18","TRBJ2-3",3,"QQNVQQSPESLIVPEGARTSLNCTFS","DSASQY","FWWYRQHSGKAPKALMS","IFSNGE","KEEGRFTIHLNKASLHFSLHIRDSQPSDSALYL","GAGTQLIVIP","AQTIHQWPVAEIKAVGSPLSLGCTIK","GKSSPN","LYWYWQATGGTLQQLFY","SITVG","QVESVVQLNLSASRPKDDQFILSTEKLLLSHSGFYL","GSGTRLTVL","G3_68_ACGTTATAGACAGAAC-1;G3_68_CAATGCGGTCATCTCA-1;G3_68_CCTCAGACAGGTTTCG-1",3,"E_备选（极小扩增）","Ready","Single"
"G3_68","CAVRDYSNNRLTL_CTCSAAGGASQNTLYF","TRAV9N-2","TRBV1","CAVRDYSNNRLTL","CTCSAAGGASQNTLYF","TRAJ7","TRBJ2-4",3,"AQSVTQPDARVTVSEGASLQLRCKYS","SSVTPY","LFWYVQYPRQGLQLLLK","YYSGDPVV","QGVNGFEAEFSKSNSSFHLRKASVHWSDSAVYF","GKGTQVVVLP","VTLLEQNPRWRLVPRGQAVNLRCILK","NSQYPW","MSWYQQDLQKQLQWLFT","LRSPGD","KEVKSLPGADYLATRVTDTELRLQVANMSQGRTLY","GAGTRLSVL","G3_68_AACCCATCAGTGCTCA-1;G3_68_CCTAGAGGTCGTTAAA-1;G3_68_GTAATGAAGCACGAAG-1",3,"E_备选（极小扩增）","Ready","Single"
"G3_80","CAALASSSFSKLVF_CGARESGGGSAETLYF","TRAV7-4","TRBV20","CAALASSSFSKLVF","CGARESGGGSAETLYF","TRAJ50","TRBJ2-3",3,"QQKVQQSPESLSVPEGGMASFNCTSS","DRNFQY","FWWYRQHSGEGPKALMS","IFSDGD","KKEGRFTAHLNKASLHVSLHIRDSQPSDSALYF","GQGTSLSVVP","GALVYQYPRRTICKSGTSMRMECQAV","GFQATS","VAWYRQSPQKTFELIAL","STVNSAI","KYEQNFTQEKFPISHPNLSFSSMTVLNAYLEDRGLYL","GSGTRLTVL","G3_80_ACCCTTAGTGCATTCC-1;G3_80_ATCCTACTCCCACGCT-1;G3_80_CACCCATGTCGTACCT-1",3,"E_备选（极小扩增）","Ready","Single"
"G3_80","CAARDMGYKLTF_CASSFGTGATEVFF","TRAV7-4","TRBV14","CAARDMGYKLTF","CASSFGTGATEVFF","TRAJ9","TRBJ1-1",3,"QQKVQQSPESLSVPEGGMASFNCTSS","DRNFQY","FWWYRQHSGEGPKALMS","IFSDGD","KKEGRFTAHLNKASLHVSLHIRDSQPSDSALYF","GTGTSLLVDP","EAGVTQSPRYAVLQEGQAVSFWCDPI","SGHDT","LYWYQQPRDQGPQLLVY","FRDEAV","IDNSQLPSDRFSAVRPKGTNSTLKIQSAKQGDTATYL","GKGTRLTVV","G3_80_ATACGCTCAGGGCTAG-1;G3_80_CCAGTGCCAAAGCCAA-1;G3_80_CGTAAAGCAATAATTC-1",3,"E_备选（极小扩增）","Ready","Single"
"G3_80","CAASAKNYAQGLTF_CTCSASFVNTGQLYF","TRAV14N-1","TRBV1","CAASAKNYAQGLTF","CTCSASFVNTGQLYF","TRAJ26","TRBJ2-2",3,"QQQVRQSPQSLTVWEGETAILNCSYE","DSTFNY","FPWYQQFPGEGPALLIS","ISSVSDK","KEDGRFTIFFNKREKKLSLHITDSQPGDSATYF","GLGTRVSVFP","VTLLEQNPRWRLVPRGQAVNLRCILK","NSQYPW","MSWYQQDLQKQLQWLFT","LRSPGD","KEVKSLPGADYLATRVTDTELRLQVANMSQGRTLY","GEGSKLTVL","G3_80_AAGCTTCCAAATATAG-1;G3_80_CACATCTTCCGGCACA-1;G3_80_GGGTTGCGTGCGAGAG-1",3,"E_备选（极小扩增）","Ready","Single"
"G3_80","CAASGNTGNYKYVF_CASSSGLGVSYEQYF","TRAV14N-3","TRBV10","CAASGNTGNYKYVF","CASSSGLGVSYEQYF","TRAJ40","TRBJ2-7",3,"QQQVRQSPQSLTVWEGETAILNCSYE","NSAFDY","FPWYQQFPGEGPALLIA","IRSVSDK","KEDGGFTIFFNKREKNLSLHIKDSQPGDSATYF","GAGTRLKVIA","ETAVFQTPNYHVTQVGNEVSFNCKQT","LGHDT","MYWYKQDSKKLLKIMFS","YNNKQL","IVNETVPRRFSPQSSDKAHLNLRIKSVEPEDSAVYL","GPGTRLTVL","G3_80_ACGAGCTTCCACGTAA-1;G3_80_AGCGTAGAGCAAGGGC-1;G3_80_CATAGGCTCACTCCCA-1",3,"E_备选（极小扩增）","Ready","Single"
"G3_80","CAASNYGGSGNKLIF_CASGDARGAYNSPLYF","TRAV10N","TRBV13-2","CAASNYGGSGNKLIF","CASGDARGAYNSPLYF","TRAJ32","TRBJ1-6",3,"GEKVEQHQSTLSVREGDSAVINCTYT","DTASSY","FPWYKQEAGKSLHFVID","IRSNVDR","KQSQRLTVLLDKKAKRFSLHITATQPEDSAIYF","GTGTLLSVKP","EAAVTQSPRNKVAVTGGKVTLSCNQT","NNHNN","MYWYRQDTGHGLRLIHY","SYGAGS","TEKGDIPDGYKASRPSQENFSLILELATPSQTSVYF","AAGTRLTVT","G3_80_AAAGCAATCATAGTGT-1;G3_80_CTCACCCAGCTAGTCA-1;G3_80_CTTGTCAGTCTGGATG-1",3,"E_备选（极小扩增）","Ready","Single"
"G3_80","CALGEINSGGSNAKLTF_CASRDREWNSPLYF","TRAV6D-6","TRBV19","CALGEINSGGSNAKLTF","CASRDREWNSPLYF","TRAJ42","TRBJ1-6",3,"GDSVTQTEGQVTVSESKSLIINCTYS","TTSIAYPN","LFWYVRYPGEGLQLLLK","VITAGQK","GSSRGFEATYNKETTSFHLQKASVQESDSAVYY","GKGTKLSVKS","GGIITQTPKFLIGQEGQKLTLKCQQN","FNHDT","MYWYRQDSGKGLRLIYY","SITEND","LQKGDLSEGYDASREKKSSFSLTVTSAQKNEMAVFL","AAGTRLTVT","G3_80_AATCCGTCAGCTAAGA-1;G3_80_CCGGTATAGGTATACT-1;G3_80_GGCTAAGAGCTAAGCC-1",3,"E_备选（极小扩增）","Ready","Single"
"G3_80","CALSLNNRIFF_CTCSADFLHQDTQYF","TRAV6-5","TRBV1","CALSLNNRIFF","CTCSADFLHQDTQYF","TRAJ31","TRBJ2-5",3,"GDSVTQTEGPVTLSEGTSLTVNCSYE","TKQYPT","LFWYVQYPGEGPQLLFK","VPKANEK","GSSRGFEATYNKEATSFHLQKASVQESDSAVYY","GDGTQLVVKP","VTLLEQNPRWRLVPRGQAVNLRCILK","NSQYPW","MSWYQQDLQKQLQWLFT","LRSPGD","KEVKSLPGADYLATRVTDTELRLQVANMSQGRTLY","GPGTRLLVL","G3_80_ACTGATTAGATACGGG-1;G3_80_CCACTATTCGCGTATA-1;G3_80_GCGGGTTGTGGGACTC-1",3,"E_备选（极小扩增）","Ready","Single"
"G3_80","CALSYNVGDNSKLIW_CASSRQGEVFF","TRAV12N-2","TRBV5","CALSYNVGDNSKLIW","CASSRQGEVFF","TRAJ38","TRBJ1-1",3,"GDSVTQTEGLVTLTEGLPVMLNCTYQ","TAYSTF","LFWYVQHLNEAPKLLLK","SSTDNKR","TEHQGFHATLHKSSSSFHLQKSSAQLSDSALYY","GLGTSLVVNP","NTKITQSPRYLILGRANKSLECEQH","LGHNA","MYWYKQSAEKPPELMFL","YNLKQL","IRNETVPSRFIPECPDSSKLLLHISAVDPEDSAVYF","GKGTRLTVV","G3_80_AAGTCTCCAATGAAAC-1;G3_80_AGCTATGTCATGTGGC-1;G3_80_AGTATCCCACTGACGC-1",3,"E_备选（极小扩增）","Ready","Single"
"G3_80","CAVGGDSGTYQRF_CASSSRTGGYAEQFF","TRAV3-3","TRBV19","CAVGGDSGTYQRF","CASSSRTGGYAEQFF","TRAJ13","TRBJ2-1",3,"GEQVEQRPPHLSVREGDSAFITCTYT","DPNSYY","FFWYKQEPGASLQLLMK","VFSSTEI","NEGQGFTVLLNKKDKRLSLNLTAAHPGDSAAYF","GTGTKLQVVP","GGIITQTPKFLIGQEGQKLTLKCQQN","FNHDT","MYWYRQDSGKGLRLIYY","SITEND","LQKGDLSEGYDASREKKSSFSLTVTSAQKNEMAVFL","GPGTRLTVL","G3_80_AAGCGATAGACGAACG-1;G3_80_CCTCTGGGTCCTTTGA-1;G3_80_GCTGTTAAGAGCGGTA-1",3,"E_备选（极小扩增）","Ready","Single"
"G3_80","CAVRLMDSNYQLIW_CASGDLDRDTQYF","TRAV1","TRBV12-2+TRBV13-2","CAVRLMDSNYQLIW","CASGDLDRDTQYF","TRAJ33","TRBJ2-5",3,"GQGVEQPDNLMSVEGTFARVNCTYS","TSGFNG","LSWYQQREGHAPVFLSY","VVLDGL","KDSGHFSTFLSRSNGYSYLLLTELQIKDSASYL","GSGTKLIIKP","EAAVTQSPRNKVAVTGGKVTLSCNQT","NNHNN","MYWYRQDTGHGLRLIHY","SYGAGS","TEKGDIPDGYKASRPSQENFSLILELATPSQTSVYF","GPGTRLLVL","G3_80_CATTCGAAGCTCAGCG-1;G3_80_GGCCAATTCGTGATAT-1;G3_80_GTGATTTAGCTTAGGC-1",3,"E_备选（极小扩增）","Ready","Multi_Allele"
"G3_80","CAVSAPGYQNFYF_CASSVPGTTSAETLYF","TRAV9-1","TRBV13-1","CAVSAPGYQNFYF","CASSVPGTTSAETLYF","TRAJ49","TRBJ2-3",3,"TQTVSQSDAHVTVFEGDSVELRCNYS","YGGSIY","LSWYIQHHGRGLQFLLK","YYSGNPVV","QGVNGFEAEFSKSDSSFHLRKASVHWSDSAVYF","GKGTSLTVIP","EAAVTQSPRNKVTVTGGNVTLSCRQT","NSHNY","MYWYRQDTGHGLRLIHY","SYGAGN","LQIGDVPDGYKATRTTQEDFFLLLELASPSQTSLYF","GSGTRLTVL","G3_80_AGAATACCACTACGAT-1;G3_80_ATATCACAGACCTTTC-1;G3_80_GGACTGCGTGGTTCAG-1",3,"E_备选（极小扩增）","Ready","Single"
"G3_80","CAVSDGSSSFSKLVF_CASRDWGGLAETLYF","TRAV3-3","TRBV10","CAVSDGSSSFSKLVF","CASRDWGGLAETLYF","TRAJ50","TRBJ2-3",3,"GEQVEQRPPHLSVREGDSAVITCTYT","DPNSYY","FFWYKQEPGASLQLLMK","VFSSTEI","NEGQGFTVLLNKKDKRLSLNLTAAHPGDSAAYF","GQGTSLSVVP","ETAVFQTPNYHVTQVGNEVSFNCKQT","LGHDT","MYWYKQDSKKLLKIMFS","YNNKQL","IVNETVPRRFSPQSSDKAHLNLRIKSVEPEDSAVYL","GSGTRLTVL","G3_80_ATTCGGGGTGCACAGC-1;G3_80_CGACACCCACTGCTCT-1;G3_80_CGCAGCTCAAGTAACG-1",3,"E_备选（极小扩增）","Ready","Single"
"G3_88","CAASQGNNRIFF_CASSRGSNTEVFF","TRAV5N-4","TRBV17","CAASQGNNRIFF","CASSRGSNTEVFF","TRAJ31","TRBJ1-1",3,"GEQVEQLPSILRVQEGSSASINCTYE","NSASNY","FPWYKQEPGENPKLIID","IRSNMER","KQTQGLIVLLDKKAKRFSLHITDTQPGDSAMYF","GDGTQLVVKP","DTTVKQNPRYKLARVGKPVNLICSQT","MNHDT","MYWYQKKPNQAPKLLLF","YYDKIL","NREADTFEKFQSSRPNNSFCSLYIGSAGLEYSAMYL","GKGTRLTVV","G3_88_CATGGCGTCCAGGTGT-1;G3_88_CCAGAGGCAACGTGGG-1;G3_88_CGAAGCCGTAAGGGAC-1",3,"E_备选（极小扩增）","Ready","Single"
"G3_88","CAASRGSALGRLHF_CASSQQGAREQYF","TRAV10N","TRBV2","CAASRGSALGRLHF","CASSQQGAREQYF","TRAJ18","TRBJ2-7",3,"GEKVEQHQSTLSVREGDSAVINCTYT","DTASSY","FPWYKQEAGKSLHFVID","IRSNVDR","KQSQRLTVLLDKKAKRFSLHITATQPEDSAIYF","GAGTQLIVIP","DPKIIQKPKYLVAVTGSEKILICEQY","LGHNA","MYWYRQSAKKPLEFMFS","YSYQKL","MDNQTASSRFQPQSSKKNHLDLQITALKPDDSATYF","GPGTRLTVL","G3_88_ACCCGATAGGCAAGCA-1;G3_88_AGGGTCGCACTTCTAT-1;G3_88_CAATTAATCAGACACC-1",3,"E_备选（极小扩增）","Ready","Single"
"G3_88","CAASWTGNTRKLIF_CASGDVGPGGQAPLF","TRAV14N-1","TRBV12-2+TRBV13-2","CAASWTGNTRKLIF","CASGDVGPGGQAPLF","TRAJ37","TRBJ1-5",3,"QQQVRQSPQSLTVWEGETAILNCSYE","DSTFNY","FPWYQQFPGEGPALLIS","ISSVSDK","KEDGRFTIFFNKREKKLSLHITDSQPGDSATYF","GLGTTLQVQP","EAAVTQSPRNKVAVTGGKVTLSCNQT","NNHNN","MYWYRQDTGHGLRLIHY","SYGAGS","TEKGDIPDGYKASRPSQENFSLILELATPSQTSVYF","GEGTRLSVL","G3_88_ATGAAGCAGCACCCAG-1;G3_88_CAGCCCCGTCACCCTG-1;G3_88_CGGTGCTCAATGCCCA-1",3,"E_备选（极小扩增）","Ready","Multi_Allele"
"G3_88","CAIASNTDKVVF_CAWSPRQNERLFF","TRAV13N-2","TRBV31","CAIASNTDKVVF","CAWSPRQNERLFF","TRAJ34","TRBJ1-4",3,"GQQVQQSPSSLVLQEGENAELQCNFS","STATQ","LQWFYQSPGGSLVSLLS","NPSGT","KHTGRLTSTTVTKERRSSLHISSSQTTDSGTYL","GTGTRLQVSP","AQTIHQWPVAEIKAVGSPLSLGCTIK","GKSSPN","LYWYWQATGGTLQQLFY","SITVG","QVESVVQLNLSASRPKDDQFILSTEKLLLSHSGFYL","GHGTKLSVL","G3_88_AAAGGCCCAGGAACTA-1;G3_88_ATAGTGCGTGCGTATG-1;G3_88_CATAGGTGTGTGGATT-1",3,"E_备选（极小扩增）","Ready","Single"
"G3_88","CALGYYGGSGNKLIF_CAWSHPLGGRASQDTQYF","TRAV6N-7","TRBV31","CALGYYGGSGNKLIF","CAWSHPLGGRASQDTQYF","TRAJ32","TRBJ2-5",3,"GDSVTQTEGQVALSEEDFLTIHCNYS","ASGYPA","LFWYVQYPGEGPQFLFR","ASRDKEK","GSSRGFEATYNKETTSFHLQKASVQESDSAVYY","GTGTLLSVKP","AQTIHQWPVAEIKAVGSPLSLGCTIK","GKSSPN","LYWYWQATGGTLQQLFY","SITVG","QVESVVQLNLSASRPKDDQFILSTEKLLLSHSGFYL","GPGTRLLVL","G3_88_CTTCAATGTACGCTGA-1;G3_88_GCGTCATAGCAGTATT-1;G3_88_GCTGTAATCGTGCAAC-1",3,"E_备选（极小扩增）","Ready","Single"
"G3_88","CALSDGGSGNKLIF_CASGELTNQDTQYF","TRAV9-4","TRBV12-2+TRBV13-2","CALSDGGSGNKLIF","CASGELTNQDTQYF","TRAJ32","TRBJ2-5",3,"AQSVTQPDARVTVSEGASLQLRCKYS","YSGTPY","LFWYVQYPRQGLQLLLK","YYSGDPVV","QGVNGFEAEFSKSNSSFHLRKASVHWSDSAVYF","GTGTLLSVKP","EAAVTQSPRNKVAVTGGKVTLSCNQT","NNHNN","MYWYRQDTGHGLRLIHY","SYGAGS","TEKGDIPDGYKASRPSQENFSLILELATPSQTSVYF","GPGTRLLVL","G3_88_ACATAGAAGAGCGTGA-1;G3_88_AGGGACCAGGCATGGA-1;G3_88_GTACGGTTCAACTGCA-1",3,"E_备选（极小扩增）","Ready","Multi_Allele"
"G3_88","CALSGGGNYKPTF_CASSSGTGGYEQYF","TRAV6-5","TRBV19","CALSGGGNYKPTF","CASSSGTGGYEQYF","TRAJ6","TRBJ2-7",3,"GDSVTQTEGPVTLSEGTSLTVNCSYE","TKQYPT","LFWYVQYPGEGPQLLFK","VPKANEK","GSSRGFEATYNKEATSFHLQKASVQESDSAVYY","GKGTSLVVHP","GGIITQTPKFLIGQEGQKLTLKCQQN","FNHDT","MYWYRQDSGKGLRLIYY","SITEND","LQKGDLSEGYDASREKKSSFSLTVTSAQKNEMAVFL","GPGTRLTVL","G3_88_AACCATTAGCGCATTA-1;G3_88_AGAGAACTCCCAGCTC-1;G3_88_ATGCGGGCACGCACTA-1",3,"E_备选（极小扩增）","Ready","Single"
"G3_88","CAMREGGYANKMIF_CTCSADQQGDSDYTF","TRAV16N","TRBV1","CAMREGGYANKMIF","CTCSADQQGDSDYTF","TRAJ47","TRBJ1-2",3,"AQKVTQTQTSISVMEKTTVTMDCVYE","TQDSSYF","LFWYKQTASGEIVFLIR","QDSYKKEN","ATVGHYSLNFQKPKSSIGLIITATQIEDSAVYF","GLGTILRVRP","VTLLEQNPRWRLVPRGQAVNLRCILK","NSQYPW","MSWYQQDLQKQLQWLFT","LRSPGD","KEVKSLPGADYLATRVTDTELRLQVANMSQGRTLY","GSGTRLLVI","G3_88_CACACCTGTGCGCTGG-1;G3_88_CTGGTAATCACACAAT-1;G3_88_GGGTTGAAGCTATGGC-1",3,"E_备选（极小扩增）","Ready","Single"
"G3_88","CAMRGNKLTF_CASRFGRTYEQYF","TRAV6-3","TRBV10","CAMRGNKLTF","CASRFGRTYEQYF","TRAJ17","TRBJ2-7",3,"GDSVIQMQGQVTLSENDFLFINCTYS","TTGYPT","LFWYVQYSGEGPQLLLQ","VTTANNK","GSSRGFEATYDKGTTSFHLQKTSVQEIDSAVYY","GIGTRVLVRP","ETAVFQTPNYHVTQVGNEVSFNCKQT","LGHDT","MYWYKQDSKKLLKIMFS","YNNKQL","IVNETVPRRFSPQSSDKAHLNLRIKSVEPEDSAVYL","GPGTRLTVL","G3_88_AAATCCAGTCGCGTCC-1;G3_88_AGCATTTAGAAACTAG-1;G3_88_GGTTTGGGTCGACTTC-1",3,"E_备选（极小扩增）","Ready","Single"
"G3_88","CAMRVNTNTGKLTF_CASRQWGGMQDTQYF","TRAV6-3","TRBV19","CAMRVNTNTGKLTF","CASRQWGGMQDTQYF","TRAJ27","TRBJ2-5",3,"GDSVIQMQGQVTLSENDFLFINCTYS","TTGYPT","LFWYVQYSGEGPQLLLQ","VTTANNK","GSSRGFEATYDKGTTSFHLQKTSVQEIDSAVYY","GDGTVLTVKP","GGIITQTPKFLIGQEGQKLTLKCQQN","FNHDT","MYWYRQDSGKGLRLIYY","SITEND","LQKGDLSEGYDASREKKSSFSLTVTSAQKNEMAVFL","GPGTRLLVL","G3_88_AAGTGTAAGGCTTGAC-1;G3_88_AGGCCCATCACCACAA-1;G3_88_CGATTTACAATTATCG-1",3,"E_备选（极小扩增）","Ready","Single"
"G3_88","CAVKRGGSGNKLIF_CTCSARLGGQDTQYF","TRAV7-3","TRBV1","CAVKRGGSGNKLIF","CTCSARLGGQDTQYF","TRAJ32","TRBJ2-5",3,"QQNVQQSPESLIVPEGARTSLNCTFS","DSASQY","FWWYRQHSGKAPKALMS","IFSNGE","KEEGRFTIHLNKASLHFSLHIRDSQPSDSALYL","GTGTLLSVKP","VTLLEQNPRWRLVPRGQAVNLRCILK","NSQYPW","MSWYQQDLQKQLQWLFT","LRSPGD","KEVKSLPGADYLATRVTDTELRLQVANMSQGRTLY","GPGTRLLVL","G3_88_ATTAAAGCAGCTTCAG-1;G3_88_GGATGATAGCGCTATA-1;G3_88_GGCGGATAGGCTCGTG-1",3,"E_备选（极小扩增）","Ready","Single"
"G3_88","CAVNTGYQNFYF_CASSQDGTGVYAEQFF","TRAV4-2","TRBV2","CAVNTGYQNFYF","CASSQDGTGVYAEQFF","TRAJ49","TRBJ2-1",3,"GMPVEQNPPALSLYEGADSGLRCNFS","TTMKS","VQWFQQNHRGRLITLFY","LAQGT","KENGRLKSTFNSKERYSTLHIKDAQLEDSGTYF","GKGTSLTVIP","DPKIIQKPKYLVAVTGSEKILICEQY","LGHNA","MYWYRQSAKKPLEFMFS","YSYQKL","MDNQTASSRFQPQSSKKNHLDLQITALKPDDSATYF","GPGTRLTVL","G3_88_CTCGGACCAAAGGACC-1;G3_88_GCCATTAAGGGGTTTC-1;G3_88_GTGCGGACAAGGCGCA-1",3,"E_备选（极小扩增）","Ready","Single"
"G3_88","CAVSASGANTGKLTF_CASKTGTGEDTQYF","TRAV9-1","TRBV13-1","CAVSASGANTGKLTF","CASKTGTGEDTQYF","TRAJ52","TRBJ2-5",3,"TQTVSQSDAHVTVFEGDSVELRCNYS","YGGSIY","LSWYIQHHGRGLQFLLK","YYSGNPVV","QGVNGFEAEFSKSDSSFHLRKASVHWSDSAVYF","GHGTILRVHP","EAAVTQSPRNKVTVTGGNVTLSCRQT","NSHNY","MYWYRQDTGHGLRLIHY","SYGAGN","LQIGDVPDGYKATRTTQEDFFLLLELASPSQTSLYF","GPGTRLLVL","G3_88_AATGACAAGACCTATG-1;G3_88_CCGATTAAGAGTCCCG-1;G3_88_CTACATCTCATACTCC-1",3,"E_备选（极小扩增）","Ready","Single"
"G3_88","CAVSEPSGSWQLIF_CAWAGTGSNERLFF","TRAV7-3","TRBV31","CAVSEPSGSWQLIF","CAWAGTGSNERLFF","TRAJ22","TRBJ1-4",3,"QQNVQQSPESLIVPEGARTSLNCTFS","DSASQY","FWWYRQHSGKAPKALMS","IFSNGE","KEEGRFTIHLNKASLHFSLHIRDSQPSDSALYL","GSGTQLTVMP","AQTIHQWPVAEIKAVGSPLSLGCTIK","GKSSPN","LYWYWQATGGTLQQLFY","SITVG","QVESVVQLNLSASRPKDDQFILSTEKLLLSHSGFYL","GHGTKLSVL","G3_88_AATTAAGCAGGGTCTC-1;G3_88_CGATTTGAGCAATTAC-1;G3_88_GCCCGTAAGCTGCAGT-1",3,"E_备选（极小扩增）","Ready","Single"
"G3_88","CAVSGRSNAKLTF_CASSESAEVFF","TRAV3-3","TRBV13-3","CAVSGRSNAKLTF","CASSESAEVFF","TRAJ42","TRBJ1-1",3,"GEQVEQRPPHLSVREGDSAVITCTYT","DPNSYY","FFWYKQEPGASLQLLMK","VFSSTEI","NEGQGFTVLLNKKDKRLSLNLTAAHPGDSAAYF","GKGTKLSVKS","EAAVTQSPRSKVAVTGGKVTLSCHQT","NNHDY","MYWYRQDTGHGLRLIHY","SYVADS","TEKGDIPDGYKASRPSQENFSLILELASLSQTAVYF","GKGTRLTVV","G3_88_ACTGCGTAGATGTATC-1;G3_88_CTGAACATCACTAATA-1;G3_88_CTTATGCTCCATATGG-1",3,"E_备选（极小扩增）","Ready","Single"
"G3_88","CAVSMPSGSWQLIF_CAWSPGDNTEVFF","TRAV7-3","TRBV31","CAVSMPSGSWQLIF","CAWSPGDNTEVFF","TRAJ22","TRBJ1-1",3,"QQNVQQSPESLIVPEGARTSLNCTFS","DSASQY","FWWYRQHSGKAPKALMS","IFSNGE","KEEGRFTIHLNKASLHFSLHIRDSQPSDSALYL","GSGTQLTVMP","AQTIHQWPVAEIKAVGSPLSLGCTIK","GKSSPN","LYWYWQATGGTLQQLFY","SITVG","QVESVVQLNLSASRPKDDQFILSTEKLLLSHSGFYL","GKGTRLTVV","G3_88_AGAGATTCACCAGGCT-1;G3_88_GGGACATCAAATTTCG-1;G3_88_GTCCTTTAGCTCGTTT-1",3,"E_备选（极小扩增）","Ready","Single"
"G3_88","CTNTGYQNFYF_CASSDGAYEQYF","TRAV21-DV12","TRBV13-1","CTNTGYQNFYF","CASSDGAYEQYF","TRAJ49","TRBJ2-7",3,"DAKTTQPDSMESTEGETVHLPCSHA","TISGNEY","IYWYRQVPLQGPEYVTH","GLQQN","TTNSMAFLAIASDRKSSTLILTHVSLRDAAVYH","GKGTSLTVIP","EAAVTQSPRNKVTVTGGNVTLSCRQT","NSHNY","MYWYRQDTGHGLRLIHY","SYGAGN","LQIGDVPDGYKATRTTQEDFFLLLELASPSQTSLYF","GPGTRLTVL","G3_88_ACAGGCCGTATGATGC-1;G3_88_AGTAACGCACACTTAA-1;G3_88_GGTCCCCGTATGAGTC-1",3,"E_备选（极小扩增）","Ready","Single"
"G3_68","CAADDTNAYKVIF_CASGPHWGGYAEQFF","TRAV14D-3-DV8","TRBV12-2+TRBV13-2","CAADDTNAYKVIF","CASGPHWGGYAEQFF","TRAJ30","TRBJ2-1",2,"QQQVRQSPQSLTVWEGETAILNCSYE","NSAFDY","FPWYQQFPGEGPALLIS","ILSVSNK","KEDGRFTIFFNKREKKLSLHIADSQPGDSATYF","GKGTHLHVLP","EAAVTQSPRNKVAVTGGKVTLSCNQT","NNHNN","MYWYRQDTGHGLRLIHY","SYGAGS","TEKGDIPDGYKASRPSQENFSLILELATPSQTSVYF","GPGTRLTVL","G3_68_AGAATGGGTCAGGTAT-1;G3_68_CTATAGTAGGTCGCCA-1",2,"E_备选（极小扩增）","Ready","Multi_Allele"
"G3_68","CAALASSSFSKLVF_CASSDSRGANTEVFF","TRAV7D-4","TRBV13-1","CAALASSSFSKLVF","CASSDSRGANTEVFF","TRAJ50","TRBJ1-1",2,"QQKVQQSPESLSVPEGGMASLNCTSS","DRNFQY","FWWYRQHSGEGPKALMS","IFSDGD","KKEGRFTAHLNKASLHVSLHIRDSQPSDSALYF","GQGTSLSVVP","EAAVTQSPRNKVTVTGGNVTLSCRQT","NSHNY","MYWYRQDTGHGLRLIHY","SYGAGN","LQIGDVPDGYKATRTTQEDFFLLLELASPSQTSLYF","GKGTRLTVV","G3_68_CGATTGCAGCAATCCA-1;G3_68_GCTTATGAGCACTAGC-1",2,"E_备选（极小扩增）","Ready","Single"
"G3_68","CAARLNTGNYKYVF_CASSERDTQYF","TRAV7D-2","TRBV13-3","CAARLNTGNYKYVF","CASSERDTQYF","TRAJ40","TRBJ2-5",2,"QQKVQQSPESLIVPEGGMASLNCTSS","DRNVDY","FWWYRQHSGKSPKMLMS","IFSNGE","KEEGRFTVHLNKASLHTSLHIRDSQPSDSALYL","GAGTRLKVIA","EAAVTQSPRSKVAVTGGKVTLSCHQT","NNHDY","MYWYRQDTGHGLRLIHY","SYVADS","TEKGDIPDGYKASRPSQENFSLILELASLSQTAVYF","GPGTRLLVL","G3_68_CAGGGACAGAGCTTTG-1;G3_68_GTCGCTTGTGCCTCGC-1",2,"E_备选（极小扩增）","Ready","Single"
"G3_68","CAASDYGNEKITF_CASSQLGGLNYAEQFF","TRAV7D-4","TRBV5","CAASDYGNEKITF","CASSQLGGLNYAEQFF","TRAJ48","TRBJ2-1",2,"QQKVQQSPESLSVPEGGMASLNCTSS","DRNFQY","FWWYRQHSGEGPKALMS","IFSDGD","KKEGRFTAHLNKASLHVSLHIRDSQPSDSALYF","GAGTKLTIKP","NTKITQSPRYLILGRANKSLECEQH","LGHNA","MYWYKQSAEKPPELMFL","YNLKQL","IRNETVPSRFIPECPDSSKLLLHISAVDPEDSAVYF","GPGTRLTVL","G3_68_ACCTGCTGTGGTTGGC-1;G3_68_CTAGCAATCCGATAAT-1",2,"E_备选（极小扩增）","Ready","Single"
"G3_68","CAASGAGYQNFYF_CTCSGTGDTQYF","TRAV5N-4","TRBV1","CAASGAGYQNFYF","CTCSGTGDTQYF","TRAJ49","TRBJ2-5",2,"GEQVEQLPSILRVQERSSASINCTYE","NSASNY","FPWYKQEPGENPKLIID","IRSNMER","KQIQGLIVLLDKKAKRFSLHITDTQPADSAMYF","GKGTSLTVIP","VTLLEQNPRWRLVPRGQAVNLRCILK","NSQYPW","MSWYQQDLQKQLQWLFT","LRSPGD","KEVKSLPGADYLATRVTDTELRLQVANMSQGRTLY","GPGTRLLVL","G3_68_AACTTCTGTGGACCGT-1;G3_68_GTCCTGCTCCACCAAA-1",2,"E_备选（极小扩增）","Ready","Single"
"G3_68","CAASIASSSFSKLVF_CASSQDGAEQFF","TRAV10D","TRBV5","CAASIASSSFSKLVF","CASSQDGAEQFF","TRAJ50","TRBJ2-1",2,"GEKVEQHESTLSVREGDSAVINCTYT","DTASSY","FPWYKQEAGKGLHFVID","IRSNVDR","KQSQRLIVLLDKKAKRFSLHITATQPEDSAIYF","GQGTSLSVVP","NTKITQSPRYLILGRANKSLECEQH","LGHNA","MYWYKQSAEKPPELMFL","YNLKQL","IRNETVPSRFIPECPDSSKLLLHISAVDPEDSAVYF","GPGTRLTVL","G3_68_CATACGGGTCGATCAG-1;G3_68_GCTATAGTCGTGCTAA-1",2,"E_备选（极小扩增）","Ready","Single"
"G3_68","CAASKTGANTGKLTF_CAWSLKDNQDTQYF","TRAV10D","TRBV31","CAASKTGANTGKLTF","CAWSLKDNQDTQYF","TRAJ52","TRBJ2-5",2,"GEKVEQHESTLSVREGDSAVINCTYT","DTASSY","FPWYKQEAGKGLHFVID","IRSNVDR","KQSQRLIVLLDKKAKRFSLHITATQPEDSAIYF","GHGTILRVHP","AQTIHQWPVAEIKAVGSPLSLGCTIK","GKSSPN","LYWYWQATGGTLQQLFY","SITVG","QVESVVQLNLSASRPKDDQFILSTEKLLLSHSGFYL","GPGTRLLVL","G3_68_AACTTCTGTCCGACAA-1;G3_68_ATTAAAGCACCATTCC-1",2,"E_备选（极小扩增）","Ready","Single"
"G3_68","CAASPSGSWQLIF_CASSEGTENTLYF","TRAV5N-4","TRBV13-3","CAASPSGSWQLIF","CASSEGTENTLYF","TRAJ22","TRBJ2-4",2,"GEQVEQLPSILRVQEGSSASINCTYE","NSASNY","FPWYKQEPGENPKLIID","IRSNMER","KQTQGLIVLLDKKAKRFSLHITDTQPGDSAMYF","GSGTQLTVMP","EAAVTQSPRSKVAVTGGKVTLSCHQT","NNHDY","MYWYRQDTGHGLRLIHY","SYVADS","TEKGDIPDGYKASRPSQENFSLILELASLSQTAVYF","GAGTRLSVL","G3_68_AGCAAATCACGTCGTA-1;G3_68_GGGCGTACAGTGGGAT-1",2,"E_备选（极小扩增）","Ready","Single"
"G3_68","CAASPSRNMGYKLTF_CASSIRGQGSQNTLYF","TRAV10D","TRBV19","CAASPSRNMGYKLTF","CASSIRGQGSQNTLYF","TRAJ9","TRBJ2-4",2,"GEKVEQHESTLSVREGDSAVINCTYT","DTASSY","FPWYKQEAGKGLHFVID","IRSNVDR","KQSQRLIVLLDKKAKRFSLHITATQPEDSAIYF","GTGTSLLVDP","GGIITQTPKFLIGQEGQKLTLKCQQN","FNHDT","MYWYRQDSGKGLRLIYY","SITEND","LQKGDLSEGYDASREKKSSFSLTVTSAQKNEMAVFL","GAGTRLSVL","G3_68_AGGCAGGGTAATGGGA-1;G3_68_CGTATTGAGCGCTGAT-1",2,"E_备选（极小扩增）","Ready","Single"
"G3_68","CAASRETGKLTF_CASSDWGGQDTQYF","TRAV5N-4","TRBV13-3","CAASRETGKLTF","CASSDWGGQDTQYF","TRAJ52","TRBJ2-5",2,"GEQVEQLPSILRVQEGSSASINCTYE","NSASNY","FPWYKQEPGENPKLIID","IRSNMER","KQTQGLIVLLDKKAKRFSLHITDTQPGDSAMYF","GHGTILRVHP","EAAVTQSPRSKVAVTGGKVTLSCHQT","NNHDY","MYWYRQDTGHGLRLIHY","SYVADS","TEKGDIPDGYKASRPSQENFSLILELASLSQTAVYF","GPGTRLLVL","G3_68_ACACCTTTCGCACAAC-1;G3_68_GGAACCGCAACATATT-1",2,"E_备选（极小扩增）","Ready","Single"
"G3_68","CAASSATGGNNKLTF_CASSLAPDTQYF","TRAV9-4","TRBV3","CAASSATGGNNKLTF","CASSLAPDTQYF","TRAJ56","TRBJ2-5",2,"AQSVTQPDARVTVSEGASLQLRCKYS","YSGTPY","LFWYVQYPRQGLQLLLK","YYSGDPVV","QGVNGFEAEFSKSDSSFHLRKASVHWSDSAVYF","GQGTVLSVIP","GPKVLQIPSHQIIDMGQMVTLNCDPV","SNHLY","FYWYKQILGQQMEFLVN","FYNGKV","MEKSKLFKDQFSVERPDGSYFTLKIQPTALEDSAVYF","GPGTRLLVL","G3_68_CGTATTGAGCCATTTC-1;G3_68_CTGCTAAAGCACTGCG-1",2,"E_备选（极小扩增）","Ready","Single"
"G3_68","CAASSQGTGSKLSF_CASSQAWGFYEQYF","TRAV10D","TRBV10","CAASSQGTGSKLSF","CASSQAWGFYEQYF","TRAJ58","TRBJ2-7",2,"GEKVEQHESTLSVREGDSAVINCTYT","DTASSY","FPWYKQEAGKGLHFVID","IRSNVDR","KQSQRLIVLLDKKAKRFSLHITATQPEDSAIYF","GKGAKLTVSP","ETAVFQTPNYHVTQVGNEVSFNCKQT","LGHDT","MYWYKQDSKKLLKIMFS","YNNKQL","IVNETVPRRFSPQSSDKAHLNLRIKSVEPEDSAVYL","GPGTRLTVL","G3_68_ACCCATTTCGGGTCAT-1;G3_68_ACGAAAGGTAGTGTTA-1",2,"E_备选（极小扩增）","Ready","Single"
"G3_68","CAAVNQGGSAKLIF_CGARAGTGGNTLYF","TRAV19","TRBV20","CAAVNQGGSAKLIF","CGARAGTGGNTLYF","TRAJ57","TRBJ1-3",2,"GQQVKQSSPSLTVQEGGILILNCDYE","NDMFDY","FAWYKKYPDNSPTLLIS","VRSNVDK","REDGRFTVFLNKSGKHFSLHITASQPEDTAVYL","GEGTKLTVSS","GALVYQYPRRTICKSGTSMRMECQAV","GFQATS","VAWYRQSPQKTFELIAL","STVNSAI","KYEQNFTQEKFPISHPNLSFSSMTVLNAYLEDRGLYL","GEGSRLIVV","G3_68_CACCCACTCCACCTCA-1;G3_68_CGGGATAAGATGGTAA-1",2,"E_备选（极小扩增）","Ready","Single"
"G3_68","CAGDSGGSNYKLTF_CASSDVTQDTQYF","TRAV3-4","TRBV13-3","CAGDSGGSNYKLTF","CASSDVTQDTQYF","TRAJ53","TRBJ2-5",2,"GEQVEQRPPHLSVPEGDSAVIICTYT","DSATAY","FYWYKQEPGAGLQLLMS","VFSNVDR","KEEQGLTVLLNKKDKQLSLNLTAAHPGDSAVYF","GKGTLLTVTP","EAAVTQSPRSKVAVTGGKVTLSCHQT","NNHDY","MYWYRQDTGHGLRLIHY","SYVADS","TEKGDIPDGYKASRPSQENFSLILELASLSQTAVYF","GPGTRLLVL","G3_68_CATTCAACAAGAATAC-1;G3_68_GGAATCACAACATGCT-1",2,"E_备选（极小扩增）","Ready","Single"
"G3_68","CALDTNTGKLTF_CASRAGTGNSDYTF","TRAV12N-2","TRBV14","CALDTNTGKLTF","CASRAGTGNSDYTF","TRAJ27","TRBJ1-2",2,"GDSVTQTEGLVTLTEGLPVMLNCTYQ","TAYSTF","LFWYVQHLNEAPKLLLK","SSTDNKR","TEHQGFHATLHKSSSSFHLQKSSAQLSDSALYY","GDGTVLTVKP","EAGVTQSPRYAVLQEGQAVSFWCDPI","SGHDT","LYWYQQPRDQGPQLLVY","FRDEAV","IDNSQLPSDRFSAVRPKGTNSTLKIQSAKQGDTATYL","GSGTRLLVI","G3_68_AGTCGTCAGCATGGTC-1;G3_68_GGTCGTTAGGTCTAGC-1",2,"E_备选（极小扩增）","Ready","Single"
"G3_68","CALGDYQLIW_CASSHPGTGGNYAEQFF","TRAV6N-7","TRBV5","CALGDYQLIW","CASSHPGTGGNYAEQFF","TRAJ33","TRBJ2-1",2,"GDSVTQTEGQVALSEEDFLTIHCNYS","ASGYPA","LFWYVQYPGEGPQFLFR","ASRDKEK","GSSRGFEATYNKETTSFHLQKASVQESDSAVYY","GSGTKLIIKP","NTKITQSPRYLILGRANKSLECEQH","LGHNA","MYWYKQSAEKPPELMFL","YNLKQL","IRNETVPSRFIPECPDSSKLLLHISAVDPEDSAVYF","GPGTRLTVL","G3_68_CCTGTCGGTAGTACGT-1;G3_68_GTGTCATCACTATACA-1",2,"E_备选（极小扩增）","Ready","Single"
"G3_68","CALRKYSGGSNAKLTF_CASSQAGYEQYF","TRAV6N-7","TRBV5","CALRKYSGGSNAKLTF","CASSQAGYEQYF","TRAJ42","TRBJ2-7",2,"GDSVTQTEGQVALSEEDFLTIHCNYS","ASGYPA","LFWYVQYPGEGPQFLFR","ASRDKEK","GSSRGFEATYNKEATSFHLQKASVQESDSAVYY","GKGTKLSVKS","NTKITQSPRYLILGRANKSLECEQH","LGHNA","MYWYKQSAEKPPELMFL","YNLKQL","IRNETVPSRFIPECPDSSKLLLHISAVDPEDSAVYF","GPGTRLTVL","G3_68_ACTGAAGCAATCAACC-1;G3_68_CACCGTACACGAGTAA-1",2,"E_备选（极小扩增）","Ready","Single"
"G3_68","CALSELGGNTGANTGKLTF_CASSDSRGANTEVFF","TRAV15-2-DV6-2","TRBV13-1","CALSELGGNTGANTGKLTF","CASSDSRGANTEVFF","TRAJ52","TRBJ1-1",2,"AQKVTQVQSTGSSQWGEVTLHCSYE","TSEYFYV","ILWYKQLFSGEMVFLIY","QTSFDTQN","QRNSRYSVVFQKSLKSISLVISASQPEDSGTYF","GHGTILRVHP","EAAVTQSPRNKVTVTGGNVTLSCRQT","NSHNY","MYWYRQDTGHGLRLIHY","SYGAGN","LQIGDVPDGYKATRTTQEDFFLLLELASPSQTSLYF","GKGTRLTVV","G3_68_AATTTGGGTCGTTCCG-1;G3_68_ATCGGAGAGCGTAGCT-1",2,"E_备选（极小扩增）","Ready","Single"
"G3_68","CALTNTDKVVF_CASSGGNYNYAEQFF","TRAV12-3","TRBV13-1","CALTNTDKVVF","CASSGGNYNYAEQFF","TRAJ34","TRBJ2-1",2,"GDSVTQTEGLVTLTEGLPVMLNCTYQ","TIYSNPF","LFWYVHYLNESPRLLLK","SSTDNKR","TEHQGFHATLHKSSSSFHLQKSSAQLSDSALYY","GTGTRLQVSP","EAAVTQSPRNKVTVTGGNVTLSCRQT","NSHNY","MYWYRQDTGHGLRLIHY","SYGAGN","LQIGDVPDGYKATRTTQEDFFLLLELASPSQTSLYF","GPGTRLTVL","G3_68_ACGACAGAGCGTTTGA-1;G3_68_CTGGTAATCCGCCGTT-1",2,"E_备选（极小扩增）","Ready","Single"
"G3_68","CALVDRSSGQKLVF_CGAGPGQSNERLFF","TRAV6-4","TRBV20","CALVDRSSGQKLVF","CGAGPGQSNERLFF","TRAJ16","TRBJ1-4",2,"GDSVTQKQGQVTLSEDDFLFINCTYS","TTTYPT","LLWYVQYPGQGPQLLLK","VTTANNK","GISRGFEATYDKGTTSFHLQKASVQESDSAVYF","GQGTILKVYL","GALVYQYPRRTICKSGTSMRMECQAV","GFQATS","VAWYRQSPQKTFELIAL","STVNSAI","KYEQNFTQEKFPISHPNLSFSSMTVLNAYLEDRGLYL","GHGTKLSVL","G3_68_GCAACGAAGCAAATTC-1;G3_68_GTTATAGGTCACGGGT-1",2,"E_备选（极小扩增）","Ready","Single"
"G3_68","CAPDSNYQLIW_CAWSPPNTLYF","TRAV7-1","TRBV31","CAPDSNYQLIW","CAWSPPNTLYF","TRAJ33","TRBJ2-4",2,"QQKVQQSPESLIVPEGGMASLNCTFS","DRNSQY","FWWYRQHSGEGPKALMS","IFSNGD","KKEGRFTAHLNKASLYVSLHIKDSQPSDSALYF","GSGTKLIIKP","AQTIHQWPVAEIKAVGSPLSLGCTIK","GKSSPN","LYWYWQATGGTLQQLFY","SITVG","QVESVVQLNLSASRPKDDQFILSTEKLLLSHSGFYL","GAGTRLSVL","G3_68_AGCATCGGTACGGATT-1;G3_68_CAGTATAGTCTTAATC-1",2,"E_备选（极小扩增）","Ready","Single"
"G3_68","CAPTGGYKVVF_CASSRTGDTEVFF","TRAV8N-2","TRBV10","CAPTGGYKVVF","CASSRTGDTEVFF","TRAJ12","TRBJ1-1",2,"SQWGEENLQALSIQEGEDVTMNCSYK","TYTTV","VQWYRQKSGKGPALIIL","IRSNERE","KRSGRLRATLDTSSQSSSLSITGTLATDTAVYF","GSGTRLLVSP","ETAVFQTPNYHVTQVGNEVSFNCKQT","LGHDT","MYWYKQDSKKLLKIMFS","YNNKQL","IVNETVPRRFSPQSSDKAHLNLRIKSVEPEDSAVYL","GKGTRLTVV","G3_68_AGGGTTACAATCATCA-1;G3_68_GGGTTAGAGCAAGGCA-1",2,"E_备选（极小扩增）","Ready","Single"
"G3_68","CATEDTNAYKVIF_CASTGGPTLYF","TRAV8D-2","TRBV10","CATEDTNAYKVIF","CASTGGPTLYF","TRAJ30","TRBJ2-4",2,"SQWGEENLQALSIQEGEDVTMNCSYK","TYTTV","VHWYRQDSGRGPALIIL","IRSNERE","KRSGRLRATLDTSSQSSSLSITAAQCEDTAVYF","GKGTHLHVLP","ETAVFQTPNYHVTQVGNEVSFNCKQT","LGHDT","MYWYKQDSKKLLKIMFS","YNNKQL","IVNETVPRRFSPQSSDKAHLNLRIKSVEPEDSAVYL","GAGTRLSVL","G3_68_ATCGCGTAGCGGGGAT-1;G3_68_CCCACAACAATGCCGC-1",2,"E_备选（极小扩增）","Ready","Single"
"G3_68","CATGTGGYKVVF_CASSRQSYAEQFF","TRAV5N-4","TRBV19","CATGTGGYKVVF","CASSRQSYAEQFF","TRAJ12","TRBJ2-1",2,"GEQVEQLPSILRVQEGSSASINCTYE","NSASNY","FPWYKQEPGENPKLIID","IRSNMER","KQTQGLIVLLDKKAKRFSLHITDTQPGDSAMYF","GSGTRLLVSP","GGIITQTPKFLIGQEGQKLTLKCQQN","FNHDT","MYWYRQDSGKGLRLIYY","SITEND","LQKGDLSEGYDASREKKSSFSLTVTSAQKNEMAVFL","GPGTRLTVL","G3_68_ATGATCCCAGTCGGTC-1;G3_68_GGAATGTAGAGTATTC-1",2,"E_备选（极小扩增）","Ready","Single"
"G3_68","CAVRDRRYGGSGNKLIF_CASGEPGQAYNSPLYF","TRAV1","TRBV12-2+TRBV13-2","CAVRDRRYGGSGNKLIF","CASGEPGQAYNSPLYF","TRAJ32","TRBJ1-6",2,"GQGVEQPDNLMSVEGTFARVNCTYS","TSGFNG","LSWYQQREGHAPVFLSY","VVLDGL","KDSGHFSTFLSRSNGYSYLLLTELQIKDSASYL","GTGTLLSVKP","EAAVTQSPRNKVAVTGGKVTLSCNQT","NNHNN","MYWYRQDTGHGLRLIHY","SYGAGS","TEKGDIPDGYKASRPSQENFSLILELATPSQTSVYF","AAGTRLTVT","G3_68_AATACAGAGGTGTCGT-1;G3_68_CCAACGAGTATGAGTC-1",2,"E_备选（极小扩增）","Ready","Multi_Allele"
"G3_68","CAVRKGFASALTF_CASSLGQGANTEVFF","TRAV3-3","TRBV10","CAVRKGFASALTF","CASSLGQGANTEVFF","TRAJ35","TRBJ1-1",2,"GEQVEQRPPHLSVREGDSAVITCTYT","DPNSYY","FFWYKQEPGASLQLLMK","VFSSTEI","NEGQGFTVLLNKKDKRLSLNLTAAHPGDSAAYF","GSGTKVIVLPY","ETAVFQTPNYHVTQVGNEVSFNCKQT","LGHDT","MYWYKQDSKKLLKIMFS","YNNKQL","IVNETVPRRFSPQSSDKAHLNLRIKSVEPEDSAVYL","GKGTRLTVV","G3_68_ACGCGCATCAGCAGTC-1;G3_68_GCTTCGCTCCGCTAAA-1",2,"E_备选（极小扩增）","Ready","Single"
"G3_68","CAVRNNAGAKLTF_CATRLGGSYEQYF","TRAV7D-3","TRBV19","CAVRNNAGAKLTF","CATRLGGSYEQYF","TRAJ39","TRBJ2-7",2,"QQKVQQSPESLIVPEGAMTSLNCTFS","DSASQY","FAWYRQHSGKAPKALMS","IFSNGE","KEEGRFTIHLNKASLHFSLHIRDSQPSDSALYL","GGGTRLTVRP","GGIITQTPKFLIGQEGQKLTLKCQQN","FNHDT","MYWYRQDSGKGLRLIYY","SITEND","LQKGDLSEGYDASREKKSSFSLTVTSAQKNEMAVFL","GPGTRLTVL","G3_68_CTAACGGGTAGAGGGT-1;G3_68_GTATAGCGTATGCCGA-1",2,"E_备选（极小扩增）","Ready","Single"
"G3_68","CAVRTGGNNKLTF_CTCSATGGGSQNTLYF","TRAV9-4","TRBV1","CAVRTGGNNKLTF","CTCSATGGGSQNTLYF","TRAJ56","TRBJ2-4",2,"AQSVTQPDARVTVSEGASLQLRCKYS","YSATPY","LFWYVQYPRQGLQLLLK","YYSGDPVV","QGVNGFEAEFSKSNSSFHLRKASVHWSDSAVYF","GQGTVLSVIP","VTLLEQNPRWRLVPRGQAVNLRCILK","NSQYPW","MSWYQQDLQKQLQWLFT","LRSPGD","KEVKSLPGADYLATRVTDTELRLQVANMSQGRTLY","GAGTRLSVL","G3_68_AACTTCGAGAGGGATT-1;G3_68_AGCCTTCGTGGAATGA-1",2,"E_备选（极小扩增）","Ready","Single"
"G3_68","CAVSARTDKVVF_CASSRPGQGAETLYF","TRAV9-1","TRBV19","CAVSARTDKVVF","CASSRPGQGAETLYF","TRAJ34","TRBJ2-3",2,"TQTVSQSDAHVTVFEGDSVELRCNYS","YGGSIY","LSWYIQHHGRGLQFLLK","YYSGNPVV","QGVNGFEAEFSKSDSSFHLRKASVHWSDSAVYF","GTGTRLQVSP","GGIITQTPKFLIGQEGQKLTLKCQQN","FNHDT","MYWYRQDSGKGLRLIYY","SITEND","LQKGDLSEGYDASREKKSSFSLTVTSAQKNEMAVFL","GSGTRLTVL","G3_68_CGCGTACCAGTACGCC-1;G3_68_GGCATGAAGAAAGTCA-1",2,"E_备选（极小扩增）","Ready","Single"
"G3_68","CAVSINTGNYKYVF_CASSSGEAPLF","TRAV7-1","TRBV13-1","CAVSINTGNYKYVF","CASSSGEAPLF","TRAJ40","TRBJ1-5",2,"QQKVQQSPESLIVPEGGMASLNCTFS","DRNSQY","FWWYRQHSGEGPKALMS","IFSNGD","KKEGRFTAHLNKASLYVSLHIKDSQPSDSALYF","GAGTRLKVIA","EAAVTQSPRNKVTVTGGNVTLSCRQT","NSHNY","MYWYRQDTGHGLRLIHY","SYGAGN","LQIGDVPDGYKATRTTQEDFFLLLELASPSQTSLYF","GEGTRLSVL","G3_68_CATTGGGGTCCGAAAT-1;G3_68_GTTGCGCCACGCGTTA-1",2,"E_备选（极小扩增）","Ready","Single"
"G3_68","CAVSLYNNNRIFF_CASRRQVSNERLFF","TRAV9N-4","TRBV10","CAVSLYNNNRIFF","CASRRQVSNERLFF","TRAJ31","TRBJ1-4",2,"AQSVTQPDARVTVSEGASLQLRCKYS","YSATPY","LFWYVQYPRQGLQMLLK","YYSGDPVV","QGVNGFEAEFSKSDSSFHLRKASVHWSDSAVYF","GDGTQLVVKP","ETAVFQTPNYHVTQVGNEVSFNCKQT","LGHDT","MYWYKQDSKKLLKIMFS","YNNKQL","IVNETVPRRFSPQSSDKAHLNLRIKSVEPEDSAVYL","GHGTKLSVL","G3_68_AGTCGAACAACTATAT-1;G3_68_CTCACGCTCACCTTAC-1",2,"E_备选（极小扩增）","Ready","Single"
"G3_68","CAVSMWYGNEKITF_CTCSADLGIGQDTQYF","TRAV7-3","TRBV1","CAVSMWYGNEKITF","CTCSADLGIGQDTQYF","TRAJ48","TRBJ2-5",2,"QQNVQQSPESLIVPEGARTSLNCTFS","DSASQY","FWWYRQHSGKAPKALMS","IFSNGE","KEEGRFTIHLNKASLHFSLHIRDSQPSDSALYL","GAGTKLTIKP","VTLLEQNPRWRLVPRGQAVNLRCILK","NSQYPW","MSWYQQDLQKQLQWLFT","LRSPGD","KEVKSLPGADYLATRVTDTELRLQVANMSQGRTLY","GPGTRLLVL","G3_68_GGTCGTCCACCTGACA-1;G3_68_GTAAATCTCGTGAGCT-1",2,"E_备选（极小扩增）","Ready","Single"
"G3_68","CAVSNNNNAPRF_CASSVQGFDTQYF","TRAV7-3","TRBV19","CAVSNNNNAPRF","CASSVQGFDTQYF","TRAJ43","TRBJ2-5",2,"QQNVQQSPESLIVPEGARTSLNCTFS","DSASQY","FWWYRQHSGKAPKALMS","IFSNGE","KEEGRFTIHLNKASLHFSLHIRDSQPSDSALYL","GAGTKLTVKP","GGIITQTPKFLIGQEGQKLTLKCQQN","FNHDT","MYWYRQDSGKGLRLIYY","SITEND","LQKGDLSEGYDASREKKSSFSLTVTSAQKNEMAVFL","GPGTRLLVL","G3_68_CAAGCCCCAGGACTTT-1;G3_68_CTTAGTGAGACCCGCA-1",2,"E_备选（极小扩增）","Ready","Single"
"G3_68","CAVSPTGNTRKLIF_CASSPGTLNTGQLYF","TRAV9N-2","TRBV13-1","CAVSPTGNTRKLIF","CASSPGTLNTGQLYF","TRAJ37","TRBJ2-2",2,"AQSVTQPDARVTVSEGASLQLRCKYS","SSVTPY","LFWYVQYPRQGLQLLLK","YYSGDPVV","QGVNGFEAEFSKSNSSFHLRKASVHWSDSAVYF","GLGTTLQVQP","EAAVTQSPRNKVTVTGGNVTLSCRQT","NSHNY","MYWYRQDTGHGLRLIHY","SYGAGN","LQIGDVPDGYKATRTTQEDFFLLLELASPSQTSLYF","GEGSKLTVL","G3_68_AGTCAGCTCGGTTGTA-1;G3_68_CCCTTCGCACAAGGGT-1",2,"E_备选（极小扩增）","Ready","Single"
"G3_68","CAVSRNNRIFF_CASSLGTGVYEQYF","TRAV9N-2","TRBV29","CAVSRNNRIFF","CASSLGTGVYEQYF","TRAJ31","TRBJ2-7",2,"AQSVTQPDARVTVSEGASLQLRCKYS","SSVTPY","LFWYVQYPRQGLQLLLK","YYSGDPVV","QGVNGFEAEFSKSNSSFHLRKASVHWSDSAVYF","GDGTQLVVKP","DMKVTQMPRYLIKRMGENVLLECGQD","MSHET","MYWYRQDPGLGLQLIYI","SYDVDS","NSEGDIPKGYRVSRKKREHFSLILDSAKTNQTSVYF","GPGTRLTVL","G3_68_ACTCGCACACCACCAA-1;G3_68_CTGTATGAGCGGCCTA-1",2,"E_备选（极小扩增）","Ready","Single"
"G3_68","CAVSSFSKLVF_CASSQAIQDTQYF","TRAV7-3","TRBV2","CAVSSFSKLVF","CASSQAIQDTQYF","TRAJ50","TRBJ2-5",2,"QQNVQQSPESLIVPEGARTSLNCTFS","DSASQY","FWWYRQHSGKAPKALMS","IFSNGE","KEEGRFTIHLNKASLHFSLHIRDSQPSDSALYL","GQGTSLSVVP","DPKIIQKPKYLVAVTGSEKILICEQY","LGHNA","MYWYRQSAKKPLEFMFS","YSYQKL","MDNQTASSRFQPQSSKKNHLDLQITALKPDDSATYF","GPGTRLLVL","G3_68_ACGGTTATCAAACTTA-1;G3_68_ACTCACGCACGCTGAC-1",2,"E_备选（极小扩增）","Ready","Single"
"G3_68","CILMATGGNNKLTF_CGALDWGAYEQYF","TRAV21-DV12","TRBV20","CILMATGGNNKLTF","CGALDWGAYEQYF","TRAJ56","TRBJ2-7",2,"DAKTTQPDSMESTEGETVHLPCSHA","TISGNEY","IYWYRQVPLQGPEYVTH","GLQQN","TTNSMAFLAIASDRKSSTLILTHVSLRDAAVYH","GQGTVLSVIP","GALVYQYPRRTICKSGTSMRMECQAV","GFQATS","VAWYRQSPQKTFELIAL","STVNSAI","KYEQNFTQEKFPISHPNLSFSSMTVLNAYLEDRGLYL","GPGTRLTVL","G3_68_ATTACCGAGCGTCTCC-1;G3_68_CTTATCATCGGAATGG-1",2,"E_备选（极小扩增）","Ready","Single"
"G3_68","CILRNGANTGKLTF_CASSAYLDTQYF","TRAV21-DV12","TRBV10","CILRNGANTGKLTF","CASSAYLDTQYF","TRAJ52","TRBJ2-5",2,"DAKTTQPDSMESTEGETVHLPCSHA","TISGNEY","IYWYRQVPLQGPEYVTH","GLQQN","TTNSMAFLAIASDRKSSTLILTHVSLRDAAVYH","GHGTILRVHP","ETAVFQTPNYHVTQVGNEVSFNCKQT","LGHDT","MYWYKQDSKKLLKIMFS","YNNKQL","IVNETVPRRFSPQSSDKAHLNLRIKSVEPEDSAVYL","GPGTRLLVL","G3_68_ACTCCGACAAGAGGTC-1;G3_68_CCAACGAGTCAATTTC-1",2,"E_备选（极小扩增）","Ready","Single"
"G3_68","CIVTGYTDKVVF_CASSQDSTRYNNQAPLF","TRAV2","TRBV2","CIVTGYTDKVVF","CASSQDSTRYNNQAPLF","TRAJ34","TRBJ1-5",2,"LAKTTQPPSMEAYEGQEVNVSCSHT","NIATSEY","IYWYRQVPHQGPQFIIQ","GYKDYVV","NEVASLFISADRKLSTLSLPWVSLRDAAVYY","GTGTRLQVSP","DPKIIQKPKYLVAVTGSEKILICEQY","LGHNA","MYWYRQSAKKPLEFMFS","YSYQKL","MDNQTASSRFQPQSSKKNHLDLQITALKPDDSATYF","GEGTRLSVL","G3_68_GCGATAGAGACGTTAT-1;G3_68_GGTGTTCAGGGGATCA-1",2,"E_备选（极小扩增）","Ready","Single"
"G3_80","CAADGSGTYQRF_CASSDVRDYAEQFF","TRAV4N-4","TRBV13-1","CAADGSGTYQRF","CASSDVRDYAEQFF","TRAJ13","TRBJ2-1",2,"GDQVEQSPSALSLHEGTSSALRCNFT","TTTRS","VQWFRQNSRGSLINLFY","LASGT","KENGRLKSAFDSKELYSTLHIRDAQLEDSGTYF","GTGTKLQVVP","EAAVTQSPRNKVTVTGGNVTLSCRQT","NSHNY","MYWYRQDTGHGLRLIHY","SYGAGN","LQIGDVPDGYKATRTTQEDFFLLLELASPSQTSLYF","GPGTRLTVL","G3_80_GGATATCGTGTAGTGT-1;G3_80_GTCGCTCTCCGCTCTA-1",2,"E_备选（极小扩增）","Ready","Single"
"G3_80","CAAENMGYKLTF_CASKGTGINERLFF","TRAV4N-4","TRBV13-1","CAAENMGYKLTF","CASKGTGINERLFF","TRAJ9","TRBJ1-4",2,"GDQVEQSPSALSLHEGTSSALRCNFT","TTTRS","VQWFRQNSRGSLINLFY","LASGT","KENGRLKSAFDSKELYSTLHIRDAQLEDSGTYF","GTGTSLLVDP","EAAVTQSPRNKVTVTGGNVTLSCRQT","NSHNY","MYWYRQDTGHGLRLIHY","SYGAGN","LQIGDVPDGYKATRTTQEDFFLLLELASPSQTSLYF","GHGTKLSVL","G3_80_CATACCTTCACATTGG-1;G3_80_GTAAATCTCATCCGCC-1",2,"E_备选（极小扩增）","Ready","Single"
"G3_80","CAAKTGGYKVVF_CTCSGRDRNNERLFF","TRAV14N-2","TRBV1","CAAKTGGYKVVF","CTCSGRDRNNERLFF","TRAJ12","TRBJ1-4",2,"QQQVRQSPQSLTVWEGETTILNCSYE","DSTFDY","FPWYRQFPGKSPALLIA","ISLVSNK","KEDGRFTIFFNKREKKLSLHITDSQPGDSATYF","GSGTRLLVSP","VTLLEQNPRWRLVPRGQAVNLRCILK","NSQYPW","MSWYQQDLQKQLQWLFT","LRSPGD","KEVKSLPGADYLATRVTDTELRLQVANMSQGRTLY","GHGTKLSVL","G3_80_ATCAACCCACTTCATT-1;G3_80_GGGTATGAGCACATCA-1",2,"E_备选（极小扩增）","Ready","Single"
"G3_80","CAALNVGDNSKLIW_CASSLPGQISGNTLYF","TRAV7-4","TRBV10","CAALNVGDNSKLIW","CASSLPGQISGNTLYF","TRAJ38","TRBJ1-3",2,"QQKVQQSPESLSVPEGGMASFNCTSS","DRNFQY","FWWYRQHSGEGPKALMS","IFSDGD","KKEGRFTAHLNKASLHVSLHIRDSQPSDSALYF","GLGTSLVVNP","ETAVFQTPNYHVTQVGNEVSFNCKQT","LGHDT","MYWYKQDSKKLLKIMFS","YNNKQL","IVNETVPRRFSPQSSDKAHLNLRIKSVEPEDSAVYL","GEGSRLIVV","G3_80_AGTCGCCCAGTGTCGC-1;G3_80_ATGCGAACAAGGACCG-1",2,"E_备选（极小扩增）","Ready","Single"
"G3_80","CAALNYAQGLTF_CASSQDLGGANEQYF","TRAV14N-2","TRBV5","CAALNYAQGLTF","CASSQDLGGANEQYF","TRAJ26","TRBJ2-7",2,"QQQVRQSPQSLTVWEGETAILNCSYE","DSTFDY","FPWYRLFPGESPALLIA","IRPVSNK","KEDGRFTIFFNKREKKLSLHITDSQPGDSATYF","GLGTRVSVFP","NTKITQSPRYLILGRANKSLECEQH","LGHNA","MYWYKQSAEKPPELMFL","YNLKQL","IRNETVPSRFIPECPDSSKLLLHISAVDPEDSAVYF","GPGTRLTVL","G3_80_CTGTATCTCATGGCAC-1;G3_80_GTCTTCCCAGCGTGTC-1",2,"E_备选（极小扩增）","Ready","Single"
"G3_80","CAAPGSGGKLTL_CASSFGLGGDYAEQFF","TRAV14N-1","TRBV16","CAAPGSGGKLTL","CASSFGLGGDYAEQFF","TRAJ44","TRBJ2-1",2,"QQQVRQSPQSLTVWEGETAILNCSYE","DSTFNY","FPWYQQFPGEGPALLIS","ISSVSDK","KEDGRFTIFFNKREKKLSLHITDSQPGDSATYF","GTGTRLQVNL","NAGVIQTPRHKVTGKGQEATLWCEPI","SGHSA","VFWYRQTIVQGLEFLTY","FRNQAP","IDDSGMPKERFSAQMPNQSHSTLKIQSTQPQDSAVYL","GPGTRLTVL","G3_80_AATGGCACACAACATC-1;G3_80_ATCCACAAGGGCCATT-1",2,"E_备选（极小扩增）","Ready","Single"
"G3_80","CAARGNTGNYKYVF_CASAQGDTLYF","TRAV10D","TRBV12-2+TRBV13-2","CAARGNTGNYKYVF","CASAQGDTLYF","TRAJ40","TRBJ2-4",2,"GEKVEQHESTLSVREGDSAVINCTYT","DTASSY","FPWYKQEAGKGLHFVID","IRSNVDR","KQSQRLIVLLDKKAKRFSLHITATQPEDSAIYF","GAGTRLKVIA","EAAVTQSPRNKVAVTGGKVTLSCNQT","NNHNN","MYWYRQDTGHGLRLIHY","SYGAGS","TEKGDIPDGYKASRPSQENFSLILELATPSQTSVYF","GAGTRLSVL","G3_80_ACGATATTCGTTATGG-1;G3_80_GGGCTAAAGCCATTTC-1",2,"E_备选（极小扩增）","Ready","Multi_Allele"
"G3_80","CAASAEGTNTGKLTF_CASSQAAEYEQYF","TRAV14N-2","TRBV5","CAASAEGTNTGKLTF","CASSQAAEYEQYF","TRAJ27","TRBJ2-7",2,"QQQVRQSPQSLTVWEGETTILNCSYE","DSTFDY","FPWYRQFPGKSPALLIA","ISLVSNK","KEDGRFTIFFNKREKKLSLHITDSQPGDSATYF","GDGTVLTVKP","NTKITQSPRYLILGRANKSLECEQH","LGHNA","MYWYKQSAEKPPELMFL","YNLKQL","IRNETVPSRFIPECPDSSKLLLHISAVDPEDSAVYF","GPGTRLTVL","G3_80_AGGGCGTAGGTAGTTT-1;G3_80_CGGGGTACAGGACCTC-1",2,"E_备选（极小扩增）","Ready","Single"
"G3_80","CAASDLNSGGSNAKLTF_CASRPGQGRDTQYF","TRAV7-4","TRBV13-1","CAASDLNSGGSNAKLTF","CASRPGQGRDTQYF","TRAJ42","TRBJ2-5",2,"QQKVQQSPESLSVPEGGMASFNCTSS","DRNFQY","FWWYRQHSGEGPKALMS","IFSDGD","KKEGRFTAHLNKASLHVSLHIRDSQPSDSALYF","GKGTKLSVKS","EAAVTQSPRNKVTVTGGNVTLSCRQT","NSHNY","MYWYRQDTGHGLRLIHY","SYGAGN","LQIGDVPDGYKATRTTQEDFFLLLELASPSQTSLYF","GPGTRLLVL","G3_80_ATACGTGTCATCAATA-1;G3_80_ATGGGCAAGCTAGCTA-1",2,"E_备选（极小扩增）","Ready","Single"
"G3_80","CAASDNNNAPRF_CASSFPAGDEQYF","TRAV10D","TRBV14","CAASDNNNAPRF","CASSFPAGDEQYF","TRAJ43","TRBJ2-7",2,"GEKVEQHESTLSVREGDSAVINCTYT","DTASSY","FPWYKQEAGKGLHFVID","IRSNVDR","KQSQRLIVLLDKKAKRFSLHITATQPEDSAIYF","GAGTKLTVKP","EAGVTQSPRYAVLQEGQAVSFWCDPI","SGHDT","LYWYQQPRDQGPQLLVY","FRDEAV","IDNSQLPSDRFSAVRPKGTNSTLKIQSAKQGDTATYL","GPGTRLTVL","G3_80_AGGATATCAAGAATTA-1;G3_80_ATACGTGTCCTCGGCT-1",2,"E_备选（极小扩增）","Ready","Single"
"G3_80","CAASDSGGSNYKLTF_CASSSPRDRRQNTLYF","TRAV5N-4","TRBV29","CAASDSGGSNYKLTF","CASSSPRDRRQNTLYF","TRAJ53","TRBJ2-4",2,"GEQVEQLPSILRVQERSSASINCTYE","NSASNY","FPWYKQEPGENPKLIID","IRSNMER","KQIQGLIVLLDKKAKRFSLHITDTQPADSAMYF","GKGTLLTVTP","DMKVTQMPRYLIKRMGENVLLECGQD","MSHET","MYWYRQDPGLGLQLIYI","SYDVDS","NSEGDIPKGYRVSRKKREHFSLILDSAKTNQTSVYF","GAGTRLSVL","G3_80_ACTCGATCACCCAACA-1;G3_80_ATTGGTAGTCGCATTC-1",2,"E_备选（极小扩增）","Ready","Single"
"G3_80","CAASERGYANKMIF_CASSTGSTEVFF","TRAV7-4","TRBV29","CAASERGYANKMIF","CASSTGSTEVFF","TRAJ47","TRBJ1-1",2,"QQKVQQSPESLSVPEGGMASFNCTSS","DRNFQY","FWWYRQHSGEGPKALMS","IFSDGD","KKEGRFTAHLNKASLHVSLHIRDSQPSDSALYF","GLGTILRVRP","DMKVTQMPRYLIKRMGENVLLECGQD","MSHET","MYWYRQDPGLGLQLIYI","SYDVDS","NSEGDIPKGYRVSRKKREHFSLILDSAKTNQTSVYF","GKGTRLTVV","G3_80_CACGAATGTGTCATGG-1;G3_80_GCGCACTCAGGACTTT-1",2,"E_备选（极小扩增）","Ready","Single"
"G3_80","CAASSGGNYKPTF_CASRQGSAETLYF","TRAV7-4","TRBV29","CAASSGGNYKPTF","CASRQGSAETLYF","TRAJ6","TRBJ2-3",2,"QQKVQQSPESLSVPEGGMASFNCTSS","DRNFQY","FWWYRQHSGEGPKALMS","IFSDGD","KKEGRFTAHLNKASLHVSLHIRDSQPSDSALYF","GKGTSLVVHP","DMKVTQMPRYLIKRMGENVLLECGQD","MSHET","MYWYRQDPGLGLQLIYI","SYDVDS","NSEGDIPKGYRVSRKKREHFSLILDSAKTNQTSVYF","GSGTRLTVL","G3_80_ACACGGAAGCAGTAGG-1;G3_80_CCGCAGTCAACGTAAG-1",2,"E_备选（极小扩增）","Ready","Single"
"G3_80","CAIGPGNTRKLIF_CASGGPGGTSAETLYF","TRAV13-2","TRBV12-2+TRBV13-2","CAIGPGNTRKLIF","CASGGPGGTSAETLYF","TRAJ37","TRBJ2-3",2,"GQQVQQSPASLVLQEGENAELQCNFS","STATR","LQWFYQHPGGRLVSLFY","NPSGT","KHTGRLTSTTVTNERRGSLHISSSQTTDSGTYF","GLGTTLQVQP","EAAVTQSPRNKVAVTGGKVTLSCNQT","NNHNN","MYWYRQDTGHGLRLIHY","SYGAGS","TEKGDIPDGYKASRPSQENFSLILELATPSQTSVYF","GSGTRLTVL","G3_80_AACCCGTAGCGACCAT-1;G3_80_CGCGCTCGTGGAGTGG-1",2,"E_备选（极小扩增）","Ready","Multi_Allele"
"G3_80","CAIPTGGNNKLTF_CTCSAAGGASQNTLYF","TRAV13-2","TRBV1","CAIPTGGNNKLTF","CTCSAAGGASQNTLYF","TRAJ56","TRBJ2-4",2,"GQQVQQSPASLVLQEGENAELQCNFS","STATR","LQWFYQHPGGRLVSLFY","NPSGT","KHTGRLTSTTVTNERRGSLHISSSQTTDSGTYF","GQGTVLSVIP","VTLLEQNPRWRLVPRGQAVNLRCILK","NSQYPW","MSWYQQDLQKQLQWLFT","LRSPGD","KEVKSLPGADYLATRVTDTELRLQVANMSQGRTLY","GAGTRLSVL","G3_80_CCATGCCTCACGATAT-1;G3_80_CCTGGTGAGATGCGAG-1",2,"E_备选（极小扩增）","Ready","Single"
"G3_80","CALDTNAYKVIF_CASGASGGSAETLYF","TRAV9-4","TRBV13-2","CALDTNAYKVIF","CASGASGGSAETLYF","TRAJ30","TRBJ2-3",2,"AQSVTQPDARVTVSEGASLQLRCKYS","YSGTPY","LFWYVQYPRQGLQLLLK","YYSGDPVV","QGVNGFEAEFSKSNSSFHLRKASVHWSDSAVYF","GKGTHLHVLP","EAAVTQSPRNKVAVTGGKVTLSCNQT","NNHNN","MYWYRQDTGHGLRLIHY","SYGAGS","TEKGDIPDGYKASRPSQENFSLILELATPSQTSVYF","GSGTRLTVL","G3_80_AAGTTCGTCGGGTCAT-1;G3_80_AGCAATCGTGCGTTTC-1",2,"E_备选（极小扩增）","Ready","Single"
"G3_80","CALGEAGYQNFYF_CASGDRAQAPLF","TRAV6D-6","TRBV12-2+TRBV13-2","CALGEAGYQNFYF","CASGDRAQAPLF","TRAJ49","TRBJ1-5",2,"GDSVTQTEGQVTVSESKSLIINCTYS","TTSIAYPN","LFWYVRYPGEGLQLLLK","VITAGQK","GSSRGFEATYNKETTSFHLQKASVQESDSAVYY","GKGTSLTVIP","EAAVTQSPRNKVAVTGGKVTLSCNQT","NNHNN","MYWYRQDTGHGLRLIHY","SYGAGS","TEKGDIPDGYKASRPSQENFSLILELATPSQTSVYF","GEGTRLSVL","G3_80_CGCCTAACAACACTCG-1;G3_80_CTAGGGTTCAAACCAT-1",2,"E_备选（极小扩增）","Ready","Multi_Allele"
"G3_80","CALSDPTGGADRLTF_CASRGQPANTEVFF","TRAV6N-7","TRBV19","CALSDPTGGADRLTF","CASRGQPANTEVFF","TRAJ45","TRBJ1-1",2,"GDSVTQTEGQVALSEEDFLTIHCNYS","ASGYPA","LFWYVQYPGEGPQFLFR","ASRDKEK","GSSRGFEATYNKEATSFHLQKASVQESDSAVYY","GKGTQLIIQP","GGIITQTPKFLIGQEGQKLTLKCQQN","FNHDT","MYWYRQDSGKGLRLIYY","SITEND","LQKGDLSEGYDASREKKSSFSLTVTSAQKNEMAVFL","GKGTRLTVV","G3_80_ATAATTCCACAAGGCG-1;G3_80_CGCAATATCAATTGTA-1",2,"E_备选（极小扩增）","Ready","Single"
"G3_80","CALSDRGNNRIFF_CASGDELGGWGAETLYF","TRAV6D-6","TRBV12-2+TRBV13-2","CALSDRGNNRIFF","CASGDELGGWGAETLYF","TRAJ31","TRBJ2-3",2,"GDSVTQTEGQVTVSESKSLIINCTYS","ATSIAYPN","LFWYVRYPGEGLQLLLK","VITAGQK","GSSRGFEATYNKETTSFHLQKASVQESDSAVYY","GDGTQLVVKP","EAAVTQSPRNKVAVTGGKVTLSCNQT","NNHNN","MYWYRQDTGHGLRLIHY","SYGAGS","TEKGDIPDGYKASRPSQENFSLILELATPSQTSVYF","GSGTRLTVL","G3_80_CCTTACCCACTGAAAG-1;G3_80_GGAAATCAGCGCCACA-1",2,"E_备选（极小扩增）","Ready","Multi_Allele"
"G3_80","CALSGFNTGNYKYVF_CASSRDFSQNTLYF","TRAV6N-7","TRBV19","CALSGFNTGNYKYVF","CASSRDFSQNTLYF","TRAJ40","TRBJ2-4",2,"GDSVTQTEGQVALSEEDFLTIHCNYS","ASGYPA","LFWYVQYPGEGPQFLFR","ASRDKEK","GSSRGFEATYNKEATSFHLQKASVQESDSAVYY","GAGTRLKVIA","GGIITQTPKFLIGQEGQKLTLKCQQN","FNHDT","MYWYRQDSGKGLRLIYY","SITEND","LQKGDLSEGYDASREKKSSFSLTVTSAQKNEMAVFL","GAGTRLSVL","G3_80_AAGGGACGTGGAGTGG-1;G3_80_AATGTGTTCAATTGGT-1",2,"E_备选（极小扩增）","Ready","Single"
"G3_80","CALSYTGNYKYVF_CTCSATGGASQNTLYF","TRAV9-4","TRBV1","CALSYTGNYKYVF","CTCSATGGASQNTLYF","TRAJ40","TRBJ2-4",2,"AQSVTQPDARVTVSEGASLQLRCKYS","YSGTPY","LFWYVQYPRQGLQLLLK","YYSGDPVV","QGVNGFEAEFSKSNSSFHLRKASVHWSDSAVYF","GAGTRLKVIA","VTLLEQNPRWRLVPRGQAVNLRCILK","NSQYPW","MSWYQQDLQKQLQWLFT","LRSPGD","KEVKSLPGADYLATRVTDTELRLQVANMSQGRTLY","GAGTRLSVL","G3_80_CATCGAGGTAGACTCG-1;G3_80_GGGATCAAGCTAAGCC-1",2,"E_备选（极小扩增）","Ready","Single"
"G3_80","CALWELNSGTYQRF_CASGGTHSGNTLYF","TRAV15D-1-DV6D-1","TRBV12-2+TRBV13-2","CALWELNSGTYQRF","CASGGTHSGNTLYF","TRAJ13","TRBJ1-3",2,"AQKVIQVWSTASRQEGEELTLDCSYE","TSQVLYH","LFWYKHLLSGEMVFLIR","QMSSSTAK","ERSGRYSVVFQKSLKSISLVISALQPDDSGKYF","GTGTKLQVVP","EAAVTQSPRNKVAVTGGKVTLSCNQT","NNHNN","MYWYRQDTGHGLRLIHY","SYGAGS","TEKGDIPDGYKASRPSQENFSLILELATPSQTSVYF","GEGSRLIVV","G3_80_GTACGGTTCATTCTCA-1;G3_80_GTGTCATCAACTGCAT-1",2,"E_备选（极小扩增）","Ready","Multi_Allele"
"G3_80","CAMDASSGSWQLIF_CTCSADDGASYEQYF","TRAV13-1","TRBV1","CAMDASSGSWQLIF","CTCSADDGASYEQYF","TRAJ22","TRBJ2-7",2,"GQQVQQSPASLVLQEGENAELQCNFS","TSLNS","MQWFYQRPGGSLVSLFY","NPSGT","KQSGRLTSTTVIKERRSSLHISSSQTTDSGTYL","GSGTQLTVMP","VTLLEQNPRWRLVPRGQAVNLRCILK","NSQYPW","MSWYQQDLQKQLQWLFT","LRSPGD","KEVKSLPGADYLATRVTDTELRLQVANMSQGRTLY","GPGTRLTVL","G3_80_AACTTCTGTCACGTAG-1;G3_80_CGTAGTGGTGTCATCC-1",2,"E_备选（极小扩增）","Ready","Single"
"G3_80","CAMDASSGSWQLIF_CTCSADLGGSYEQYF","TRAV13-1","TRBV1","CAMDASSGSWQLIF","CTCSADLGGSYEQYF","TRAJ22","TRBJ2-7",2,"GQQVQQSPASLVLQEGENAELQCNFS","TSLNS","MQWFYQRPGGSLVSLFY","NPSGT","KQSGRLTSTTVIKERRSSLHISSSQTTDSGTYL","GSGTQLTVMP","VTLLEQNPRWRLVPRGQAVNLRCILK","NSQYPW","MSWYQQDLQKQLQWLFT","LRSPGD","KEVKSLPGADYLATRVTDTELRLQVANMSQGRTLY","GPGTRLTVL","G3_80_GCACGTTAGGTAATTC-1;G3_80_GTCTCATTCGGAAACG-1",2,"E_备选（极小扩增）","Ready","Single"
"G3_80","CAMRERTNTGKLTF_CASSQETGGNTGQLYF","TRAV16N","TRBV2","CAMRERTNTGKLTF","CASSQETGGNTGQLYF","TRAJ27","TRBJ2-2",2,"AQKVTQTQTSISVMEKTTVTMDCVYE","TQDSSYF","LFWYKQTASGEIVFLIR","QDSYKKEN","ATVGHYSLNFQKPKSSIGLIITATQIEDSAVYF","GDGTVLTVKP","DPKIIQKPKYLVAVTGSEKILICEQY","LGHNA","MYWYRQSAKKPLEFMFS","YSYQKL","MDNQTASSRFQPQSSKKNHLDLQITALKPDDSATYF","GEGSKLTVL","G3_80_ACACAATTCCGCAATA-1;G3_80_CTGACTCGTATCCCTA-1",2,"E_备选（极小扩增）","Ready","Single"
"G3_80","CAMRESYGGSGNKLIF_CASRGSNTLYF","TRAV16N","TRBV29","CAMRESYGGSGNKLIF","CASRGSNTLYF","TRAJ32","TRBJ2-4",2,"AQKVTQTQTSISVMEKTTVTMDCVYE","TQDSSYF","LFWYKQTASGEIVFLIR","QDSYKKEN","ATVGHYSLNFQKPKSSIGLIITATQIEDSAVYF","GTGTLLSVKP","DMKVTQMPRYLIKRMGENVLLECGQD","MSHET","MYWYRQDPGLGLQLIYI","SYDVDS","NSEGDIPKGYRVSRKKREHFSLILDSAKTNQTSVYF","GAGTRLSVL","G3_80_ATCAGTAGTACGTGAT-1;G3_80_GCTTATCTCGCTGTAA-1",2,"E_备选（极小扩增）","Ready","Single"
"G3_80","CAMRSSNTDKVVF_CASRPGLGVYEQYF","TRAV16N","TRBV13-3","CAMRSSNTDKVVF","CASRPGLGVYEQYF","TRAJ34","TRBJ2-7",2,"AQKVTQTQTSISVMEKTTVTMDCVYE","TQDSSYF","LFWYKQTASGEIVFLIR","QDSYKKEN","ATVGHYSLNFQKPKSSIGLIITATQIEDSAVYF","GTGTRLQVSP","EAAVTQSPRSKVAVTGGKVTLSCHQT","NNHDY","MYWYRQDTGHGLRLIHY","SYVADS","TEKGDIPDGYKASRPSQENFSLILELASLSQTAVYF","GPGTRLTVL","G3_80_ACCTCTGTCCAAGTAT-1;G3_80_CAAGGCGCAAGCGTTT-1",2,"E_备选（极小扩增）","Ready","Single"
"G3_80","CATDDSGGSNAKLTF_CASSLGQSSYEQYF","TRAV8D-2","TRBV12-1","CATDDSGGSNAKLTF","CASSLGQSSYEQYF","TRAJ42","TRBJ2-7",2,"SQWGEENLQALSIQEGEDVTMNCSYK","TYTTV","VHWYRQDSGRGPALIIL","IRSNERE","KRSGRLRATLDTSSQSSSLSITAAQCEDTAVYF","GKGTKLSVKS","DSGVVQSPRHIIKEKGGRSVLTCIPI","SGHSN","VVWYQQTLGKELKFLIQ","HYEKVE","RDKGFLPSRFSVQQFDDYHSEMNMSALELEDSAMYF","GPGTRLTVL","G3_80_ATATCTGCAATAACTT-1;G3_80_GCAATGTGTATTACAG-1",2,"E_备选（极小扩增）","Ready","Single"
"G3_80","CATGGADRLTF_CASSHRGGYAEQFF","TRAV8D-1","TRBV14","CATGGADRLTF","CASSHRGGYAEQFF","TRAJ45","TRBJ2-1",2,"SQLAEENLWALSVHEGESVTVNCSYK","TSITA","LQWYRQKSGEGPAQLIL","IRSNERE","KRNGRLRATLDTSSQSSSLSITATRCEDTAVYF","GKGTQLIIQP","EAGVTQSPRYAVLQEGQAVSFWCDPI","SGHDT","LYWYQQPRDQGPQLLVY","FRDEAV","IDNSQLPSDRFSAVRPKGTNSTLKIQSAKQGDTATYL","GPGTRLTVL","G3_80_AGGCAGGGTCATGTCC-1;G3_80_GGGCTTCCAGCCAAGG-1",2,"E_备选（极小扩增）","Ready","Single"
"G3_80","CATPDRGSALGRLHF_CASKQGVNSPLYF","TRAV8D-1","TRBV13-1","CATPDRGSALGRLHF","CASKQGVNSPLYF","TRAJ18","TRBJ1-6",2,"SQLAEENPWALSVHEGESVTVNCSYK","TSITA","LQWYRQKSGEGPAQLIL","IRSNERE","KRNGRLRATLDTSSQSSSLSITATRCEDTAVYF","GAGTQLIVIP","EAAVTQSPRNKVTVTGGNVTLSCRQT","NSHNY","MYWYRQDTGHGLRLIHY","SYGAGN","LQIGDVPDGYKATRTTQEDFFLLLELASPSQTSLYF","AAGTRLTVT","G3_80_CCAGTTCGTACCACAG-1;G3_80_GGCTTAGGTACGGGTC-1",2,"E_备选（极小扩增）","Ready","Single"
"G3_80","CAVSANSGTYQRF_CASSTRTGGYAEQFF","TRAV3-3","TRBV19","CAVSANSGTYQRF","CASSTRTGGYAEQFF","TRAJ13","TRBJ2-1",2,"GEQVEQRPPHLSVREGDSAFITCTYT","DPNSYY","FFWYKQEPGASLQLLMK","VFSSTEI","NEGQGFTVLLNKKDKRLSLNLTAAHPGDSAAYF","GTGTKLQVVP","GGIITQTPKFLIGQEGQKLTLKCQQN","FNHDT","MYWYRQDSGKGLRLIYY","SITEND","LQKGDLSEGYDASREKKSSFSLTVTSAQKNEMAVFL","GPGTRLTVL","G3_80_ATAGCCTCAAAGTAAC-1;G3_80_CGGTCATAGGCGTTAC-1",2,"E_备选（极小扩增）","Ready","Single"
"G3_80","CAVSAQGTGSKLSF_CASSLRTENTEVFF","TRAV9N-4","TRBV14","CAVSAQGTGSKLSF","CASSLRTENTEVFF","TRAJ58","TRBJ1-1",2,"AQSVTQPDARVTVSEGASLQLRCKYS","YSATPY","LFWYVQYPRQGLQMLLK","YYSGDPVV","QGVNGFEAEFSKSDSSFHLRKASVHWSDSAVYF","GKGAKLTVSP","EAGVTQSPRYAVLQEGQAVSFWCDPI","SGHDT","LYWYQQPRDQGPQLLVY","FRDEAV","IDNSQLPSDRFSAVRPKGTNSTLKIQSAKQGDTATYL","GKGTRLTVV","G3_80_AGTCAGGAGACAAGCG-1;G3_80_GGGTTGAAGATTCGTG-1",2,"E_备选（极小扩增）","Ready","Single"
"G3_80","CAVSGTGNTRKLIF_CASGDPGGDTQYF","TRAV9N-2","TRBV12-2+TRBV13-2","CAVSGTGNTRKLIF","CASGDPGGDTQYF","TRAJ37","TRBJ2-5",2,"AQSVTQPDARVTVSEGASLQLRCKYS","SSVTPY","LFWYVQYPRQGLQLLLK","YYSGDPVV","QGVNGFEAEFSKSNSSFHLRKASVHWSDSAVYF","GLGTTLQVQP","EAAVTQSPRNKVAVTGGKVTLSCNQT","NNHNN","MYWYRQDTGHGLRLIHY","SYGAGS","TEKGDIPDGYKASRPSQENFSLILELATPSQTSVYF","GPGTRLLVL","G3_80_CTACAAGTCAACCCAA-1;G3_80_CTCTCGGGTACGCTGA-1",2,"E_备选（极小扩增）","Ready","Multi_Allele"
"G3_80","CAVSGTQVVGQLTF_CAWSRTGVNQAPLF","TRAV3-3","TRBV31","CAVSGTQVVGQLTF","CAWSRTGVNQAPLF","TRAJ5","TRBJ1-5",2,"GEQVEQRPPHLSVREGDSAVITCTYT","DPNSYY","FFWYKQEPGASLQLLMK","VFSSTEI","NEGQGFTVLLNKKDKRLSLNLTAAHPGDSAAYF","GSGTRLQVYA","AQTIHQWPVAEIKAVGSPLSLGCTIK","GKSSPN","LYWYWQATGGTLQQLFY","SITVG","QVESVVQLNLSASRPKDDQFILSTEKLLLSHSGFYL","GEGTRLSVL","G3_80_AATCCCTTCACATAAC-1;G3_80_GGGGTTCGTGGAGCTC-1",2,"E_备选（极小扩增）","Ready","Single"
"G3_80","CAVSITGGYKVVF_CASSLSGTLPSDYTF","TRAV7-1","TRBV29","CAVSITGGYKVVF","CASSLSGTLPSDYTF","TRAJ12","TRBJ1-2",2,"QQKVQQSPESLIVPEGGMASLNCTFS","DRNSQY","FWWYRQHSGEGPKALMS","IFSNGD","KKEGRFTAHLNKASLYVSLHIKDSQPSDSALYF","GSGTRLLVSP","DMKVTQMPRYLIKRMGENVLLECGQD","MSHET","MYWYRQDPGLGLQLIYI","SYDVDS","NSEGDIPKGYRVSRKKREHFSLILDSAKTNQTSVYF","GSGTRLLVI","G3_80_AACACGCTCCGTGTCC-1;G3_80_CATTAGCCAGGCGACA-1",2,"E_备选（极小扩增）","Ready","Single"
"G3_80","CAVSMMGYQNFYF_CTCSADDDYEQYF","TRAV9-4","TRBV1","CAVSMMGYQNFYF","CTCSADDDYEQYF","TRAJ49","TRBJ2-7",2,"AQSVTQPDARVTVSEGASLQLRCKYS","YSATPY","LFWYVQYPRQGLQLLLK","YYSGDPVV","QGVNGFEAEFSKSNSSFHLRKASVHWSDSAVYF","GKGTSLTVIP","VTLLEQNPRWRLVPRGQAVNLRCILK","NSQYPW","MSWYQQDLQKQLQWLFT","LRSPGD","KEVKSLPGADYLATRVTDTELRLQVANMSQGRTLY","GPGTRLTVL","G3_80_CCCTTGCAGAGACGAT-1;G3_80_CCTGTGGAGCGACCAT-1",2,"E_备选（极小扩增）","Ready","Single"
"G3_80","CAVSPPSGSWQLIF_CASGDGGSSYEQYF","TRAV7-3","TRBV12-2+TRBV13-2","CAVSPPSGSWQLIF","CASGDGGSSYEQYF","TRAJ22","TRBJ2-7",2,"QQNVQQSPESLIVPEGARTSLNCTFS","DSASQY","FWWYRQHSGKAPKALMS","IFSNGE","KEEGRFTIHLNKASLHFSLHIRDSQPSDSALYL","GSGTQLTVMP","EAAVTQSPRNKVAVTGGKVTLSCNQT","NNHNN","MYWYRQDTGHGLRLIHY","SYGAGS","TEKGDIPDGYKASRPSQENFSLILELATPSQTSVYF","GPGTRLTVL","G3_80_CCATGCTGTAGAGTAG-1;G3_80_GTCTATGAGCTAATAC-1",2,"E_备选（极小扩增）","Ready","Multi_Allele"
"G3_80","CAWRNNNNAPRF_CGARTTGWDTQYF","TRAV12-3","TRBV20","CAWRNNNNAPRF","CGARTTGWDTQYF","TRAJ43","TRBJ2-5",2,"GDSVTQTEGLVTLTEGLPVMLNCTYQ","TIYSNPF","LFWYVHYLNESPRLLLK","SSTDNKR","TEHQGFHATLHKSSSSFHLQKSSAQLSDSALYY","GAGTKLTVKP","GALVYQYPRRTICKSGTSMRMECQAV","GFQATS","VAWYRQSPQKTFELIAL","STVNSAI","KYEQNFTQEKFPISHPNLSFSSMTVLNAYLEDRGLYL","GPGTRLLVL","G3_80_CATTAAGGTGGTGCCG-1;G3_80_CTACTTCAGGGGTAGC-1",2,"E_备选（极小扩增）","Ready","Single"
"G3_80","CILLTGNYKYVF_CASSDGYEQYF","TRAV21-DV12","TRBV13-1","CILLTGNYKYVF","CASSDGYEQYF","TRAJ40","TRBJ2-7",2,"DAKTTQPDSMESTEGETVHLPCSHA","TISGNEY","IYWYRQVPLQGPEYVTH","GLQQN","TTNSMAFLAIASDRKSSTLILTHVSLRDAAVYH","GAGTRLKVIA","EAAVTQSPRNKVTVTGGNVTLSCRQT","NSHNY","MYWYRQDTGHGLRLIHY","SYGAGN","LQIGDVPDGYKATRTTQEDFFLLLELASPSQTSLYF","GPGTRLTVL","G3_80_CCCTAGACAACCATCG-1;G3_80_GGCTAAGAGAGTGCGA-1",2,"E_备选（极小扩增）","Ready","Single"
"G3_80","CILRVGDGNEKITF_CASSGDWDEQYF","TRAV21-DV12","TRBV15","CILRVGDGNEKITF","CASSGDWDEQYF","TRAJ48","TRBJ2-7",2,"DAKTTQPDSMESTEGETVHLPCSHA","TISGNEY","IYWYRQVPLQGPEYVTH","GLQQN","TTNSMAFLAIASDRKSSTLILTHVSLRDAAVYH","GAGTKLTIKP","DAGVTQTPRHEVAEKGQTIILKCEPV","SGHND","LFWYRQTKIQGLELLSY","FRSKSL","MEDGGAFKDRFKAEMLNSSFSTLKIQPTEPKDSAVYL","GPGTRLTVL","G3_80_AAGCATAAGAATGACA-1;G3_80_GCAACCCCACCATTAA-1",2,"E_备选（极小扩增）","Ready","Single"
"G3_80","CIVTATGGYKVVF_CASSQVLGGDTQYF","TRAV2","TRBV5","CIVTATGGYKVVF","CASSQVLGGDTQYF","TRAJ12","TRBJ2-5",2,"LAKTTQPPSMEAYEGQEVNVSCSHT","NIATSEY","IYWYRQVPHQGPQFIIQ","GYKDYVV","NEVASLFISADRKLSTLSLPWVSLRDAAVYY","GSGTRLLVSP","NTKITQSPRYLILGRANKSLECEQH","LGHNA","MYWYKQSAEKPPELMFL","YNLKQL","IRNETVPSRFIPECPDSSKLLLHISAVDPEDSAVYF","GPGTRLLVL","G3_80_CGGAATGAGCACTAGC-1;G3_80_GTGAACCTCCACCATT-1",2,"E_备选（极小扩增）","Ready","Single"
"G3_80","CPNSAGNKLTF_CGAGRGLQNTEVFF","TRAV7N-5","TRBV20","CPNSAGNKLTF","CGAGRGLQNTEVFF","TRAJ17","TRBJ1-1",2,"QQKVQQSPESLTVSEGAMASLNCTFS","DGTSDN","FRWYRQHSGKGLEVLVS","IFSDGE","KEEGRFTAHLNRASLHVSLHIREPQPSDSAVYL","GIGTRVLVRP","GALVYQYPRRTICKSGTSMRMECQAV","GFQATS","VAWYRQSPQKTFELIAL","STVNSAI","KYEQNFTQEKFPISHPNLSFSSMTVLNAYLEDRGLYL","GKGTRLTVV","G3_80_CCGTGTCTCAGTACGC-1;G3_80_GGTGAATAGACTATGT-1",2,"E_备选（极小扩增）","Ready","Single"
"G3_88","CAAEDNRIFF_CASSLQEDTEVFF","TRAV4-3","TRBV3","CAAEDNRIFF","CASSLQEDTEVFF","TRAJ31","TRBJ1-1",2,"GDQVKQSPSALSLQEGTNSALRCNFS","IATTT","VQWFLQNPRGSLMNLFY","LVPGT","KENGRLKSTFNSKESYSTLHIRDAQLEDSGTYF","GDGTQLVVKP","GPKVLQIPSHQIIDMGQMVTLNCDPV","SNHLY","FYWYKQILGQQMEFLVN","FYNGKV","MEKSKLFKDQFSVERPDGSYFTLKIQPTALEDSAVYF","GKGTRLTVV","G3_88_AGCGTTGGTACTCTAT-1;G3_88_CGGTGCTCAGCGTAGG-1",2,"E_备选（极小扩增）","Ready","Single"
"G3_88","CAAGGASSSFSKLVF_CASGDAGANTEVFF","TRAV10N","TRBV12-2+TRBV13-2","CAAGGASSSFSKLVF","CASGDAGANTEVFF","TRAJ50","TRBJ1-1",2,"GEKVEQHQSTLSVREGDSAVINCTYT","DTASSY","FPWYKQEAGKSLHFVID","IRSNVDR","KQSQRLTVLLDKKAKRFSLHITATQPEDSAIYF","GQGTSLSVVP","EAAVTQSPRNKVAVTGGKVTLSCNQT","NNHNN","MYWYRQDTGHGLRLIHY","SYGAGS","TEKGDIPDGYKASRPSQENFSLILELATPSQTSVYF","GKGTRLTVV","G3_88_AGGGACATCGGATCAC-1;G3_88_CGGAATGAGGCTATTG-1",2,"E_备选（极小扩增）","Ready","Multi_Allele"
"G3_88","CAAPNMGYKLTF_CASSISTGKEQYF","TRAV4-3","TRBV14","CAAPNMGYKLTF","CASSISTGKEQYF","TRAJ9","TRBJ2-7",2,"GDKVKQSPSALSLQEGTNSALRCNFS","IAATT","VQWFLQNPRGSLINLFY","LVPGT","KENGRLKSTFNSKESYSTLHIRDAQLEDSGTYF","GTGTSLLVDP","EAGVTQSPRYAVLQEGQAVSFWCDPI","SGHDT","LYWYQQPRDQGPQLLVY","FRDEAV","IDNSQLPSDRFSAVRPKGTNSTLKIQSAKQGDTATYL","GPGTRLTVL","G3_88_AACATGGCAACAGAAT-1;G3_88_ATCGGCGTCACTTACC-1",2,"E_备选（极小扩增）","Ready","Single"
"G3_88","CAARANTGANTGKLTF_CASSPPYRGRGQAPLF","TRAV5N-4","TRBV5","CAARANTGANTGKLTF","CASSPPYRGRGQAPLF","TRAJ52","TRBJ1-5",2,"GEQVEQLPSILRVQERSSASINCTYE","NSASNY","FPWYKQEPGENPKLIID","IRSNMER","KQIQGLIVLLDKKAKRFSLHITDTQPADSAMYF","GHGTILRVHP","NTKITQSPRYLILGRANKSLECEQH","LGHNA","MYWYKQSAEKPPELMFL","YNLKQL","IRNETVPSRFIPECPDSSKLLLHISAVDPEDSAVYF","GEGTRLSVL","G3_88_AATCCCCGTGGTGCGT-1;G3_88_CAGCCATAGCAATGGG-1",2,"E_备选（极小扩增）","Ready","Single"
"G3_88","CAASDHYGNEKITF_CASSGWGGWAEQFF","TRAV14D-3-DV8","TRBV17","CAASDHYGNEKITF","CASSGWGGWAEQFF","TRAJ48","TRBJ2-1",2,"QQQVRQSPQSLTVWEGETAILNCSYE","NSAFDY","FPWYQQFPGEGPALLIS","ILSVSNK","KEDGRFTIFFNKREKKLSLHIADSQPGDSATYF","GAGTKLTIKP","DTTVKQNPRYKLARVGKPVNLICSQT","MNHDT","MYWYQKKPNQAPKLLLF","YYDKIL","NREADTFEKFQSSRPNNSFCSLYIGSAGLEYSAMYL","GPGTRLTVL","G3_88_AATTACTCAGGGAGAA-1;G3_88_GCTCGGGGTAAGTGAG-1",2,"E_备选（极小扩增）","Ready","Single"
"G3_88","CAASEQTGNTRKLIF_CASRDSNQDTQYF","TRAV7-4","TRBV13-1","CAASEQTGNTRKLIF","CASRDSNQDTQYF","TRAJ37","TRBJ2-5",2,"QQKVQQSPESLSVPEGGMASFNCTSS","DRNFQY","FWWYRQHSGEGPKALMS","IFSDGD","KKEGRFTAHLNKASLHVSLHIRDSQPSDSALYF","GLGTTLQVQP","EAAVTQSPRNKVTVTGGNVTLSCRQT","NSHNY","MYWYRQDTGHGLRLIHY","SYGAGN","LQIGDVPDGYKATRTTQEDFFLLLELASPSQTSLYF","GPGTRLLVL","G3_88_ACGGGGTAGATTACAC-1;G3_88_GTGCGAAAGAGAGTTA-1",2,"E_备选（极小扩增）","Ready","Single"
"G3_88","CAASINTGNYKYVF_CASSGGQGNNQAPLF","TRAV7D-2","TRBV13-1","CAASINTGNYKYVF","CASSGGQGNNQAPLF","TRAJ40","TRBJ1-5",2,"QQKVQQSPESLIVPEGGMASLNCTSS","DRNVDY","FWWYRQHSGKSPKMLMS","IFSNGE","KEEGRFTVHLNKASLHTSLHIRDSQPSDSALYL","GAGTRLKVIA","EAAVTQSPRNKVTVTGGNVTLSCRQT","NSHNY","MYWYRQDTGHGLRLIHY","SYGAGN","LQIGDVPDGYKATRTTQEDFFLLLELASPSQTSLYF","GEGTRLSVL","G3_88_CATATTCGTACTCAGG-1;G3_88_GTGCAGTTCCTCTCCT-1",2,"E_备选（极小扩增）","Ready","Single"
"G3_88","CAASVTGYQNFYF_CGARLGAETLYF","TRAV7-4","TRBV20","CAASVTGYQNFYF","CGARLGAETLYF","TRAJ49","TRBJ2-3",2,"QQKVQQSPESLSVPEGGMASFNCTSS","DRNFQY","FWWYRQHSGEGPKALMS","IFSDGD","KKEGRFTAHLNKASLHVSLHIRDSQPSDSALYF","GKGTSLTVIP","GALVYQYPRRTICKSGTSMRMECQAV","GFQATS","VAWYRQSPQKTFELIAL","STVNSAI","KYEQNFTQEKFPISHPNLSFSSMTVLNAYLEDRGLYL","GSGTRLTVL","G3_88_CGTTAGGGTGGTGTGC-1;G3_88_GGAGTCTTCGTTCGGG-1",2,"E_备选（极小扩增）","Ready","Single"
"G3_88","CAGASSGSWQLIF_CASGDARGSQNTLYF","TRAV9-1","TRBV12-2+TRBV13-2","CAGASSGSWQLIF","CASGDARGSQNTLYF","TRAJ22","TRBJ2-4",2,"TQTVSQSDAHVTVFEGDSVELRCNYS","YGGSIY","LSWYIQHHGRGLQFLLK","YYSGNPVV","QGVNGFEAEFSKSDSSFHLRKASVHWSDSAVYF","GSGTQLTVMP","EAAVTQSPRNKVAVTGGKVTLSCNQT","NNHNN","MYWYRQDTGHGLRLIHY","SYGAGS","TEKGDIPDGYKASRPSQENFSLILELATPSQTSVYF","GAGTRLSVL","G3_88_ACATCCCGTAAACGGA-1;G3_88_CCTTAGCGTCTCGCCA-1",2,"E_备选（极小扩增）","Ready","Multi_Allele"
"G3_88","CAIKNTGKLTF_CAWSPGDNTEVFF","TRAV13N-2","TRBV31","CAIKNTGKLTF","CAWSPGDNTEVFF","TRAJ27","TRBJ1-1",2,"GQQVQQSPSSLVLQEGENAELQCNFS","STATQ","LQWFYQSPGGSLVSLLS","NPSGT","KHTGRLTSTTVTKERRSSLHISSSQTTDSGTYL","GDGTVLTVKP","AQTIHQWPVAEIKAVGSPLSLGCTIK","GKSSPN","LYWYWQATGGTLQQLFY","SITVG","QVESVVQLNLSASRPKDDQFILSTEKLLLSHSGFYL","GKGTRLTVV","G3_88_ACAGGTTGTAGCTTGG-1;G3_88_ACTCGGGTCATGGTCA-1",2,"E_备选（极小扩增）","Ready","Single"
"G3_88","CALGGHTGNYKYVF_CTCSADLGGGQNTLYF","TRAV6N-5","TRBV1","CALGGHTGNYKYVF","CTCSADLGGGQNTLYF","TRAJ40","TRBJ2-4",2,"DSVTQTEGPVTLSEGTSLTVNCSYET","KQYPTL","FWYVQYPGEGPQLLFKV","PKANEKG","SNRGFEATYNKEATSFHLQKASVQESDSAVYY","GAGTRLKVIA","VTLLEQNPRWRLVPRGQAVNLRCILK","NSQYPW","MSWYQQDLQKQLQWLFT","LRSPGD","KEVKSLPGADYLATRVTDTELRLQVANMSQGRTLY","GAGTRLSVL","G3_88_ACTTATCGTCTCGCTG-1;G3_88_CCCAAATCAACATACC-1",2,"E_备选（极小扩增）","Ready","Single"
"G3_88","CALPGAYKVIF_CASSRGTGGPEVFF","TRAV12N-2","TRBV17","CALPGAYKVIF","CASSRGTGGPEVFF","TRAJ30","TRBJ1-1",2,"GDSVTQTEGLVTLTKGLPVMLNCTYQ","TTYSPF","LFWYVQHLNEAPKLLLK","SSTDNKR","TEHQGFYATLHKSSSSFHLQKSSVQLSDSALYF","GKGTHLHVLP","DTTVKQNPRYKLARVGKPVNLICSQT","MNHDT","MYWYQKKPNQAPKLLLF","YYDKIL","NREADTFEKFQSSRPNNSFCSLYIGSAGLEYSAMYL","GKGTRLTVV","G3_88_CAGTATAGTAAGTCCG-1;G3_88_GTAATTGGTAGGTTCG-1",2,"E_备选（极小扩增）","Ready","Single"
"G3_88","CALPVSSGSWQLIF_CASGDGTGGSETLYF","TRAV6-5","TRBV12-2+TRBV13-2","CALPVSSGSWQLIF","CASGDGTGGSETLYF","TRAJ22","TRBJ2-3",2,"GDSVTQTEGPVTLSEGTSLTVNCSYE","TKQYPT","LFWYVQYPGEGPQLLFK","VPKANEK","GSSRGFEATYNKEATSFHLQKASVQESDSAVYY","GSGTQLTVMP","EAAVTQSPRNKVAVTGGKVTLSCNQT","NNHNN","MYWYRQDTGHGLRLIHY","SYGAGS","TEKGDIPDGYKASRPSQENFSLILELATPSQTSVYF","GSGTRLTVL","G3_88_CGATGGCGTACCTTGC-1;G3_88_GTTCGTTTCAGTCCTT-1",2,"E_备选（极小扩增）","Ready","Multi_Allele"
"G3_88","CALSASTNAYKVIF_CASGDGGLGGDEQYF","TRAV9-4","TRBV12-2+TRBV13-2","CALSASTNAYKVIF","CASGDGGLGGDEQYF","TRAJ30","TRBJ2-7",2,"AQSVTQPDARVTVSEGASLQLRCKYS","YSGTPY","LFWYVQYPRQGLQLLLK","YYSGDPVV","QGVNGFEAEFSKSNSSFHLRKASVHWSDSAVYF","GKGTHLHVLP","EAAVTQSPRNKVAVTGGKVTLSCNQT","NNHNN","MYWYRQDTGHGLRLIHY","SYGAGS","TEKGDIPDGYKASRPSQENFSLILELATPSQTSVYF","GPGTRLTVL","G3_88_ACTCCGACAAATTCGC-1;G3_88_GTAGGTGAGCGTCAGT-1",2,"E_备选（极小扩增）","Ready","Multi_Allele"
"G3_88","CALSDGTGNYKYVF_CASGESRQDTQYF","TRAV12-3","TRBV12-2+TRBV13-2","CALSDGTGNYKYVF","CASGESRQDTQYF","TRAJ40","TRBJ2-5",2,"GDSVTQTEGLVTLTEGLPVMLNCTYQ","TIYSNAF","LFWYVHYLNESPWLLLR","SSTDNKR","TEHQGFHATLHKSSSSFHLQKSSAQLSDSALYY","GAGTRLKVIA","EAAVTQSPRNKVAVTGGKVTLSCNQT","NNHNN","MYWYRQDTGHGLRLIHY","SYGAGS","TEKGDIPDGYKASRPSQENFSLILELATPSQTSVYF","GPGTRLLVL","G3_88_GCCTTTCCAACCACAT-1;G3_88_GCGCGTATCACTGCCC-1",2,"E_备选（极小扩增）","Ready","Multi_Allele"
"G3_88","CALSDLPASLGKLQF_CASSGDRGAPLYF","TRAV12N-2","TRBV13-1","CALSDLPASLGKLQF","CASSGDRGAPLYF","TRAJ24","TRBJ1-6",2,"GDSVTQTEGLVTLTEGLPVMLNCTYQ","TAYSTF","LFWYVQHLNEAPKLLLK","SSTDNKR","TEHQGFHATLHKSSSSFHLQKSSAQLSDSALYY","GTGTQVVVTP","EAAVTQSPRNKVTVTGGNVTLSCRQT","NSHNY","MYWYRQDTGHGLRLIHY","SYGAGN","LQIGDVPDGYKATRTTQEDFFLLLELASPSQTSLYF","AAGTRLTVT","G3_88_AGCGTGAAGACTACAT-1;G3_88_GGGTGCTGTGGGTTGC-1",2,"E_备选（极小扩增）","Ready","Single"
"G3_88","CALSETGGNNKLTF_CASSPRGLAETLYF","TRAV12-3","TRBV17","CALSETGGNNKLTF","CASSPRGLAETLYF","TRAJ56","TRBJ2-3",2,"GDSVTQTEGLVTLTEGLPVMLNCTYQ","TIYSNPF","LFWYVHYLNESPRLLLK","SSTDNKR","TEHQGFHATLHKSSSSFHLQKSSAQLSDSALYY","GQGTVLSVIP","DTTVKQNPRYKLARVGKPVNLICSQT","MNHDT","MYWYQKKPNQAPKLLLF","YYDKIL","NREADTFEKFQSSRPNNSFCSLYIGSAGLEYSAMYL","GSGTRLTVL","G3_88_GGCCATTAGACAATAG-1;G3_88_GTTCAATAGGTATACT-1",2,"E_备选（极小扩增）","Ready","Single"
"G3_88","CALSGQGGSAKLIF_CASSGGRLNTLYF","TRAV12-3","TRBV13-1","CALSGQGGSAKLIF","CASSGGRLNTLYF","TRAJ57","TRBJ2-4",2,"GDSVTQTEGLVTLTEGLPVMLNCTYQ","TIYSNPF","LFWYVHYLNESPRLLLK","SSTDNKR","TEHQGFHATLHKSSSSFHLQKSSAQLSDSALYY","GEGTKLTVSS","EAAVTQSPRNKVTVTGGNVTLSCRQT","NSHNY","MYWYRQDTGHGLRLIHY","SYGAGN","LQIGDVPDGYKATRTTQEDFFLLLELASPSQTSLYF","GAGTRLSVL","G3_88_CAAACCTCAAGGTTTC-1;G3_88_CTAGTTCTCAAACTAC-1",2,"E_备选（极小扩增）","Ready","Single"
"G3_88","CALSLENTGYQNFYF_CASRKTINTLYF","TRAV6D-6","TRBV2","CALSLENTGYQNFYF","CASRKTINTLYF","TRAJ49","TRBJ2-4",2,"GDSVTQTEGQVTVSESKSLIINCTYS","ATSIAYPN","LFWYVRYPGEGLQLLLK","VITAGQK","GSSRGFEATYNKETTSFHLQKASVQESDSAVYY","GKGTSLTVIP","DPKIIQKPKYLVAVTGSEKILICEQY","LGHNA","MYWYRQSAKKPLEFMFS","YSYQKL","MDNQTASSRFQPQSSKKNHLDLQITALKPDDSATYF","GAGTRLSVL","G3_88_AACGAGAGTATCATCT-1;G3_88_AGGCTTGGTCACGGGT-1",2,"E_备选（极小扩增）","Ready","Single"
"G3_88","CALSPYAQGLTF_CASSLSGTGNTGQLYF","TRAV9-4","TRBV29","CALSPYAQGLTF","CASSLSGTGNTGQLYF","TRAJ26","TRBJ2-2",2,"AQSVTQPDARVTVSEGASLQLRCKYS","YSGTPY","LFWYVQYPRQGLQLLLK","YYSGDPVV","QGVNGFEAEFSKSNSSFHLRKASVHWSDSAVYF","GLGTRVSVFP","DMKVTQMPRYLIKRMGENVLLECGQD","MSHET","MYWYRQDPGLGLQLIYI","SYDVDS","NSEGDIPKGYRVSRKKREHFSLILDSAKTNQTSVYF","GEGSKLTVL","G3_88_AAACTAGAGCCGTCGA-1;G3_88_CCAGAGGCACAGTCCA-1",2,"E_备选（极小扩增）","Ready","Single"
"G3_88","CALVGNTGNYKYVF_CASSDAHNERLFF","TRAV6-4","TRBV13-3","CALVGNTGNYKYVF","CASSDAHNERLFF","TRAJ40","TRBJ1-4",2,"GDSVTQKQGQVTLSEDDFLFINCTYS","TTTYPT","LLWYVQYPGQGPQLLLK","VTTANNK","GISRGFEATYDKGTTSFHLQKASVQESDSAVYF","GAGTRLKVIA","EAAVTQSPRSKVAVTGGKVTLSCHQT","NNHDY","MYWYRQDTGHGLRLIHY","SYVADS","TEKGDIPDGYKASRPSQENFSLILELASLSQTAVYF","GHGTKLSVL","G3_88_ACATTCCTCCTTCATA-1;G3_88_CTACAATAGATGGGCA-1",2,"E_备选（极小扩增）","Ready","Single"
"G3_88","CAMDRGSALGRLHF_CASRDWANQDTQYF","TRAV13D-3","TRBV10","CAMDRGSALGRLHF","CASRDWANQDTQYF","TRAJ18","TRBJ2-5",2,"GQQVEQSPASLVLQEGENAELQCTYST","TLNSM","QWFYQRPGGRLVSLLYS","PSWAEQ","RGGRLTSSAASNESRSSLHISSSQITDSGTYL","GAGTQLIVIP","ETAVFQTPNYHVTQVGNEVSFNCKQT","LGHDT","MYWYKQDSKKLLKIMFS","YNNKQL","IVNETVPRRFSPQSSDKAHLNLRIKSVEPEDSAVYL","GPGTRLLVL","G3_88_ATCCCCGGTGGATATC-1;G3_88_CGTCGGGGTACCTATT-1",2,"E_备选（极小扩增）","Ready","Single"
"G3_88","CAMRDPGTQVVGQLTF_CGARGGQTNERLFF","TRAV16N","TRBV20","CAMRDPGTQVVGQLTF","CGARGGQTNERLFF","TRAJ5","TRBJ1-4",2,"AQKVTQTQTSISVMEKTTVTMDCVYE","TQDSSYF","LFWYKQTASGEIVFLIR","QDSYKKEN","ATVGHYSLNFQKPKSSIGLIITATQIEDSAVYF","GSGTRLQVYA","GALVYQYPRRTICKSGTSMRMECQAV","GFQATS","VAWYRQSPQKTFELIAL","STVNSAI","KYEQNFTQEKFPISHPNLSFSSMTVLNAYLEDRGLYL","GHGTKLSVL","G3_88_ACGTGGGCACATATGC-1;G3_88_GCGCTTACAACCTGCA-1",2,"E_备选（极小扩增）","Ready","Single"
"G3_88","CAMRDTGNYKYVF_CTCSADNWGYEQYF","TRAV16N","TRBV1","CAMRDTGNYKYVF","CTCSADNWGYEQYF","TRAJ40","TRBJ2-7",2,"AQKVTQTQTSISVMEKTTVTMDCVYE","TQDSSYF","LFWYKQTASGEIVFLIR","QDSYKKEN","ATVGHYSLNFQKPKSSIGLIITATQIEDSAVYF","GAGTRLKVIA","VTLLEQNPRWRLVPRGQAVNLRCILK","NSQYPW","MSWYQQDLQKQLQWLFT","LRSPGD","KEVKSLPGADYLATRVTDTELRLQVANMSQGRTLY","GPGTRLTVL","G3_88_CTGACAATCACGACTA-1;G3_88_GTACTTACACAATTCA-1",2,"E_备选（极小扩增）","Ready","Single"
"G3_88","CAMREGAGASSSFSKLVF_CTCSAGQGANTEVFF","TRAV16N","TRBV1","CAMREGAGASSSFSKLVF","CTCSAGQGANTEVFF","TRAJ50","TRBJ1-1",2,"AQKVTQTQTSISVMEKTTVTMDCVYE","TQDSSYF","LFWYKQTASGEIVFLIR","QDSYKKEN","ATVGHYSLNFQKPKSSIGLIITATQIEDSAVYF","GQGTSLSVVP","VTLLEQNPRWRLVPRGQAVNLRCILK","NSQYPW","MSWYQQDLQKQLQWLFT","LRSPGD","KEVKSLPGADYLATRVTDTELRLQVANMSQGRTLY","GKGTRLTVV","G3_88_AACGGTACACTTGACG-1;G3_88_CTATCTTCAGCTCGGT-1",2,"E_备选（极小扩增）","Ready","Single"
"G3_88","CAMREVNQGGSAKLIF_CGARRLGGRQNTLYF","TRAV16N","TRBV20","CAMREVNQGGSAKLIF","CGARRLGGRQNTLYF","TRAJ57","TRBJ2-4",2,"AQKVTQTQTSISVMEKTTVTMDCVYE","TQDSSYF","LFWYKQTASGEIVFLIR","QDSYKKEN","ATVGHYSLNFQKPKSSIGLIITATQIEDSAVYF","GEGTKLTVSS","GALVYQYPRRTICKSGTSMRMECQAV","GFQATS","VAWYRQSPQKTFELIAL","STVNSAI","KYEQNFTQEKFPISHPNLSFSSMTVLNAYLEDRGLYL","GAGTRLSVL","G3_88_CGGCACTCACGCAGCT-1;G3_88_CGTTCCGGTACAAGTC-1",2,"E_备选（极小扩增）","Ready","Single"
"G3_88","CAMREVNYGGSGNKLIF_CASSGDRSSGNTLYF","TRAV16N","TRBV29","CAMREVNYGGSGNKLIF","CASSGDRSSGNTLYF","TRAJ32","TRBJ1-3",2,"AQKVTQTQTSISVMEKTTVTMDCVYE","TQDSSYF","LFWYKQTASGEIVFLIR","QDSYKKEN","ATVGHYSLNFQKPKSSIGLIITATQIEDSAVYF","GTGTLLSVKP","DMKVTQMPRYLIKRMGENVLLECGQD","MSHET","MYWYRQDPGLGLQLIYI","SYDVDS","NSEGDIPKGYRVSRKKREHFSLILDSAKTNQTSVYF","GEGSRLIVV","G3_88_ACGGATTGTAATCTAG-1;G3_88_CCTCATCCACATAGCT-1",2,"E_备选（极小扩增）","Ready","Single"
"G3_88","CAVAGGSGNKLIF_CTCRATGGASQNTLYF","TRAV9-1","TRBV1","CAVAGGSGNKLIF","CTCRATGGASQNTLYF","TRAJ32","TRBJ2-4",2,"TQTVSQSDAHVTVFEGDSVELRCNYS","YGGSIY","LSWYIQHHGRGLQFLLK","YYSGNPVV","QGVNGFEAEFSKSDSSFHLRKASVHWSDSAVYF","GTGTLLSVKP","VTLLEQNPRWRLVPRGQAVNLRCILK","NSQYPW","MSWYQQDLQKQLQWLFT","LRSPGD","KEVKSLPGADYLATRVTDTELRLQVANMSQGRTLY","GAGTRLSVL","G3_88_AAGGACCCACCACAGC-1;G3_88_ATGCGAACAAGAATTA-1",2,"E_备选（极小扩增）","Ready","Single"
"G3_88","CAVKGNNAGAKLTF_CASSLRLGGYAEQFF","TRAV7-3","TRBV2","CAVKGNNAGAKLTF","CASSLRLGGYAEQFF","TRAJ39","TRBJ2-1",2,"QQNVQQSPESLIVPEGARTSLNCTFS","DSASQY","FWWYRQHSGKAPKALMS","IFSNGE","KEEGRFTIHLNKASLHFSLHIRDSQPSDSALYL","GGGTRLTVRP","DPKIIQKPKYLVAVTGSEKILICEQY","LGHNA","MYWYRQSAKKPLEFMFS","YSYQKL","MDNQTASSRFQPQSSKKNHLDLQITALKPDDSATYF","GPGTRLTVL","G3_88_ATACACCCAACGTCCA-1;G3_88_GTAATTATCCACCTCA-1",2,"E_备选（极小扩增）","Ready","Single"
"G3_88","CAVRVDYANKMIF_CASSIGRNSDYTF","TRAV9-4","TRBV19","CAVRVDYANKMIF","CASSIGRNSDYTF","TRAJ47","TRBJ1-2",2,"AQSVTQPDARVTVSEGASLQLRCKYS","YSATPY","LFWYVQYPRQGLQLLLK","YYSGDPVV","QGVNGFEAEFSKSNSSFHLRKASVHWSDSAVYF","GLGTILRVRP","GGIITQTPKFLIGQEGQKLTLKCQQN","FNHDT","MYWYRQDSGKGLRLIYY","SITEND","LQKGDLSEGYDASREKKSSFSLTVTSAQKNEMAVFL","GSGTRLLVI","G3_88_CAACTTACAATGGTAG-1;G3_88_GGCTTAGGTATCCCTA-1",2,"E_备选（极小扩增）","Ready","Single"
"G3_88","CAVSEESGTYQRF_CASSLRLGGLAEQFF","TRAV3-3","TRBV29","CAVSEESGTYQRF","CASSLRLGGLAEQFF","TRAJ13","TRBJ2-1",2,"GEQVEQRPPHLSVREGDSAFITCTYT","DPNSYY","FFWYKQEPGASLQLLMK","VFSSTEI","NEGQGFTVLLNKKDKRLSLNLTAAHPGDSAAYF","GTGTKLQVVP","DMKVTQMPRYLIKRMGENVLLECGQD","MSHET","MYWYRQDPGLGLQLIYI","SYDVDS","NSEGDIPKGYRVSRKKREHFSLILDSAKTNQTSVYF","GPGTRLTVL","G3_88_ACCTCTCCACTTAAAT-1;G3_88_CTGTCGGAGCCAAATT-1",2,"E_备选（极小扩增）","Ready","Single"
"G3_88","CAVSVSGSWQLIF_CAWSQGREQYF","TRAV3-3","TRBV31","CAVSVSGSWQLIF","CAWSQGREQYF","TRAJ22","TRBJ2-7",2,"GEQVEQRPPHLSVREGDSAFITCTYT","DPNSYY","FFWYKQEPGASLQLLMK","VFSSTEI","NEGQGFTVLLNKKDKRLSLNLTAAHPGDSAAYF","GSGTQLTVMP","AQTIHQWPVAEIKAVGSPLSLGCTIK","GKSSPN","LYWYWQATGGTLQQLFY","SITVG","QVESVVQLNLSASRPKDDQFILSTEKLLLSHSGFYL","GPGTRLTVL","G3_88_ACCACCTGTAACTCGG-1;G3_88_GTCGAATGTCTAAGTA-1",2,"E_备选（极小扩增）","Ready","Single"
"G3_88","CILRDGGTGSKLSF_CTCSAITGGGYEQYF","TRAV21-DV12","TRBV1","CILRDGGTGSKLSF","CTCSAITGGGYEQYF","TRAJ58","TRBJ2-7",2,"DAKTTQPDSMESTEGETVHLPCSHA","TISGNEY","IYWYRQVPLQGPEYVTH","GLQQN","TTNSMAFLAIASDRKSSTLILTHVSLRDAAVYH","GKGAKLTVSP","VTLLEQNPRWRLVPRGQAVNLRCILK","NSQYPW","MSWYQQDLQKQLQWLFT","LRSPGD","KEVKSLPGADYLATRVTDTELRLQVANMSQGRTLY","GPGTRLTVL","G3_88_AGTACGCTCACATGTG-1;G3_88_GCACGTGTCGTTGACA-1",2,"E_备选（极小扩增）","Ready","Single"
"G3_88","CVLAYNYAQGLTF_CASSQGGSAETLYF","TRAV6-1","TRBV5","CVLAYNYAQGLTF","CASSQGGSAETLYF","TRAJ26","TRBJ2-3",2,"GDSVTQMQGQVTLSEDDFLFINCTYS","TTWYPT","LFWYVQYPGEGPQLLLK","VTTANNK","GISRGFEATYDKRTTSFHLQKASVQESDSAVYY","GLGTRVSVFP","NTKITQSPRYLILGRANKSLECEQH","LGHNA","MYWYKQSAEKPPELMFL","YNLKQL","IRNETVPSRFIPECPDSSKLLLHISAVDPEDSAVYF","GSGTRLTVL","G3_88_AAGTTTGGTCTATTCG-1;G3_88_GCGGTCTCAGGTCATT-1",2,"E_备选（极小扩增）","Ready","Single"
"G3_88","CVLGDPQGGRALIF_CTCSADRVSNERLFF","TRAV6-1","TRBV1","CVLGDPQGGRALIF","CTCSADRVSNERLFF","TRAJ15","TRBJ1-4",2,"GDSVTQMQGQVTLSEDDFLFINCTYS","TTWYPT","LFWYVQYPGEGPQLLLK","VTTANNK","GISRGFEATYDKRTTSFHLQKASVQESDSAVYY","GTGTTVSVSP","VTLLEQNPRWRLVPRGQAVNLRCILK","NSQYPW","MSWYQQDLQKQLQWLFT","LRSPGD","KEVKSLPGADYLATRVTDTELRLQVANMSQGRTLY","GHGTKLSVL","G3_88_ACATTCTGTACTCAGG-1;G3_88_GTACGCCCACGTCGGT-1",2,"E_备选（极小扩增）","Ready","Single"
