"Sample","CDR3_comb","TRAV","TRBV","CDR3a","CDR3b","Ja","Jb","Count","TRA_fwr1","TRA_cdr1","TRA_fwr2","TRA_cdr2","TRA_fwr3","TRA_fwr4","TRB_fwr1","TRB_cdr1","TRB_fwr2","TRB_cdr2","TRB_fwr3","TRB_fwr4","cell_barcodes","n_cells","Priority","WetLab_Ready","TRBV_Complexity"
"G4_90","CAVSNTGANTGKLTF_CASRRNERLFF","TRAV3-4","TRBV13-1","CAVSNTGANTGKLTF","CASRRNERLFF","TRAJ52","TRBJ1-4",205,"GEQVEQRPPHLSVPEGDSAVIICTYT","DSATAY","FYWYKQEPGAGLQLLMS","VFSNVDR","KEEQGLTVLLNKKDKQLSLNLTAAHPGDSAVYF","GHGTILRVHP","EAAVTQSPRNKVTVTGGNVTLSCRQT","NSHNY","MYWYRQDTGHGLRLIHY","SYGAGN","LQIGDVPDGYKATRTTQEDFFLLLELASPSQTSLYF","GHGTKLSVL","G4_90_AAACGGCCACTGATTA-1;G4_90_AAACTCCCAAGTAAAC-1;G4_90_AAATTTCCACAATGTC-1;G4_90_AACAGGTAGAGGTACG-1;G4_90_AACGAAGGTAGCTTGG-1;G4_90_AACGAGCCAACCCATG-1;G4_90_AACTTCTGTCTAATCT-1;G4_90_AACTTGTAGCGCGATT-1;G4_90_AAGCGTTGTCGCCATT-1;G4_90_AAGGTAGGTGGTGTGC-1;G4_90_AAGTCGCTCAGGGTTC-1;G4_90_AATCATATCCTATGCT-1;G4_90_AATGTAGAGATGAAGC-1;G4_90_AATTGAACACTGTACG-1;G4_90_ACAAGCGAGCATACAT-1;G4_90_ACACCTTTCGCTTCGC-1;G4_90_ACAGAACAGCGTTACA-1;G4_90_ACAGAATCACGCGTAC-1;G4_90_ACAGACACAGGTGCGA-1;G4_90_ACAGACGAGAGTAATG-1;G4_90_ACAGCTATCCGTTACT-1;G4_90_ACAGGCCGTAAGTGCT-1;G4_90_ACATATGGTAAGGGAC-1;G4_90_ACATGTCCAGTCGCAC-1;G4_90_ACCAATGTCACCATCT-1;G4_90_ACCACATCACTTCGAG-1;G4_90_ACCACGTAGAGTATTC-1;G4_90_ACCCAACAGACCCGCA-1;G4_90_ACCCCAACACGTCAGC-1;G4_90_ACGAGGTCAAGTCTTA-1;G4_90_ACGCTTCGTCCGCTTG-1;G4_90_ACGGTTGGTCGTTCCG-1;G4_90_ACGTAATTCGTGCATA-1;G4_90_ACGTGATGTAGTACGT-1;G4_90_ACGTTATAGCTTGGGT-1;G4_90_ACGTTCCGTGGCTATG-1;G4_90_ACTAATTCAATACGCT-1;G4_90_ACTATCACAGTGAGCG-1;G4_90_ACTTCATGTCCAAAGT-1;G4_90_ACTTCGGCAGTCAAGA-1;G4_90_ACTTTAGCAGTCTAAC-1;G4_90_ACTTTCATCCAGCAGT-1;G4_90_AGAATGGGTAATTGTG-1;G4_90_AGACAATCAAGCGCTC-1;G4_90_AGAGGCGGTCCTTCGG-1;G4_90_AGGTAATCAATTAATC-1;G4_90_AGTACAGCAAGGACTA-1;G4_90_AGTATTATCCAGTCCC-1;G4_90_AGTATTATCCGTATAG-1;G4_90_AGTCGCGTCAAGGGGC-1;G4_90_AGTCGTCAGGTGAGTG-1;G4_90_AGTGAGAGTCAGTCAG-1;G4_90_AGTGGGCAGCCGCTGA-1;G4_90_AGTTGGCTCCAGTAGC-1;G4_90_AGTTGTGTCGTTAGGC-1;G4_90_ATACTAGGTAACTCCC-1;G4_90_ATCATCGAGCTAGTCA-1;G4_90_ATCATGCCAAGACAGC-1;G4_90_ATCCCGCTCACTACCT-1;G4_90_ATCTTCCAGGCCTATA-1;G4_90_ATGCATTAGGCGGTTT-1;G4_90_ATGCCCGAGCCTCTTG-1;G4_90_ATGGCCAGTCCTATGC-1;G4_90_ATGGCCCCAACATAGG-1;G4_90_ATGTATCAGCGTCAAC-1;G4_90_ATTACTTTCCGGTCGA-1;G4_90_ATTCATGCACTAATAT-1;G4_90_ATTCTAGCAACCTAGT-1;G4_90_ATTGAGAAGAAACCCC-1;G4_90_ATTGTCCTCCGGCACA-1;G4_90_CAAAGCGAGCAAGGCA-1;G4_90_CAAAGTAAGACATGAA-1;G4_90_CAATCCGCAAATCACC-1;G4_90_CAATTCCTCCCACGCT-1;G4_90_CAATTCTGTCATGTCC-1;G4_90_CACGTCGAGAGGAGTT-1;G4_90_CAGCAACTCCTGTCAT-1;G4_90_CAGCAGGCACGATTTA-1;G4_90_CAGCAGTTCGTTAAGT-1;G4_90_CAGCATGGTCGGTATG-1;G4_90_CAGCCCCGTGGGTGCT-1;G4_90_CAGGGTAAGCGGTTCG-1;G4_90_CAGGTATGTATTATGG-1;G4_90_CAGTAATTCACACTTC-1;G4_90_CAGTATTAGGGCCATT-1;G4_90_CAGTTGGGTCACCCGC-1;G4_90_CAGTTTACAAAGTAAC-1;G4_90_CATAGGGAGCAAAGGT-1;G4_90_CATAGTCCACGGGTCT-1;G4_90_CATCGGCCAATTAAAG-1;G4_90_CATGTTGAGAGGTTGG-1;G4_90_CATTCAACAATAGCGA-1;G4_90_CATTTCCAGGTGATTT-1;G4_90_CCACAACAGGGGAGCT-1;G4_90_CCAGATGGTCAGGGTC-1;G4_90_CCATCGACACATAATT-1;G4_90_CCATGCGAGCTAGTTG-1;G4_90_CCATTACTCCCCTAAT-1;G4_90_CCCAAATCAAACCAGA-1;G4_90_CCCAATCGTGGCCCCT-1;G4_90_CCCATTTAGGTTGCGT-1;G4_90_CCCTAGCTCGGGCTTG-1;G4_90_CCCTAGGAGGTAACCC-1;G4_90_CCGGGTATCCCCACGT-1;G4_90_CCGTGATAGCTTGTGA-1;G4_90_CCTACGGAGGGAGGTC-1;G4_90_CCTATGAAGCGATTTG-1;G4_90_CCTGATAAGACTTAAC-1;G4_90_CCTTCATAGCGTTCAA-1;G4_90_CCTTGAGCACCACTAG-1;G4_90_CGACTAGGTGGATTGT-1;G4_90_CGATAGACAAGCTGCC-1;G4_90_CGATAGCTCAGGAATA-1;G4_90_CGATAGCTCGTTCGGG-1;G4_90_CGATCGGTCGCGGTAT-1;G4_90_CGATTGCAGCAACATT-1;G4_90_CGATTTGAGCTAGTCA-1;G4_90_CGCCTACTCGTCAATG-1;G4_90_CGCTGGGGTGGGCGTT-1;G4_90_CGCTTGCTCGCGTGTG-1;G4_90_CGGAATCTCATAACGT-1;G4_90_CGGACCTCAAGCGAAC-1;G4_90_CGGCAAGCAATCCTAA-1;G4_90_CGGGCATGTCTCGGTT-1;G4_90_CGGGTTAGTAGAGAAT-1;G4_90_CGGTGCTCAAATATAG-1;G4_90_CGTACGTAGCTGTACA-1;G4_90_CGTAGGCGTCGACGTA-1;G4_90_CGTGAGCGTGCTAGGC-1;G4_90_CGTTGCTGTGGCATGC-1;G4_90_CTAATCACAAGGCGCA-1;G4_90_CTAATGAGTGGTAGGG-1;G4_90_CTACAAGTCCAGCTAA-1;G4_90_CTACGCGAGACGACAG-1;G4_90_CTACTACTCATGGGTC-1;G4_90_CTATCAGAGCCCTAGG-1;G4_90_CTATCCCCAGTTAGAG-1;G4_90_CTCATTTCAGGTGATA-1;G4_90_CTCCATGTCAGGTGTC-1;G4_90_CTCGAGTAGGTAGTGG-1;G4_90_CTCTAGCGTCGCTCTG-1;G4_90_CTCTAGCGTGGGACTC-1;G4_90_CTGATTGAGAACGGAT-1;G4_90_CTGGCTCTCCACAAGC-1;G4_90_CTGGTAATCGTTAGGC-1;G4_90_CTGTACTTCGTCTCTG-1;G4_90_CTTATGCTCATAGGGG-1;G4_90_CTTCAACTCCAGTAGC-1;G4_90_CTTCAATGTAGCGTTG-1;G4_90_GCAACTTCACGCATCA-1;G4_90_GCAAGCTTCCTCGGGA-1;G4_90_GCAAGGGGTCGCCTAT-1;G4_90_GCACCATAGCTACGCG-1;G4_90_GCACGGACAAAGGCCG-1;G4_90_GCACTCTGTATAAGCC-1;G4_90_GCAGGGTAGCTCGTAA-1;G4_90_GCAGTCAGTCAGGTGC-1;G4_90_GCATCGGTCCTCCACA-1;G4_90_GCATGGTTCCAGTAGC-1;G4_90_GCGAATTGTGGCTAGC-1;G4_90_GCTAACTCACTTATCT-1;G4_90_GCTACACAGCGCTGAT-1;G4_90_GCTTAGGGTCGGTGTA-1;G4_90_GCTTAGGGTCTCGATC-1;G4_90_GGAATACAGCACTTTC-1;G4_90_GGACATGAGAGTGTAA-1;G4_90_GGACCGACAGTGCTCA-1;G4_90_GGATACCTCCCTTCTC-1;G4_90_GGATGACCAGCACGCT-1;G4_90_GGATTAGCAGTTCAGT-1;G4_90_GGCCATTAGGTCTACA-1;G4_90_GGCCTTGAGATTCGTG-1;G4_90_GGCGACACAACTCGAT-1;G4_90_GGCTATGGTCGCTGGG-1;G4_90_GGGAGCTAGCCTCGAG-1;G4_90_GGGATCAAGATGGTAA-1;G4_90_GGGGTTAAGCTACGTA-1;G4_90_GGGTCATTCAGTCATG-1;G4_90_GGGTTAGAGCTCTGGG-1;G4_90_GGGTTATGTGTATCGG-1;G4_90_GGGTTGCGTGTCTCCG-1;G4_90_GGTCTAGGTCACGAAT-1;G4_90_GGTGAATAGCATGTCA-1;G4_90_GGTGTTATCCTTAATT-1;G4_90_GGTTATAGTATATTGG-1;G4_90_GGTTCAATCCGACTAA-1;G4_90_GGTTCATCAGGCGCAA-1;G4_90_GGTTGGTTCCAACATG-1;G4_90_GTAAGCGAGCCTTTCG-1;G4_90_GTACAAGCAGCGTGTC-1;G4_90_GTACCTTTCATGATGT-1;G4_90_GTATGCTCAGCGTCTA-1;G4_90_GTCAAGACACTTAGTA-1;G4_90_GTCCGCTTCCTGCGTC-1;G4_90_GTCGCACCAAGTACGA-1;G4_90_GTCGTAGGTACGTGCA-1;G4_90_GTCTAGCAGACTGCAC-1;G4_90_GTGACGTTCGCATCGG-1;G4_90_GTGCCTTGTCCTAGCT-1;G4_90_GTGGTTATCATACGTG-1;G4_90_GTGTAGTGTGCTCTGT-1;G4_90_GTTCACGCAGGGGCTA-1;G4_90_GTTCAGCAGGCGCTTG-1;G4_90_GTTCTCCCAAGTAAAC-1;G4_90_GTTGTGCAGCTAGATT-1",205,"A_最高优先（显著扩增）","Ready","Single"
"G4_92","CAAMATGGNNKLTF_CASSVHFNQAPLF","TRAV7-4","TRBV13-1","CAAMATGGNNKLTF","CASSVHFNQAPLF","TRAJ56","TRBJ1-5",153,"QQKVQQSPESLSVPEGGMASFNCTSS","DRNFQY","FWWYRQHSGEGPKALMS","IFSDGD","KKEGRFTAHLNKASLHVSLHIRDSQPSDSALYF","GQGTVLSVIP","EAAVTQSPRNKVTVTGGNVTLSCRQT","NSHNY","MYWYRQDTGHGLRLIHY","SYGAGN","LQIGDVPDGYKATRTTQEDFFLLLELASPSQTSLYF","GEGTRLSVL","G4_92_AAACCTGTCAGCCAAC-1;G4_92_AAACTAACACGAACGG-1;G4_92_AAAGCCGAGGCTCACG-1;G4_92_AAATCAGAGCCCAACG-1;G4_92_AACACCCAGACGACGA-1;G4_92_AACACTCCAAGCATAG-1;G4_92_AACGGATAGGTTGGAG-1;G4_92_AACGGCAAGCCTTTCG-1;G4_92_AACGTTCCAGGTACAA-1;G4_92_AACGTTTAGGTGCCAT-1;G4_92_AAGCTGGAGCAAGCCT-1;G4_92_AAGTATACAAAACGGC-1;G4_92_AATCTAGGTATAGCGT-1;G4_92_AATGCCCAGGCTAGAG-1;G4_92_AATTCCGAGCTCATAG-1;G4_92_ACAGCCTAGACGCGAA-1;G4_92_ACAGTTAGTCGGAATT-1;G4_92_ACATACCCACCGACTA-1;G4_92_ACATAGAAGACACCCG-1;G4_92_ACATGTGTCACCCCTA-1;G4_92_ACCATTCTCATGATGT-1;G4_92_ACCCATCGTCTTGTAT-1;G4_92_ACCTACTTCGGATCCG-1;G4_92_ACCTGTCGTACTCATT-1;G4_92_ACGAACGAGCAGGGAC-1;G4_92_ACTATAATCAGCGCAT-1;G4_92_ACTATCCTCCGGTGCA-1;G4_92_ACTCTCCCAATGATCC-1;G4_92_ACTGAGACACGCAGGA-1;G4_92_ACTGCGTAGCGATTCA-1;G4_92_ACTTCGCGTCCAGGTA-1;G4_92_AGAGGGTGTCCGACAA-1;G4_92_AGCGTACTCAGTTAGT-1;G4_92_AGGACTACAGTTCTCC-1;G4_92_AGGAGTAGTGCGAAGG-1;G4_92_AGGGACATCACGCCCT-1;G4_92_AGGGGCTAGAACGATA-1;G4_92_AGGGTCTTCCGCTCTA-1;G4_92_AGGTGTCTCACCCTAT-1;G4_92_AGTAAGGGTAGCCTTC-1;G4_92_AGTACGACACCAACGC-1;G4_92_AGTATCCCAATTGTAT-1;G4_92_AGTCCTTTCATTGTGG-1;G4_92_AGTGCAACACAGGCGA-1;G4_92_AGTGCGCGTGGCGCAT-1;G4_92_AGTGTTAGTCTGGATG-1;G4_92_ATAGCGACACCATTAA-1;G4_92_ATATCATCACACTTAA-1;G4_92_ATATTGGGTGTAGCAT-1;G4_92_ATCAGTCCAATATTCG-1;G4_92_ATGAGTCGTAGGGAGT-1;G4_92_ATGCAGCTCATTATCT-1;G4_92_ATGGGATAGGTGTCCG-1;G4_92_ATGGTTAGTGTATTCT-1;G4_92_ATTCGGTCAATTAAGA-1;G4_92_ATTGTCCTCCGGCTTC-1;G4_92_CAAAGCTGTGGTTCAG-1;G4_92_CAACGTGGTACGCATG-1;G4_92_CAACTTCTCCAAGTGC-1;G4_92_CAATACCCAAATGGCA-1;G4_92_CAATTCACAACCTCTC-1;G4_92_CAATTGTAGCCGTATA-1;G4_92_CACGTCGAGGTCATGC-1;G4_92_CACGTTCGTCAAGTTA-1;G4_92_CACTTTCAGAGCGAAT-1;G4_92_CAGCCTCTCGCGTGTG-1;G4_92_CAGGTTATCCCCTATG-1;G4_92_CAGTAATTCGGGCCTA-1;G4_92_CATAAGTTCCGTATAG-1;G4_92_CATAATTCACAACCCA-1;G4_92_CATATCGAGCACATCA-1;G4_92_CATCAATAGCCATGAC-1;G4_92_CATCTACTCCCTTGTG-1;G4_92_CATTTCCAGCTGACAC-1;G4_92_CCACATTTCCAAAGCC-1;G4_92_CCACCAACAAGCATTC-1;G4_92_CCACGTTGTCCAGCTT-1;G4_92_CCAGAGGCAGTAGCGG-1;G4_92_CCAGGTTAGAACGACG-1;G4_92_CCATCTGTCGTAGATT-1;G4_92_CCATGCACACCATTAA-1;G4_92_CCTACTCCACTGATTA-1;G4_92_CCTAGACAGCAGTAGG-1;G4_92_CCTATTGGTGGGGTTC-1;G4_92_CCTCTCGCACAGTTTA-1;G4_92_CCTTTACAGAGCAACG-1;G4_92_CCTTTAGGTGCCTTCG-1;G4_92_CCTTTCACAATGTATT-1;G4_92_CGATAGACAACGTCGC-1;G4_92_CGATTGGGTAATTGGC-1;G4_92_CGGACCTCAGCGGTCT-1;G4_92_CGGATAGAGAGGTTAA-1;G4_92_CGGCACATCCTCGTTG-1;G4_92_CGTAACTCACATGAAG-1;G4_92_CGTACATCACTACATA-1;G4_92_CGTATAGTCATTGGGC-1;G4_92_CGTCAGTAGACATAAG-1;G4_92_CGTGCATAGGGCTAAG-1;G4_92_CGTGGTTAGCCATCGG-1;G4_92_CGTTATACAAGCATTC-1;G4_92_CTAAGCGGTAGGCGCT-1;G4_92_CTAATGGTCATTAATG-1;G4_92_CTATACACAACTCACG-1;G4_92_CTATAGTAGAATGTAG-1;G4_92_CTCGCAACAAACACCT-1;G4_92_CTCGTAAAGCATGTTG-1;G4_92_CTCGTCATCGGTTATG-1;G4_92_CTGACGCCAAGGTAAT-1;G4_92_CTGGGCTCACCAGCTA-1;G4_92_CTGGTAATCATCGCGG-1;G4_92_CTGTGGAGTATATTCC-1;G4_92_CTTAGGGGTCTGGAAT-1;G4_92_CTTCGTCCAACTCCCT-1;G4_92_CTTCTCTGTCTAGCAG-1;G4_92_GCAACCCCACTATGGT-1;G4_92_GCCATTCGTCGGGCAT-1;G4_92_GCCCGTTTCGCCCTAC-1;G4_92_GCCCTATGTATGTTGA-1;G4_92_GCGAATTGTAACTTCT-1;G4_92_GCTAAATTCGGCGTAT-1;G4_92_GCTACTTTCCCATTAC-1;G4_92_GCTATTACAGCAGCGA-1;G4_92_GCTGTATCACCTTTCA-1;G4_92_GCTTACGCACGGTGTC-1;G4_92_GCTTTGAAGAGGCGTA-1;G4_92_GGAATACAGCCCATTT-1;G4_92_GGAATGGTCCTAAAGT-1;G4_92_GGAATTCGTAGTAAGG-1;G4_92_GGCGTAAAGCGGTTCG-1;G4_92_GGCGTAGCACCTCTTA-1;G4_92_GGCTTCGAGCTTGTGA-1;G4_92_GGTAGGGGTAGCAATC-1;G4_92_GGTATGTGTCAGGTTG-1;G4_92_GGTCAACTCAGGCCAT-1;G4_92_GGTTTACCAAATGAAC-1;G4_92_GTAAGTCGTCCTTAAT-1;G4_92_GTAATCGTCACAACTG-1;G4_92_GTAATTATCCATATGG-1;G4_92_GTACGTATCCTGCACC-1;G4_92_GTACGTGGTGTTGCGA-1;G4_92_GTAGTGCTCAATATTG-1;G4_92_GTATACTAGCCCAAGT-1;G4_92_GTATGTAGTCACACCT-1;G4_92_GTCATCGCACTAGGCC-1;G4_92_GTCATCTTCGTAAATC-1;G4_92_GTCCATAAGGGAGTTG-1;G4_92_GTCCCTGGTAGAGGGT-1;G4_92_GTCCGCCGTAGGGGAT-1;G4_92_GTGAGATAGGTAGTTT-1;G4_92_GTGGGTAAGACTATCG-1;G4_92_GTGTCTCGTAACGCCA-1;G4_92_GTTCAATAGGGGTTAG-1;G4_92_GTTCGCTGTAAGTGCT-1",153,"A_最高优先（显著扩增）","Ready","Single"
"G4_92","CAAIASSSFSKLVF_CASSDHRGANTEVFF","TRAV7D-4","TRBV13-1","CAAIASSSFSKLVF","CASSDHRGANTEVFF","TRAJ50","TRBJ1-1",85,"QQKVQQSPESLSVPEGGMASLNCTSS","DRNFQY","FWWYRQHSGEGPKALMS","IFSDGD","KKEGRFTAHLNKASLHVSLHIRDSQPSDSALYF","GQGTSLSVVP","EAAVTQSPRNKVTVTGGNVTLSCRQT","NSHNY","MYWYRQDTGHGLRLIHY","SYGAGN","LQIGDVPDGYKATRTTQEDFFLLLELASPSQTSLYF","GKGTRLTVV","G4_92_AAACCAGCACTGCACA-1;G4_92_AACCGCAGTAGGTTTA-1;G4_92_AACGACGAGATTAACC-1;G4_92_AACTCATAGCGACCAT-1;G4_92_AAGTGAGGTGGGTCTA-1;G4_92_AATATCATCAGTACTG-1;G4_92_AATCTCCTCAAATGCT-1;G4_92_ACATCCAAGATCCCAA-1;G4_92_ACCTCAGCACCAGAGG-1;G4_92_ACGCAGGCAGGACTTT-1;G4_92_ACGGCCATCATAAGTC-1;G4_92_ACGTTCGCACCAGCTA-1;G4_92_AGACGTTGTACCCCAT-1;G4_92_AGAGTAATCACTCTCG-1;G4_92_AGCGTTTCAAGGCGCA-1;G4_92_AGCTATGTCGTAGCAC-1;G4_92_AGCTGGCGTGCATTGG-1;G4_92_AGGCGGTAGGCATACC-1;G4_92_AGTTGGGAGCTATCAG-1;G4_92_ATAACTATCATGCAAT-1;G4_92_ATAACTTCACGATGTT-1;G4_92_ATAATCGGTCGTACCT-1;G4_92_ATAATTCCACGCACTA-1;G4_92_ATATACCAGCTAAACT-1;G4_92_ATCAATGGTACCTTTG-1;G4_92_ATCTTAGCAGCGTGCT-1;G4_92_ATGACAGCACACAACT-1;G4_92_ATGAGGTAGCGGGTTT-1;G4_92_ATGAGTTTCATCCCCA-1;G4_92_ATGGGGTCACTGCGTA-1;G4_92_ATGTACAGTGGTTGTG-1;G4_92_ATTGAGAAGCTTAGTG-1;G4_92_ATTGGCATCCCTGCTA-1;G4_92_CAACAGCTCGTGTATG-1;G4_92_CAAGCCTAGCGTCATA-1;G4_92_CAAGCGGCAACATGCT-1;G4_92_CAATCGGGTGTGTTAA-1;G4_92_CACCCGCGTCAGCTCT-1;G4_92_CACTCCATCGGAAGCA-1;G4_92_CACTGCACAATGCATC-1;G4_92_CACTTAACAAGCGCCT-1;G4_92_CAGCAGGCAATTCAGC-1;G4_92_CAGCCCAAGCGCTCGA-1;G4_92_CATAGAGCAGGTTTAC-1;G4_92_CATCGCACAGTATGCT-1;G4_92_CATGGGGCAGGTACAA-1;G4_92_CCAACATCACATTTAG-1;G4_92_CCAGACCCACATTCGG-1;G4_92_CCATATGAGAGGCCAA-1;G4_92_CCCACGAAGATCCGTA-1;G4_92_CCCATGCTCCGCATAA-1;G4_92_CCCTAGACAACTGAGA-1;G4_92_CCGTCCAGTCGCGTGG-1;G4_92_CCTTATGGTACCAGAT-1;G4_92_CCTTCTACAACCTCAG-1;G4_92_CGAACCCCACAAATCC-1;G4_92_CGAAGGGGTCGTGCCC-1;G4_92_CGAATGCTCCTTAGCT-1;G4_92_CGACAGCGTAATGTTG-1;G4_92_CGACGGTGTAGCATCG-1;G4_92_CGATAGCTCCATCATC-1;G4_92_CGCTCTGGTATCTGTT-1;G4_92_CGGTAACTCATAAGTC-1;G4_92_CGTACAATCCTACTTA-1;G4_92_CGTATTGAGAGTGGCA-1;G4_92_CGTCAACAGAATACAG-1;G4_92_CTTGACGCAGGAAACC-1;G4_92_GCATGGTTCCAATGTG-1;G4_92_GCCCATACACTAGTCG-1;G4_92_GCCTCTGGTGGGCAAG-1;G4_92_GGACGTTTCGGTTACA-1;G4_92_GGAGCTCGTAGCGTCA-1;G4_92_GGATCGCGTAACGTCG-1;G4_92_GGGCTTTAGATCGTAT-1;G4_92_GGGTATGAGGGAAGCC-1;G4_92_GGGTGAGGTCGATCAG-1;G4_92_GGTACTGGTACATATG-1;G4_92_GGTGTTATCACTCTCG-1;G4_92_GTAACGTGTCAGCCCC-1;G4_92_GTACTCGCAAGGCACG-1;G4_92_GTCATACCAGTGCATT-1;G4_92_GTCGAAGAGAATGGGT-1;G4_92_GTCTTAACACCATACG-1;G4_92_GTGCGAGCACCAGGCT-1;G4_92_GTGCTACAGCATGGTC-1",85,"A_最高优先（显著扩增）","Ready","Single"
"G4_83","CAVSLPGTGSNRLTF_CASSDRSTEVFF","TRAV3-1","TRBV13-1","CAVSLPGTGSNRLTF","CASSDRSTEVFF","TRAJ28","TRBJ1-1",66,"GEQVEQRPPHLSVREGDSAIIICTYT","DSATAY","FSWYKQEAGAGLQLLMS","VLSNVDR","KEEQGLTVLLNKKDKRLSLNLTAAHPGDSAVYF","GKGTKFSLIP","EAAVTQSPRNKVTVTGGNVTLSCRQT","NSHNY","MYWYRQDTGHGLRLIHY","SYGAGN","LQIGDVPDGYKATRTTQEDFFLLLELASPSQTSLYF","GKGTRLTVV","G4_83_AAAGTGGGTCGCTTCG-1;G4_83_AACCCACAGCACGTAC-1;G4_83_AACCGTGGTATGGTTA-1;G4_83_AAGCAAATCAGGGGTA-1;G4_83_AAGTGTAAGGGGCGAT-1;G4_83_AATCTAGGTCGACTCT-1;G4_83_AATGGAGGTGCAATGT-1;G4_83_ACAATAGAGACTTAAC-1;G4_83_ACACGTATCCAGCTCC-1;G4_83_ACAGCGCGTAGTCGAT-1;G4_83_ACCAACATCCGTATCT-1;G4_83_ACGAAGTAGATCACAT-1;G4_83_ACTCCCGGTGTTATGA-1;G4_83_ACTGCACAGACGCTGT-1;G4_83_AGCCTCTGTCCTTGTA-1;G4_83_AGCGGTAAGACGACGA-1;G4_83_AGTCGATGTATGCGCA-1;G4_83_AGTGCAACACTCTAGG-1;G4_83_AGTTTCACACGGGTAG-1;G4_83_ATACCCGCAGTCGGTC-1;G4_83_ATCTCTATCCGGAAAG-1;G4_83_ATGAAACCAGGCATTT-1;G4_83_ATGGGGTCACTCCTAC-1;G4_83_ATTAATCCACTAATAT-1;G4_83_CACCCTGGTATCGGGC-1;G4_83_CACGGTCCAAAACTAA-1;G4_83_CATATCACAGCTTCGA-1;G4_83_CATTCCCCAGTCCACA-1;G4_83_CCAAAGTGTAGGCATT-1;G4_83_CCACACACAGGACATA-1;G4_83_CCATAACCACGTCGTA-1;G4_83_CCCAAGCCAGCGTATT-1;G4_83_CCGACTACAAATTAAG-1;G4_83_CCGCGTTTCAATCTGG-1;G4_83_CCGTTTAGTCACGGCG-1;G4_83_CGTATCGCAACGAGGT-1;G4_83_CGTGGAAAGCACTTTC-1;G4_83_CGTTCTAGTACAGGTT-1;G4_83_CTAAACGTCATGTCAG-1;G4_83_CTAAAGCGTAATCTTC-1;G4_83_CTCGAGCCACCCAAAT-1;G4_83_CTCTCCGCAGTGTGGG-1;G4_83_CTGCATAAGGGACAAT-1;G4_83_CTGTAACCAGTAGGGT-1;G4_83_CTTAAGTAGCGGATTC-1;G4_83_CTTGACGCACCCAAAT-1;G4_83_GCGTGCATCATAATCA-1;G4_83_GGAATATCACGTTCGA-1;G4_83_GGACATACAGCTACCA-1;G4_83_GGCGAACAGCCTGTAA-1;G4_83_GGCGCAACACACAACT-1;G4_83_GGGACTCGTCCAGCCC-1;G4_83_GGGAGTGGTCTCGCAT-1;G4_83_GGGTTAGAGAGGACCA-1;G4_83_GGTTAGTGTCAGGCCG-1;G4_83_GGTTCAGGTCAAAGGA-1;G4_83_GTAACGCTCCCCACTA-1;G4_83_GTAGGCTTCAGCATTG-1;G4_83_GTAGTAAAGACAGGAT-1;G4_83_GTATAGCGTCACAGCA-1;G4_83_GTATAGTTCAGAGAAC-1;G4_83_GTCCGCAAGCTAGCGT-1;G4_83_GTGCTACAGGCAGGGT-1;G4_83_GTGTTGATCCTATACC-1;G4_83_GTTCTCCCAATAGTAA-1;G4_83_GTTGAAGCAATATCAT-1",66,"A_最高优先（显著扩增）","Ready","Single"
"G4_90","CALGAGGNYKPTF_CASGETVANTEVFF","TRAV6D-6","TRBV12-2+TRBV13-2","CALGAGGNYKPTF","CASGETVANTEVFF","TRAJ6","TRBJ1-1",46,"GDSVTQTEGQVTVSESKSLIINCTYS","TTSIAYPN","LFWYVRYPGEGLQLLLK","VITAGQK","GSSRGFEATYNKETTSFHLQKASVQESDSAVYY","GKGTSLVVHP","EAAVTQSPRNKVAVTGGKVTLSCNQT","NNHNN","MYWYRQDTGHGLRLIHY","SYGAGS","TEKGDIPDGYKASRPSQENFSLILELATPSQTSVYF","GKGTRLTVV","G4_90_AACTTGTAGATCTTCC-1;G4_90_AAGCAATCACACTATA-1;G4_90_AAGCGTACAAGTGCCC-1;G4_90_AAGTCCATCGCCCGTT-1;G4_90_ACAAGAGGTATGATGC-1;G4_90_ACAAGTAAGCCATGCG-1;G4_90_ACAGCGTTCATTGGCA-1;G4_90_ACCTTCGTCACGCCTC-1;G4_90_ACGTAATTCATGCGTA-1;G4_90_AGACGATAGATTGAAG-1;G4_90_AGGCGACAGCGACAAG-1;G4_90_AGGGACTCAAGCTGAA-1;G4_90_ATAAGGTCAACACAAG-1;G4_90_ATCAATGGTGGCCCCT-1;G4_90_ATGTAACTCACGAGCT-1;G4_90_CAGCATGGTGCATGGC-1;G4_90_CATCAGGGTCGCCTAT-1;G4_90_CATCTCAGTCGTGCCC-1;G4_90_CATGTGGGTAAGGTAG-1;G4_90_CCCTCATCAATGTATT-1;G4_90_CCGTTAGCACGCATAT-1;G4_90_CCTGCTTCACTACATA-1;G4_90_CCTGGCAAGCGATGAG-1;G4_90_CCTTGCCAGACTGCAC-1;G4_90_CGCAGGACAACCCACA-1;G4_90_CGCGAAGCAGCTTATA-1;G4_90_CGCGCTCGTGGAAATG-1;G4_90_CGTAATTAGCCAGGTT-1;G4_90_CGTACGCCACTGACAT-1;G4_90_CTCGGTACAATCATGC-1;G4_90_CTGTACGCAATAGCAG-1;G4_90_GCAACGGCAGTTCACG-1;G4_90_GCATAGTGTCGACTAG-1;G4_90_GCGACAGCAAGCTTAC-1;G4_90_GCTATCGCAGCGTAGG-1;G4_90_GCTCAGTAGCACTACA-1;G4_90_GCTCTTAGTCTTGTAT-1;G4_90_GGCAAGGGTCACTCCG-1;G4_90_GGGTGAGGTCGGCTGG-1;G4_90_GGGTTATGTACGCTTC-1;G4_90_GGTATTCCAAAGGAGG-1;G4_90_GGTTCAATCCAGCATA-1;G4_90_GGTTGTGGTACAAGTC-1;G4_90_GTGTGATGTACATATG-1;G4_90_GTTAAGCGTCCCTGTG-1;G4_90_GTTGGAGAGGCTTTGA-1",46,"B_高优先（中等扩增）","Ready","Multi_Allele"
"G4_83","CAETYGGSGNKLIF_CASSFYPENTEVFF","TRAV9-4","TRBV14","CAETYGGSGNKLIF","CASSFYPENTEVFF","TRAJ32","TRBJ1-1",31,"AQSVTQPDARVTVSEGASLQLRCKYS","YSATPY","LFWYVQYPRQGLQLLLK","YYSGDPVV","QGVNGFEAEFSKSNSSFHLRKASVHWSDSAVYF","GTGTLLSVKP","EAGVTQSPRYAVLQEGQAVSFWCDPI","SGHDT","LYWYQQPRDQGPQLLVY","FRDEAV","IDNSQLPSDRFSAVRPKGTNSTLKIQSAKQGDTATYL","GKGTRLTVV","G4_83_ACGATATTCCTCGCAC-1;G4_83_ACTGAAGCAATCCTAA-1;G4_83_ACTGAAGCAGCACCTA-1;G4_83_AGAGGCGGTGGAAATG-1;G4_83_AGCACAACAGCATGGG-1;G4_83_AGCTTACCAGTAGGGT-1;G4_83_ATTACGTAGGTCCATA-1;G4_83_CAAAGCTGTAATACTG-1;G4_83_CACCGTTGTAACCCCT-1;G4_83_CAGGGGTAGCTAGTCA-1;G4_83_CCAAATCCACACTGCA-1;G4_83_CCAACGAGTAGGAATG-1;G4_83_CCACGTACAGCTATTA-1;G4_83_CCCTAGTGTGTAGAAG-1;G4_83_CCGGAAGCAACATCAC-1;G4_83_CGCTCAACAAGAGAGG-1;G4_83_CGTAGTGGTATCAGGT-1;G4_83_CGTTAATAGGGCTGAA-1;G4_83_GCAACTTCAACTATAT-1;G4_83_GCGTTACAGATTCGTG-1;G4_83_GCTCCACTCACGATAT-1;G4_83_GCTCCACTCGGAAAGT-1;G4_83_GCTCGCTTCAAGGGTG-1;G4_83_GCTCTTAGTGGTTTCC-1;G4_83_GGACTGCGTACTTCGC-1;G4_83_GGAGATTAGCATCGCG-1;G4_83_GGATTTAGTCACCCTG-1;G4_83_GGCTACCCAAGCGCCT-1;G4_83_GGTCGCATCGGCTTGG-1;G4_83_GTATCCCGTATTGGGT-1;G4_83_GTGCTAATCGCCAATA-1",31,"B_高优先（中等扩增）","Ready","Single"
"G4_90","CAAKNNNAPRF_CASSLTGGAETLYF","TRAV14N-1","TRBV15","CAAKNNNAPRF","CASSLTGGAETLYF","TRAJ43","TRBJ2-3",31,"QQQVRQSPQSLTVWEGETAILNCSYE","DSTFNY","FPWYQQFPGEGPALLIS","ISSVSDK","KEDGRFTIFFNKREKKLSLHITDSQPGDSATYF","GAGTKLTVKP","DAGVTQTPRHEVAEKGQTIILKCEPV","SGHND","LFWYRQTKIQGLELLSY","FRSKSL","MEDGGAFKDRFKAEMLNSSFSTLKIQPTEPKDSAVYL","GSGTRLTVL","G4_90_AAATCCAGTGCTAGGC-1;G4_90_AACAGGTAGACGTCCG-1;G4_90_AACATGGCACTCCACT-1;G4_90_AAGCCTATCGTTGGCG-1;G4_90_AATCCTCTCAGTCAGC-1;G4_90_ACCACTCGTCGAGTGC-1;G4_90_AGAGAATGTAGCGTAT-1;G4_90_AGCGGTTTCCAATCAG-1;G4_90_AGGTATCGTAACAGGA-1;G4_90_ATAGGGAGTAGTCCGA-1;G4_90_CAAATCGTCGGCGTCA-1;G4_90_CACTATACAACAGTCT-1;G4_90_CACTGTAAGCAACGAG-1;G4_90_CATACCGCACAATCCG-1;G4_90_CATCGCCTCGTGGTTA-1;G4_90_CATGGGCGTGGCAAGG-1;G4_90_CCCTTACCAATGCCCA-1;G4_90_CGAACCCCAATATCTG-1;G4_90_CGAACCCCAGTTACCG-1;G4_90_CGCCACAAGGGGTACA-1;G4_90_CGCGAAGCAACTGCAT-1;G4_90_CTAAGCGGTAGTGTGT-1;G4_90_CTCAGGTAGCTCCGGA-1;G4_90_CTGCGTGAGGCTCACG-1;G4_90_CTTGTGAAGGTTGTGC-1;G4_90_GCCTCTGGTACTTAAG-1;G4_90_GCTTCATTCATAGTCG-1;G4_90_GGTTGCCCAACATCCG-1;G4_90_GTAAAGGGTCGGCTCC-1;G4_90_GTCGAAGAGCAAAGGT-1;G4_90_GTCGCATAGCGAGTAG-1",31,"B_高优先（中等扩增）","Ready","Single"
"G4_83","CAMREFNTGNYKYVF_CASSLGTGQDTQYF","TRAV16N","TRBV3","CAMREFNTGNYKYVF","CASSLGTGQDTQYF","TRAJ40","TRBJ2-5",29,"AQKVTQTQTSISVMEKTTVTMDCVYE","TQDSSYF","LFWYKQTASGEIVFLIR","QDSYKKEN","ATVGHYSLNFQKPKSSIGLIITATQIEDSAVYF","GAGTRLKVIA","GPKVLQIPSHQIIDMGQMVTLNCDPV","SNHLY","FYWYKQILGQQMEFLVN","FYNGKV","MEKSKLFKDQFSVERPDGSYFTLKIQPTALEDSAVYF","GPGTRLLVL","G4_83_AAAGGAACAGCTTCGA-1;G4_83_AAGTACGCACACGTCA-1;G4_83_ACCCTCTCAGTAATCC-1;G4_83_AGGAATTCAGTATTCA-1;G4_83_AGTATCCCAGGTTAGA-1;G4_83_ATAATCATCCCAGCTC-1;G4_83_ATCTTGGAGGCGATAG-1;G4_83_ATGCCACAGCCTACGG-1;G4_83_ATGGTTAGTGCCCATT-1;G4_83_ATGTCCGCAGTGAAAT-1;G4_83_CAATTGGTCGTAAGCC-1;G4_83_CACCGCCGTACCCTTA-1;G4_83_CAGGTAACAATAAGTA-1;G4_83_CCGTACACACATGGTT-1;G4_83_CTGCGTGAGGTGTTAT-1;G4_83_CTTAGTACAGTTAGAG-1;G4_83_GCATCATCAAGGCGCA-1;G4_83_GCGCTACCACGTACGC-1;G4_83_GCTAGAACAGCTACGC-1;G4_83_GCTTCAGCACGCGTAC-1;G4_83_GCTTGGAGTCTTGTCA-1;G4_83_GGAATCTGTGGCGTTA-1;G4_83_GGCCTTGAGCCTCGAG-1;G4_83_GGGGTAGGTCACGGGT-1;G4_83_GGGTGCACAGCAATCT-1;G4_83_GGGTTATGTCTACGCT-1;G4_83_GGTATATTCGTGTACA-1;G4_83_GTACCTTTCCCAGAAC-1;G4_83_GTGAACCTCGCTCTCA-1",29,"B_高优先（中等扩增）","Ready","Single"
"G4_92","CAAPASSGSWQLIF_CASISLGVQDTQYF","TRAV4-3","TRBV16","CAAPASSGSWQLIF","CASISLGVQDTQYF","TRAJ22","TRBJ2-5",27,"GDKVKQSPSALSLQEGTNSALRCNFS","IAATT","VQWFLQNPRGSLINLFY","LVPGT","KENGRLKSTFNSKESYSTLHIRDAQLEDSGTYF","GSGTQLTVMP","NAGVIQTPRHKVTGKGQEATLWCEPI","SGHSA","VFWYRQTIVQGLEFLTY","FRNQAP","IDDSGMPKERFSAQMPNQSHSTLKIQSTQPQDSAVYL","GPGTRLLVL","G4_92_ACGGCAGCAGTATTAT-1;G4_92_AGCACTATCCCTCTAG-1;G4_92_AGCCGTGTCACTCTCG-1;G4_92_AGCTGTATCGTCAAAT-1;G4_92_ATAGTAACAAGCGCGA-1;G4_92_ATCGCCACACAGGTAA-1;G4_92_ATCGCTCGTCGAGTGC-1;G4_92_ATTCTGTGTATACAGC-1;G4_92_CAACCTCGTAGACGGG-1;G4_92_CAAGGGCAGCTCCTCA-1;G4_92_CAATACCCAAATGAAC-1;G4_92_CAATATCAGCCTTAAG-1;G4_92_CACTAGCAGACGTCAC-1;G4_92_CAGCCCAAGGTGTCGT-1;G4_92_CAGTATGTCGTTACCT-1;G4_92_CCATCCGGTCATACAA-1;G4_92_CGATTTACACTATGGT-1;G4_92_CGTTTCGTCACAGCGT-1;G4_92_CTAGGGCGTATCACGG-1;G4_92_CTATAGCCACAATGCT-1;G4_92_CTATGGGGTAACAGAG-1;G4_92_CTGCTAAAGCCTACGG-1;G4_92_CTTCGCATCCTACATC-1;G4_92_GGAAATCAGCTACATG-1;G4_92_GGTACTGGTGTCGCTT-1;G4_92_GGTCGTTAGGGCATAG-1;G4_92_GTAGTTTAGCTGACAC-1",27,"B_高优先（中等扩增）","Ready","Single"
"G4_92","CAAVYGGSGNKLIF_CASSLYQANTEVFF","TRAV4-3","TRBV14","CAAVYGGSGNKLIF","CASSLYQANTEVFF","TRAJ32","TRBJ1-1",24,"GDKVKQSPSALSLQEGTNSALRCNFS","IAATT","VQWFLQNPRGSLINLFY","LVPGT","KENGRLKSTFNSKESYSTLHIRDAQLEDSGTYF","GTGTLLSVKP","EAGVTQSPRYAVLQEGQAVSFWCDPI","SGHDT","LYWYQQPRDQGPQLLVY","FRDEAV","IDNSQLPSDRFSAVRPKGTNSTLKIQSAKQGDTATYL","GKGTRLTVV","G4_92_AAATGGGGTACAGTTA-1;G4_92_AAGCAATCAAGACGAC-1;G4_92_AAGCCGGCAGGGCTTC-1;G4_92_AATGTGTTCCCTACAT-1;G4_92_AATTGAGAGACTGCAC-1;G4_92_ACAATAGAGATAACAG-1;G4_92_ACAGGTTGTGGAAAGC-1;G4_92_AGCATTTAGACAAGTA-1;G4_92_ATGGAAATCAGCCATA-1;G4_92_CAAATCGTCCACATCT-1;G4_92_CAACCCGAGCTATGGC-1;G4_92_CAATTAATCGTTACTC-1;G4_92_CAATTAGGTAAGCAAG-1;G4_92_CCATGCCTCGTATGCA-1;G4_92_CCGCACAAGGCATACC-1;G4_92_CCTGCGCGTCCGTTGT-1;G4_92_CGTCAGAGTATCGCGA-1;G4_92_CGTTCTAGTACTTATC-1;G4_92_CTCTCGGGTAGCGTGC-1;G4_92_GCTAGGCGTACTATAG-1;G4_92_GCTCGGTCACTTCTAT-1;G4_92_GGACCTCCAGGGTGCA-1;G4_92_GGTTAGTGTCTAAAGC-1;G4_92_GTCTGCACACGCGTTA-1",24,"B_高优先（中等扩增）","Ready","Single"
"G4_92","CAMRESGNYKYVF_CASRGGNTEVFF","TRAV16N","TRBV13-3","CAMRESGNYKYVF","CASRGGNTEVFF","TRAJ40","TRBJ1-1",24,"AQKVTQTQTSISVMEKTTVTMDCVYE","TQDSSYF","LFWYKQTASGEIVFLIR","QDSYKKEN","ATVGHYSLNFQKPKSSIGLIITATQIEDSAVYF","GAGTRLKVIA","EAAVTQSPRSKVAVTGGKVTLSCHQT","NNHDY","MYWYRQDTGHGLRLIHY","SYVADS","TEKGDIPDGYKASRPSQENFSLILELASLSQTAVYF","GKGTRLTVV","G4_92_ACACTCGCACGGGTAG-1;G4_92_ACTGAAGCAGTAAGAT-1;G4_92_AGAGGTAGTAGCGGAG-1;G4_92_AGCACTATCACAGACC-1;G4_92_AGGCGACAGCGACCAT-1;G4_92_ATGGTGCTCATCAGCA-1;G4_92_CCAAGCCCAACGCAGG-1;G4_92_CCTGCAACACAGCGTC-1;G4_92_CCTGCGCGTGCTTGCT-1;G4_92_CGATGTTCAAACGGCG-1;G4_92_CGCCAATAGCGGTCAT-1;G4_92_CGCTCTGGTGCTGTCT-1;G4_92_CTGAAAGCACAACCCA-1;G4_92_CTGTAACCACCTGTAG-1;G4_92_CTTATGTGTCGCCGTC-1;G4_92_GCCAATATCCAACACA-1;G4_92_GGACGTTTCACTACTC-1;G4_92_GGATAAGGTCTCATTG-1;G4_92_GGCTGAAAGAACGGGC-1;G4_92_GTAGCCCCAAGAATAC-1;G4_92_GTAGCGCGTGCACAGC-1;G4_92_GTGATATTCGTTGGGT-1;G4_92_GTGCCTTGTCTACTGC-1;G4_92_GTGCGAGCAACGTTTA-1",24,"B_高优先（中等扩增）","Ready","Single"
"G4_92","CAASAGTGANTGKLTF_CASSRQGRLFF","TRAV14N-1","TRBV2","CAASAGTGANTGKLTF","CASSRQGRLFF","TRAJ52","TRBJ1-4",23,"QQQVRQSPQSLTVWEGETAILNCSYE","DSTFNY","FPWYQQFPGEGPALLIS","ISSVSDK","KEDGRFTIFFNKREKKLSLHITDSQPGDSATYF","GHGTILRVHP","DPKIIQKPKYLVAVTGSEKILICEQY","LGHNA","MYWYRQSAKKPLEFMFS","YSYQKL","MDNQTASSRFQPQSSKKNHLDLQITALKPDDSATYF","GHGTKLSVL","G4_92_AACGTGCTCGCTCTCA-1;G4_92_AATTGTCAGCTAAGCC-1;G4_92_ACCACAATCACTTCTA-1;G4_92_ACTTAGCCAACAGGAC-1;G4_92_AGGATTCGTCGCTGCC-1;G4_92_AGGTACGAGCAAATGA-1;G4_92_AGTTAGAAGCGTCAGT-1;G4_92_ATCTCACTCCCTAGTT-1;G4_92_ATGGTGGAGGTATTCG-1;G4_92_CACCGCAAGACAGAAC-1;G4_92_CACCTCCAGCAGGGGT-1;G4_92_CCATAAGTCCCTACAT-1;G4_92_CCGCACAAGCGTGCAT-1;G4_92_CCGGAAGCACAGCATT-1;G4_92_CGACGGACAAGGATCA-1;G4_92_CGTAACTCAACATCCG-1;G4_92_CGTGAGCGTAAGTAGG-1;G4_92_CTACAATAGCACGAAG-1;G4_92_CTCCTCAAGAAGGGCC-1;G4_92_GCAATATTCAGCATCA-1;G4_92_GGTGCCGGTCGTTAAA-1;G4_92_GTTAAGTTCATATGGT-1;G4_92_GTTCGCCTCCTTAACC-1",23,"B_高优先（中等扩增）","Ready","Single"
"G4_83","CAASRGETGGNNKLTF_CASSNRGSQNTLYF","TRAV14N-1","TRBV17","CAASRGETGGNNKLTF","CASSNRGSQNTLYF","TRAJ56","TRBJ2-4",18,"QQQVRQSPQSLTVWEGETAILNCSYE","DSTFNY","FPWYQQFPGEGPALLIS","ISSVSDK","KEDGRFTIFFNKREKKLSLHITDSQPGDSATYF","GQGTVLSVIP","DTTVKQNPRYKLARVGKPVNLICSQT","MNHDT","MYWYQKKPNQAPKLLLF","YYDKIL","NREADTFEKFQSSRPNNSFCSLYIGSAGLEYSAMYL","GAGTRLSVL","G4_83_AATGGTCGTCATTAAG-1;G4_83_AATTGGCGTGTTAATG-1;G4_83_ACCCTGCTCGCACTAA-1;G4_83_AGCGGTCGTCCGTGTT-1;G4_83_AGTGCGCGTCTCCGCA-1;G4_83_CAAGTCTCAGCACGCT-1;G4_83_CAATGTGTCGGATCCG-1;G4_83_CAATTCGAGCTTGAAT-1;G4_83_CACCTCTCAATTGTAT-1;G4_83_CCCACAGAGCTCTGAA-1;G4_83_CTAGGTCAGCTTGAAT-1;G4_83_CTCGCATGTGGTTGTG-1;G4_83_CTCGTTTAGATCGGAG-1;G4_83_CTGTATCTCCTTCAAC-1;G4_83_GGCGGTACAACTAACC-1;G4_83_GGTAAATCACCTCGAA-1;G4_83_GTCCATGCAAGTTAGG-1;G4_83_GTGCGAAAGAGGGTAT-1",18,"C_中优先（低度扩增）","Ready","Single"
"G4_90","CAVSANSGTYQRF_CASSLRTGGYAEQFF","TRAV3-3","TRBV29","CAVSANSGTYQRF","CASSLRTGGYAEQFF","TRAJ13","TRBJ2-1",18,"GEQVEQRPPHLSVREGDSAFITCTYT","DPNSYY","FFWYKQEPGASLQLLMK","VFSSTEI","NEGQGFTVLLNKKDKRLSLNLTAAHPGDSAAYF","GTGTKLQVVP","DMKVTQMPRYLIKRMGENVLLECGQD","MSHET","MYWYRQDPGLGLQLIYI","SYDVDS","NSEGDIPKGYRVSRKKREHFSLILDSAKTNQTSVYF","GPGTRLTVL","G4_90_AACATTGGTGGGTAGG-1;G4_90_ACAAGCTGTAAAGCCT-1;G4_90_AGACGTTGTCATAAGC-1;G4_90_AGCTTATAGAAACCAA-1;G4_90_ATACGGGAGCTAGTGC-1;G4_90_ATCCGAGGTGGAGCTC-1;G4_90_ATGGTTAGTCATCAGG-1;G4_90_CCGAATTCACCTACTC-1;G4_90_CCTTAAGAGCCTGCAG-1;G4_90_CTCATATGTCTGTGGA-1;G4_90_CTGGTCTGTCGCGTCC-1;G4_90_GCAAGCCGTCCGTTTA-1;G4_90_GGACGCTGTGTCGCCC-1;G4_90_GGCTTCCTCAATACGT-1;G4_90_GGGCTCTCAAGTCTCG-1;G4_90_GTAGTGGAGCTATCAG-1;G4_90_GTCCTGCTCCTGTCGC-1;G4_90_GTGATAGCAGGTTGCC-1",18,"C_中优先（低度扩增）","Ready","Single"
"G4_92","CAASGSAGNKLTF_CASSPEQGGNTEVFF","TRAV7-4","TRBV14","CAASGSAGNKLTF","CASSPEQGGNTEVFF","TRAJ17","TRBJ1-1",17,"QQKVQQSPESLSVPEGGMASFNCTSS","DRNFQY","FWWYRQHSGEGPKALMS","IFSDGD","KKEGRFTAHLNKASLHVSLHIRDSQPSDSALYF","GIGTRVLVRP","EAGVTQSPRYAVLQEGQAVSFWCDPI","SGHDT","LYWYQQPRDQGPQLLVY","FRDEAV","IDNSQLPSDRFSAVRPKGTNSTLKIQSAKQGDTATYL","GKGTRLTVV","G4_92_AAAGCCACAGCGTGCT-1;G4_92_AATACGAAGATCGACC-1;G4_92_ACCTGTAAGATCCTAG-1;G4_92_AGGGGATGTGGATCGC-1;G4_92_ATAGTACTCAGACTCA-1;G4_92_ATATCAGGTCTAATCT-1;G4_92_ATCGCGAGTGTCGAGC-1;G4_92_ATGCAGCTCCGGTCGA-1;G4_92_ATTGTCTGTAGCTGTG-1;G4_92_CAATTAATCATCGGAC-1;G4_92_CAGCCCCGTCGGTTCT-1;G4_92_CGTTCAAAGACAAGTA-1;G4_92_GCTTCTAGTAAACGCT-1;G4_92_GGACCTGTCGGTTTAG-1;G4_92_GTACCCTGTGTTGGGC-1;G4_92_GTCATCCGTCATACGG-1;G4_92_GTGTAAGCAGTCAAGA-1",17,"C_中优先（低度扩增）","Ready","Single"
"G4_92","CALDSGYNKLTF_CASGPGQDTQYF","TRAV7-3","TRBV12-2+TRBV13-2","CALDSGYNKLTF","CASGPGQDTQYF","TRAJ11","TRBJ2-5",17,"QQNVQQSPESLIVPEGARTSLNCTFS","DSASQY","FWWYRQHSGKAPKALMS","IFSNGE","KEEGRFTIHLNKASLHFSLHIRDSQPSDSALYL","GKGTVLLVSP","EAAVTQSPRNKVAVTGGKVTLSCNQT","NNHNN","MYWYRQDTGHGLRLIHY","SYGAGS","TEKGDIPDGYKASRPSQENFSLILELATPSQTSVYF","GPGTRLLVL","G4_92_AAGCTCTCAAAACCTC-1;G4_92_AATGTACTCCACAGGT-1;G4_92_ACACGAACAATACGGA-1;G4_92_ACGGGATCAGGAAACC-1;G4_92_AGACGTTGTCGTTAGG-1;G4_92_AGCGGGAGTAAGTGTC-1;G4_92_AGGAGGTGTGTGGCCG-1;G4_92_AGTGTCTCAGGTTTAC-1;G4_92_ATATACCAGCACTGCG-1;G4_92_ATCTCTATCGGAGGTA-1;G4_92_CCAATAGTCAGACATT-1;G4_92_CGAGCGTGTAGAGGGT-1;G4_92_CGTACAATCCCCAATT-1;G4_92_CGTCAACAGGTCAATT-1;G4_92_CTTAGCTTCCTAGTTC-1;G4_92_GGTCAGCGTCAGCTCT-1;G4_92_GTCGGTTAGCAGTCTA-1",17,"C_中优先（低度扩增）","Ready","Multi_Allele"
"G4_90","CAIEPSGSWQLIF_CAWTTGEAPLF","TRAV13N-2","TRBV31","CAIEPSGSWQLIF","CAWTTGEAPLF","TRAJ22","TRBJ1-5",16,"GQQVQQSPSSLVLQEGENAELQCNFS","STATQ","LQWFYQSPGGSLVSLLS","NPSGT","KHTGRLTSTTVTKERRSSLHISSSQTTDSGTYL","GSGTQLTVMP","AQTIHQWPVAEIKAVGSPLSLGCTIK","GKSSPN","LYWYWQATGGTLQQLFY","SITVG","QVESVVQLNLSASRPKDDQFILSTEKLLLSHSGFYL","GEGTRLSVL","G4_90_ACAGCATGTCTAAAGC-1;G4_90_ACCTAGGGTAAGTTTG-1;G4_90_ATCTCTATCACAACTG-1;G4_90_CAAAGGAGTATAGGCT-1;G4_90_CACCCTATCCTCACGC-1;G4_90_CCATAATAGCTCTGAA-1;G4_90_CGATGGAAGACAATGA-1;G4_90_CGCTCTGGTACTACAA-1;G4_90_CGGTGTCCAGGGATTA-1;G4_90_CGTCGGTCAGTCAATC-1;G4_90_CTAGGAGAGACGTCAC-1;G4_90_GCTCCACTCAAGGCTC-1;G4_90_GGATAGTAGATTACCG-1;G4_90_GGGATATAGCCTACGG-1;G4_90_GTCACGCCAGCGAATA-1;G4_90_GTTCTAGAGAGCGACA-1",16,"C_中优先（低度扩增）","Ready","Single"
"G4_90","CAIGNNNNRIFF_CASSLGGGEQYF","TRAV13N-2","TRBV13-1","CAIGNNNNRIFF","CASSLGGGEQYF","TRAJ31","TRBJ2-7",13,"GQQVQQSPSSLVLQEGENAELQCNFS","STATQ","LQWFYQSPGGSLVSLLS","NPSGT","KHTGRLTSTTVTKERRSSLHISSSQTTDSGTYL","GDGTQLVVKP","EAAVTQSPRNKVTVTGGNVTLSCRQT","NSHNY","MYWYRQDTGHGLRLIHY","SYGAGN","LQIGDVPDGYKATRTTQEDFFLLLELASPSQTSLYF","GPGTRLTVL","G4_90_AACATTTCAATTACCA-1;G4_90_AAGCATTTCGTGTCGG-1;G4_90_ACTAACCCAAGCAGTA-1;G4_90_AGGGTTACACCGTAAT-1;G4_90_ATACGGGAGCTATGGC-1;G4_90_CACCCAGAGATGGTAA-1;G4_90_CCTTGAGCACTGCAAT-1;G4_90_CGCAACCCACGCGACT-1;G4_90_CTCTAGCGTCGACTCT-1;G4_90_CTTGAATAGGGACTGA-1;G4_90_GCATGGGCAGTCAACT-1;G4_90_GGAGTGGGTGCACGTA-1;G4_90_GTAGCTCAGATCATCG-1",13,"C_中优先（低度扩增）","Ready","Single"
"G4_90","CAVSMEPNTDKVVF_CASSLGGGEQYF","TRAV7-3","TRBV13-1","CAVSMEPNTDKVVF","CASSLGGGEQYF","TRAJ34","TRBJ2-7",12,"QQNVQQSPESLIVPEGARTSLNCTFS","DSASQY","FWWYRQHSGKAPKALMS","IFSNGE","KEEGRFTIHLNKASLHFSLHIRDSQPSDSALYL","GTGTRLQVSP","EAAVTQSPRNKVTVTGGNVTLSCRQT","NSHNY","MYWYRQDTGHGLRLIHY","SYGAGN","LQIGDVPDGYKATRTTQEDFFLLLELASPSQTSLYF","GPGTRLTVL","G4_90_ACAGGCCGTGTTGTCC-1;G4_90_ACCAAGACACATGTCG-1;G4_90_ATATCTGCAGTGTGGG-1;G4_90_CCATAAGTCGCGTATA-1;G4_90_CCGGCTTTCCCACACC-1;G4_90_CGATGGAAGCATGCGT-1;G4_90_CGGACCTCAGCACCTA-1;G4_90_CTGTTCGTCAACACGC-1;G4_90_GCGCACTCAGTGCTCA-1;G4_90_GCTCATAAGCGCGTCA-1;G4_90_GGAATACAGGTCCTCC-1;G4_90_GGACGCTGTAGCGTTG-1",12,"C_中优先（低度扩增）","Ready","Single"
"G4_90","CAVSMPSGSWQLIF_CAWSPGNNQAPLF","TRAV7-3","TRBV31","CAVSMPSGSWQLIF","CAWSPGNNQAPLF","TRAJ22","TRBJ1-5",12,"QQNVQQSPESLIVPEGARTSLNCTFS","DSASQY","FWWYRQHSGKAPKALMS","IFSNGE","KEEGRFTIHLNKASLHFSLHIRDSQPSDSALYL","GSGTQLTVMP","AQTIHQWPVAEIKAVGSPLSLGCTIK","GKSSPN","LYWYWQATGGTLQQLFY","SITVG","QVESVVQLNLSASRPKDDQFILSTEKLLLSHSGFYL","GEGTRLSVL","G4_90_AAGGTGTAGCGATTGC-1;G4_90_ACAATTGGTCTAGTAA-1;G4_90_ACGCAGGCAACGTTTA-1;G4_90_CACCGCTTCATGCCTT-1;G4_90_CATTCAGAGATCGGTC-1;G4_90_CGCATGGTCCTCTGCA-1;G4_90_CGGGGTTGTGTTACTT-1;G4_90_CTCAGCCTCACACATG-1;G4_90_CTGTAGCAGCTAGGAG-1;G4_90_CTGTCGCTCGGTGGTT-1;G4_90_CTGTGAGGTCGGGTTA-1;G4_90_GTGGCATTCAGCCGTG-1",12,"C_中优先（低度扩增）","Ready","Single"
"G4_83","CAASPPSSSFSKLVF_CASSDFRAKTNSDYTF","TRAV14D-3-DV8","TRBV13-3","CAASPPSSSFSKLVF","CASSDFRAKTNSDYTF","TRAJ50","TRBJ1-2",11,"QQQVRQSPQSLTVWEGETAILNCSYE","NSAFDY","FPWYQQFPGEGPALLIS","ILSVSNK","KEDGRFTIFFNKREKKLSLHIADSQPGDSATYF","GQGTSLSVVP","EAAVTQSPRSKVAVTGGKVTLSCHQT","NNHDY","MYWYRQDTGHGLRLIHY","SYVADS","TEKGDIPDGYKASRPSQENFSLILELASLSQTAVYF","GSGTRLLVI","G4_83_ACGCGAAAGAGGCGAC-1;G4_83_ACTTCGTTCATGCAAT-1;G4_83_AGGCCGTGTCGGCTGG-1;G4_83_AGGCTGTTCGCTCGCT-1;G4_83_AGGGCTTTCCAGTCCC-1;G4_83_CACGTACAGAGCTTGC-1;G4_83_CCATGACAGGTAATTC-1;G4_83_GCTTAAGTCGCGAGTT-1;G4_83_GGAAGTAGTCAGCATG-1;G4_83_GGTCTAATCCGAACAC-1;G4_83_GTGTCAGGTAAGTCCG-1",11,"C_中优先（低度扩增）","Ready","Single"
"G4_83","CVNSGTYQRF_CASSPGINYAEQFF","TRAV8D-1","TRBV14","CVNSGTYQRF","CASSPGINYAEQFF","TRAJ13","TRBJ2-1",11,"SQLAEENPWALSVHEGESVTVNCSYK","TSITA","LQWYRQKSGEGPAQLIL","IRSNERE","KRNGRLRATLDTSSQSSSLSITATRCEDTAVYF","GTGTKLQVVP","EAGVTQSPRYAVLQEGQAVSFWCDPI","SGHDT","LYWYQQPRDQGPQLLVY","FRDEAV","IDNSQLPSDRFSAVRPKGTNSTLKIQSAKQGDTATYL","GPGTRLTVL","G4_83_AACACTCCAAATATCT-1;G4_83_AACCCCGAGCTAAGCC-1;G4_83_ACAGACGAGATAGTAG-1;G4_83_AGTACGTGTCAACCCT-1;G4_83_CCACGGTCACGCATCA-1;G4_83_CGCAATATCGGGCCTA-1;G4_83_CGCAATTCAAAAGGCC-1;G4_83_CGGACCTCAACAGCCC-1;G4_83_GGTTTGGGTGTGTGCA-1;G4_83_GTAGTAAAGATGTTCG-1;G4_83_GTCGATGGTGTGGCGT-1",11,"C_中优先（低度扩增）","Ready","Single"
"G4_90","CILKTGNYKYVF_CASSEGQYEQYF","TRAV21-DV12","TRBV13-1","CILKTGNYKYVF","CASSEGQYEQYF","TRAJ40","TRBJ2-7",11,"DAKTTQPDSMESTEGETVHLPCSHA","TISGNEY","IYWYRQVPLQGPEYVTH","GLQQN","TTNSMAFLAIASDRKSSTLILTHVSLRDAAVYH","GAGTRLKVIA","EAAVTQSPRNKVTVTGGNVTLSCRQT","NSHNY","MYWYRQDTGHGLRLIHY","SYGAGN","LQIGDVPDGYKATRTTQEDFFLLLELASPSQTSLYF","GPGTRLTVL","G4_90_AAGCCTATCAATGGTT-1;G4_90_ACTTCGTTCAAGCGTC-1;G4_90_AGTTGAGCACAAGTCT-1;G4_90_AGTTGCCAGGCGAAGC-1;G4_90_CCTAATACAATCTCTT-1;G4_90_CTGACGTAGGGAGCGT-1;G4_90_GCCATTAAGGTTCAAT-1;G4_90_GGACTACTCCGAACAC-1;G4_90_GGTGATGAGCGCTATA-1;G4_90_GGTTAATTCCTCTAGT-1;G4_90_GTCGAACTCAGTCAGC-1",11,"C_中优先（低度扩增）","Ready","Single"
"G4_92","CAVSYGGSGNKLIF_CASSLYQGNTEVFF","TRAV9-4","TRBV14","CAVSYGGSGNKLIF","CASSLYQGNTEVFF","TRAJ32","TRBJ1-1",11,"AQSVTQPDARVTVSEGASLQLRCKYS","YSATPY","LFWYVQYPRQGLQLLLK","YYSGDPVV","QGVNGFEAEFSKSNSSFHLRKASVHWSDSAVYF","GTGTLLSVKP","EAGVTQSPRYAVLQEGQAVSFWCDPI","SGHDT","LYWYQQPRDQGPQLLVY","FRDEAV","IDNSQLPSDRFSAVRPKGTNSTLKIQSAKQGDTATYL","GKGTRLTVV","G4_92_ACCCATAAGACCCGAT-1;G4_92_ATGAGAGGTAAGGAAT-1;G4_92_CAGTGCCCAGCAATAG-1;G4_92_CCTGACCTCAATATTG-1;G4_92_CCTTCCGCAATTGACC-1;G4_92_CTATTGTGTAACTTTC-1;G4_92_CTCGAGTAGGTTGGAG-1;G4_92_GCCCGAGGTGTATCGG-1;G4_92_GGAATCACAGTCAAGA-1;G4_92_GTATGTGTCACGTCAA-1;G4_92_GTGGTTATCACCCCTA-1",11,"C_中优先（低度扩增）","Ready","Single"
"G4_92","CAVSANSGTYQRF_CASSTRTGGYAEQFF","TRAV3-3","TRBV19","CAVSANSGTYQRF","CASSTRTGGYAEQFF","TRAJ13","TRBJ2-1",10,"GEQVEQRPPHLSVREGDSAFITCTYT","DPNSYY","FFWYKQEPGASLQLLMK","VFSSTEI","NEGQGFTVLLNKKDKRLSLNLTAAHPGDSAAYF","GTGTKLQVVP","GGIITQTPKFLIGQEGQKLTLKCQQN","FNHDT","MYWYRQDSGKGLRLIYY","SITEND","LQKGDLSEGYDASREKKSSFSLTVTSAQKNEMAVFL","GPGTRLTVL","G4_92_AAATCAACACCAAATC-1;G4_92_AAGTCCATCCATCTAC-1;G4_92_ACGCGTGTCCGTTTCG-1;G4_92_AGAGGCGGTACAGCGC-1;G4_92_ATAAGGTCACTCATTT-1;G4_92_CAATGTCCAAAACTCC-1;G4_92_CCATGCGAGCGCCCAA-1;G4_92_CGGCTGGGTGTCGGCG-1;G4_92_CGTAGGGCAGTTACTA-1;G4_92_CTGGGGACACTTCGAG-1",10,"C_中优先（低度扩增）","Ready","Single"
"G4_83","CAVQGTGSKLSF_CASSRVGGAFAEQFF","TRAV3-4","TRBV17","CAVQGTGSKLSF","CASSRVGGAFAEQFF","TRAJ58","TRBJ2-1",9,"GEQVEQRPPHLSVPEGDSAVIICTYT","DSATAY","FYWYKQEPGAGLQLLMS","VFSNVDR","KEEQGLTVLLNKKDKQLSLNLTAAHPGDSAVYF","GKGAKLTVSP","DTTVKQNPRYKLARVGKPVNLICSQT","MNHDT","MYWYQKKPNQAPKLLLF","YYDKIL","NREADTFEKFQSSRPNNSFCSLYIGSAGLEYSAMYL","GPGTRLTVL","G4_83_ACTTTAGCACGCCAAC-1;G4_83_AGGACTTGTGCAAGGG-1;G4_83_AGTAAGGGTCAGGGTC-1;G4_83_CGTTAGGGTAGCAGTT-1;G4_83_CTGACCGAGCGGTGTT-1;G4_83_GGAAAGTTCAAACCCA-1;G4_83_GGAGCTTTCAAGCACC-1;G4_83_GGCAACTTCCGGCACA-1;G4_83_GTTGGTTCACTGCACA-1",9,"D_低优先（轻微扩增）","Ready","Single"
"G4_83","CAVSATGGNNKLTF_CASGDATEQYF","TRAV9N-2","TRBV12-2+TRBV13-2","CAVSATGGNNKLTF","CASGDATEQYF","TRAJ56","TRBJ2-7",9,"AQSVTQPDARVTVSEGASLQLRCKYS","SSVTPY","LFWYVQYPRQGLQLLLK","YYSGDPVV","QGVNGFEAEFSKSNSSFHLRKASVHWSDSAVYF","GQGTVLSVIP","EAAVTQSPRNKVAVTGGKVTLSCNQT","NNHNN","MYWYRQDTGHGLRLIHY","SYGAGS","TEKGDIPDGYKASRPSQENFSLILELATPSQTSVYF","GPGTRLTVL","G4_83_AGACGTTGTAACCGGC-1;G4_83_AGTTAGTTCATTAACA-1;G4_83_CCCTATGTCGTAGATT-1;G4_83_CCGAAATGTCGTATGG-1;G4_83_CTATCGAAGGTGTATT-1;G4_83_GCGACAGCAGGACCGA-1;G4_83_GCGCCTTTCATCCTTA-1;G4_83_GGTGCCGGTGGTAGTT-1;G4_83_GTCTACAAGAACGATA-1",9,"D_低优先（轻微扩增）","Ready","Multi_Allele"
"G4_90","CAVSAGTGSNRLTF_CAWTTGEAPLF","TRAV3-3","TRBV31","CAVSAGTGSNRLTF","CAWTTGEAPLF","TRAJ28","TRBJ1-5",9,"GEQVEQRPPHLSVREGDSAVITCTYT","DPNSYY","FFWYKQEPGASLQLLMK","VFSSTEI","NEGQGFTVLLNKKDKRLSLNLTAAHPGDSAAYF","GKGTKFSLIP","AQTIHQWPVAEIKAVGSPLSLGCTIK","GKSSPN","LYWYWQATGGTLQQLFY","SITVG","QVESVVQLNLSASRPKDDQFILSTEKLLLSHSGFYL","GEGTRLSVL","G4_90_AGTCCGAGTCTCCGGC-1;G4_90_AGTTTCACAGTACGAA-1;G4_90_CCAGAACTCGTATAGT-1;G4_90_CTACGACAGATTATGC-1;G4_90_CTACTTTCAGGATGGT-1;G4_90_GCTTACGCACCTACCT-1;G4_90_GGAATTCGTCCTGATC-1;G4_90_GTAATGAAGGTAATGA-1;G4_90_GTGCCTTGTGCTACCT-1",9,"D_低优先（轻微扩增）","Ready","Single"
"G4_92","CALSGSGYNKLTF_CASSRTGGRGAETLYF","TRAV9-4","TRBV10","CALSGSGYNKLTF","CASSRTGGRGAETLYF","TRAJ11","TRBJ2-3",9,"AQSVTQPDARVTVSEGASLQLRCKYS","YSGTPY","LFWYVQYPRQGLQLLLK","YYSGDPVV","QGVNGFEAEFSKSNSSFHLRKASVHWSDSAVYF","GKGTVLLVSP","ETAVFQTPNYHVTQVGNEVSFNCKQT","LGHDT","MYWYKQDSKKLLKIMFS","YNNKQL","IVNETVPRRFSPQSSDKAHLNLRIKSVEPEDSAVYL","GSGTRLTVL","G4_92_ACATCCCGTACCTGCT-1;G4_92_ACCTACTTCCCGGCTT-1;G4_92_ATCGACTCACATAGTC-1;G4_92_ATGAAGGGTAAGGCCC-1;G4_92_CATGCCACAATTACGC-1;G4_92_CTAGGAACAGGGTCAG-1;G4_92_GCATCCACAGGATTTC-1;G4_92_GTCACGCCACTAGGAA-1;G4_92_GTCGAAGAGAGTTAAG-1",9,"D_低优先（轻微扩增）","Ready","Single"
"G4_83","CAASVHAYKVIF_CASGEGGADTEVFF","TRAV14N-2","TRBV12-2+TRBV13-2","CAASVHAYKVIF","CASGEGGADTEVFF","TRAJ30","TRBJ1-1",8,"QQQVRQSPQSLTVWEGETTILNCSYE","DSTFDY","FPWYRQFPGKSPALLIA","ISLVSNK","KEDGRFTIFFNKREKKLSLHITDSQPGDSATYF","GKGTHLHVLP","EAAVTQSPRNKVAVTGGKVTLSCNQT","NNHNN","MYWYRQDTGHGLRLIHY","SYGAGS","TEKGDIPDGYKASRPSQENFSLILELATPSQTSVYF","GKGTRLTVV","G4_83_AATGGGAGTCACCGTT-1;G4_83_AGCTATCCAGCCAACC-1;G4_83_CACGTTCGTCAAGTTA-1;G4_83_CATCGTTTCATTGTGG-1;G4_83_CGGAATCTCATTAACA-1;G4_83_CTACTGCGTATTACCT-1;G4_83_CTGTTATGTCTATCCA-1;G4_83_GGTTAGGAGAACTGAA-1",8,"D_低优先（轻微扩增）","Ready","Multi_Allele"
"G4_90","CAAVGTGGYKVVF_CASSRLGGQDTQYF","TRAV4-3","TRBV5","CAAVGTGGYKVVF","CASSRLGGQDTQYF","TRAJ12","TRBJ2-5",8,"GDKVKQSPSALSLQEGTNSALRCNFS","IAATT","VQWFLQNPRGSLINLFY","LVPGT","KENGRLKSTFNSKESYSTLHIRDAQLEDSGTYF","GSGTRLLVSP","NTKITQSPRYLILGRANKSLECEQH","LGHNA","MYWYKQSAEKPPELMFL","YNLKQL","IRNETVPSRFIPECPDSSKLLLHISAVDPEDSAVYF","GPGTRLLVL","G4_90_AACCAGGAGGGTTAGG-1;G4_90_ACATATGGTCAACGTG-1;G4_90_ATACTAATCAGTTAGT-1;G4_90_CATTAGTAGATACGAA-1;G4_90_CCGCTAACAGGATTAG-1;G4_90_CTATGTGAGCCTAGAC-1;G4_90_GCCCGTTTCCGTTTCG-1;G4_90_GGCTTAATCAAATGTC-1",8,"D_低优先（轻微扩增）","Ready","Single"
"G4_90","CAVSYTGANTGKLTF_CASRRNERLFF","TRAV3-4","TRBV13-1","CAVSYTGANTGKLTF","CASRRNERLFF","TRAJ52","TRBJ1-4",8,"GEQVEQRPPHLSVPEGDSAVIICTYT","DSATAY","FYWYKQEPGAGLQLLMS","VFSNVDR","KEEQGLTVLLNKKDKQLSLNLTAAHPGDSAVYF","GHGTILRVHP","EAAVTQSPRNKVTVTGGNVTLSCRQT","NSHNY","MYWYRQDTGHGLRLIHY","SYGAGN","LQIGDVPDGYKATRTTQEDFFLLLELASPSQTSLYF","GHGTKLSVL","G4_90_AATATTCCAGTGTCGC-1;G4_90_ACGCTCCTCGCAGTAC-1;G4_90_AGGTTCTCAAGCTATC-1;G4_90_AGTACGACACGACACC-1;G4_90_CACCGTTGTAGGCCGT-1;G4_90_CGCTTTAGTATTGGTA-1;G4_90_GGTTGTGGTACTCAGG-1;G4_90_GTCTATGAGATAGGCG-1",8,"D_低优先（轻微扩增）","Ready","Single"
"G4_92","CAASEATGGNNKLTF_CASSRQGRLFF","TRAV5N-4","TRBV2","CAASEATGGNNKLTF","CASSRQGRLFF","TRAJ56","TRBJ1-4",8,"GEQVEQLPSILRVQERSSASINCTYE","NSASNY","FPWYKQEPGENPKLIID","IRSNMER","KQIQGLIVLLDKKAKRFSLHITDTQPADSAMYF","GQGTVLSVIP","DPKIIQKPKYLVAVTGSEKILICEQY","LGHNA","MYWYRQSAKKPLEFMFS","YSYQKL","MDNQTASSRFQPQSSKKNHLDLQITALKPDDSATYF","GHGTKLSVL","G4_92_AGGACGCAGCGGTGTT-1;G4_92_ATCACATAGCACAATT-1;G4_92_CAACATTAGCTGATTG-1;G4_92_CAACCCGAGGCAGTGA-1;G4_92_CACTGCGAGGTAAGCG-1;G4_92_CCTCATAGTAGAGTAG-1;G4_92_CGTGTCGAGGGACGGT-1;G4_92_GGTAAGCCAAATTAAG-1",8,"D_低优先（轻微扩增）","Ready","Single"
"G4_92","CAITGNTRKLIF_CASSQTRGSAETLYF","TRAV13N-2","TRBV5","CAITGNTRKLIF","CASSQTRGSAETLYF","TRAJ37","TRBJ2-3",8,"GQQVQQSPSSLVLQEGENAELQCNFS","STATQ","LQWFYQSPGGSLVSLLS","NPSGT","KHTGRLTSTTVTKERRSSLHISSSQTTDSGTYL","GLGTTLQVQP","NTKITQSPRYLILGRANKSLECEQH","LGHNA","MYWYKQSAEKPPELMFL","YNLKQL","IRNETVPSRFIPECPDSSKLLLHISAVDPEDSAVYF","GSGTRLTVL","G4_92_AAGTACAAGATTAACC-1;G4_92_CATTAGCCAAGGTTTC-1;G4_92_CCAAAGCTCAAAGGGT-1;G4_92_CCCTAGACAGTATACC-1;G4_92_CCTTGTGTCAAACTAC-1;G4_92_GGAAGCTCAACCATCG-1;G4_92_GTGCGTGTCGCACCCT-1;G4_92_GTTGATTAGCGAACAG-1",8,"D_低优先（轻微扩增）","Ready","Single"
"G4_83","CAASAPSGSWQLIF_CTCRGLGASQNTLYF","TRAV14N-1","TRBV1","CAASAPSGSWQLIF","CTCRGLGASQNTLYF","TRAJ22","TRBJ2-4",7,"QQQVRQSPQSLTVWEGETAILNCSYE","DSTFNY","FPWYQQFPGEGPALLIS","ISSVSDK","KEDGRFTIFFNKREKKLSLHITDSQPGDSATYF","GSGTQLTVMP","VTLLEQNPRWRLVPRGQAVNLRCILK","NSQYPW","MSWYQQDLQKQLQWLFT","LRSPGD","KEVKSLPGADYLATRVTDTELRLQVANMSQGRTLY","GAGTRLSVL","G4_83_AAGCATCGTGTTCATT-1;G4_83_AAGTTTGGTGTGGTGC-1;G4_83_ACCTACAAGCATCGAC-1;G4_83_ATAGTACTCACAGCAC-1;G4_83_CACCTTTAGCGTTCAA-1;G4_83_CAGCTTCGTAGGCATT-1;G4_83_CTATCCCCAAGGAGGA-1",7,"D_低优先（轻微扩增）","Ready","Single"
"G4_92","CIRQGGSAKLIF_CASGDWGFEQYF","TRAV21-DV12","TRBV12-2+TRBV13-2","CIRQGGSAKLIF","CASGDWGFEQYF","TRAJ57","TRBJ2-7",7,"DAKTTQPDSMESTEGETVHLPCSHA","TISGNEY","IYWYRQVPLQGPEYVTH","GLQQN","TTNSMAFLAIASDRKSSTLILTHVSLRDAAVYH","GEGTKLTVSS","EAAVTQSPRNKVAVTGGKVTLSCNQT","NNHNN","MYWYRQDTGHGLRLIHY","SYGAGS","TEKGDIPDGYKASRPSQENFSLILELATPSQTSVYF","GPGTRLTVL","G4_92_AGTCCAGGTGGCGGTT-1;G4_92_AGTCTCGCAAACCCAT-1;G4_92_CAGTCAATCAGCATCA-1;G4_92_CCAAATGTCATGAATC-1;G4_92_GCACAAGAGAACGCGA-1;G4_92_GGTACTGGTCATCTAT-1;G4_92_GTGCATATCACGGCCA-1",7,"D_低优先（轻微扩增）","Ready","Multi_Allele"
"G4_83","CAMGMDSNYQLIW_CASSSGVNTEVFF","TRAV13-1","TRBV16","CAMGMDSNYQLIW","CASSSGVNTEVFF","TRAJ33","TRBJ1-1",6,"GQQVQQSPASLVLQEGENAELQCNFS","TSLNS","MQWFYQRPEGSLVSLFY","NPSGT","KQSGRLTSTTVIKERRSSLHISSSQITDSGTYL","GSGTKLIIKP","NAGVIQTPRHKVTGKGQEATLWCEPI","SGHSA","VFWYRQTIVQGLEFLTY","FRNQAP","IDDSGMPKERFSAQMPNQSHSTLKIQSTQPQDSAVYL","GKGTRLTVV","G4_83_AAGCATAAGAGTTAGA-1;G4_83_AGTACTCCAATTAACT-1;G4_83_ATCGTATAGGCACCAT-1;G4_83_CAAGACACAACGGTCC-1;G4_83_CTACGATCAGCGCATC-1;G4_83_GGAATTAAGCATAACT-1",6,"D_低优先（轻微扩增）","Ready","Single"
"G4_90","CAVSASSGSWQLIF_CAWSLVGNSYNSPLYF","TRAV3-4","TRBV31","CAVSASSGSWQLIF","CAWSLVGNSYNSPLYF","TRAJ22","TRBJ1-6",6,"GEQVEQRPPHLSVPEGDSAVIICTYT","DSATAY","FYWYKQEPGAGLQLLMS","VFSNVDR","KEEQGLTVLLNKKDKQLSLNLTAAHPGDSAVYF","GSGTQLTVMP","AQTIHQWPVAEIKAVGSPLSLGCTIK","GKSSPN","LYWYWQATGGTLQQLFY","SITVG","QVESVVQLNLSASRPKDDQFILSTEKLLLSHSGFYL","AAGTRLTVT","G4_90_AATTGGGCACACGTCA-1;G4_90_ACGCTAATCAACCATG-1;G4_90_AGCACAACAATCGCCA-1;G4_90_CAACCTCGTACAGTTA-1;G4_90_CCTATTATCGTATTCC-1;G4_90_GCTCCTGGTGGAGCGA-1",6,"D_低优先（轻微扩增）","Ready","Single"
"G4_92","CAARTGNTRKLIF_CAWSLGGARATLYF","TRAV14N-1","TRBV31","CAARTGNTRKLIF","CAWSLGGARATLYF","TRAJ37","TRBJ2-4",6,"QQQVRQSPQSLTVWEGETAILNCSYE","DSTFNY","FPWYQQFPGEGPALLIS","ISSVSDK","KEDGRFTIFFNKREKKLSLHITDSQPGDSATYF","GLGTTLQVQP","AQTIHQWPVAEIKAVGSPLSLGCTIK","GKSSPN","LYWYWQATGGTLQQLFY","SITVG","QVESVVQLNLSASRPKDDQFILSTEKLLLSHSGFYL","GAGTRLSVL","G4_92_AACGTAAAGCGCATTA-1;G4_92_ACAATCGTCGTAATTA-1;G4_92_ATCGACCAGGTCCGCA-1;G4_92_CTAGCGCCAAAGGCCG-1;G4_92_CTCATAGAGACATGTT-1;G4_92_GCTTGTAAGAGTGCAG-1",6,"D_低优先（轻微扩增）","Ready","Single"
"G4_92","CAATTGGYKVVF_CASEGHIYAEQFF","TRAV5N-4","TRBV19","CAATTGGYKVVF","CASEGHIYAEQFF","TRAJ12","TRBJ2-1",6,"GEQVEQLPSILRVQEGSSASINCTYE","NSASNY","FPWYKQEPGENPKLIID","IRSNMER","KQTQGLIVLLDKKAKRFSLHITDTQPGDSAMYF","GSGTRLLVSP","GGIITQTPKFLIGQEGQKLTLKCQQN","FNHDT","MYWYRQDSGKGLRLIYY","SITEND","LQKGDLSEGYDASREKKSSFSLTVTSAQKNEMAVFL","GPGTRLTVL","G4_92_AACCGCAGTCTAAGCG-1;G4_92_AGTGGCAAGCACTCCC-1;G4_92_CCAGTGCCACCAATTA-1;G4_92_GCATGCCCAGTGTCGC-1;G4_92_GGTAGTGAGCCCAACG-1;G4_92_GTCAATCCACGCAACC-1",6,"D_低优先（轻微扩增）","Ready","Single"
"G4_83","CAATVNTGNYKYVF_CASRGLGYYAEQFF","TRAV5N-4","TRBV10","CAATVNTGNYKYVF","CASRGLGYYAEQFF","TRAJ40","TRBJ2-1",5,"GEQVEQLPSILRVQEGSSASINCTYE","NSASNY","FPWYKQEPGENPKLIID","IRSNMER","KQTQGLIVLLDKKAKRFSLHITDTQPGDSAMYF","GAGTRLKVIA","ETAVFQTPNYHVTQVGNEVSFNCKQT","LGHDT","MYWYKQDSKKLLKIMFS","YNNKQL","IVNETVPRRFSPQSSDKAHLNLRIKSVEPEDSAVYL","GPGTRLTVL","G4_83_AGCAGATAGCTGTCGG-1;G4_83_AGGCGTAAGCTGTGGT-1;G4_83_ATAAGCTTCCACTCTG-1;G4_83_CAATGGGAGAATGTAG-1;G4_83_GCCCAACCAGTATGGA-1",5,"D_低优先（轻微扩增）","Ready","Single"
"G4_90","CILRGGPGYQNFYF_CASSQGAYEQYF","TRAV21-DV12","TRBV3","CILRGGPGYQNFYF","CASSQGAYEQYF","TRAJ49","TRBJ2-7",5,"DAKTTQPDSMESTEGETVHLPCSHA","TISGNEY","IYWYRQVPLQGPEYVTH","GLQQN","TTNSMAFLAIASDRKSSTLILTHVSLRDAAVYH","GKGTSLTVIP","GPKVLQIPSHQIIDMGQMVTLNCDPV","SNHLY","FYWYKQILGQQMEFLVN","FYNGKV","MEKSKLFKDQFSVERPDGSYFTLKIQPTALEDSAVYF","GPGTRLTVL","G4_90_AACTACCCAACAGACA-1;G4_90_CCAAGCCCAGTATGGA-1;G4_90_CGCGTAAGTCGACCCC-1;G4_90_GCTGTAATCCTCCACA-1;G4_90_GGTTGTATCGTTGCTT-1",5,"D_低优先（轻微扩增）","Ready","Single"
"G4_92","CALSDWGTGGYKVVF_CASSIGDTSTEVFF","TRAV6D-6","TRBV19","CALSDWGTGGYKVVF","CASSIGDTSTEVFF","TRAJ12","TRBJ1-1",5,"GDSVTQTEGQVTVSESKSLIINCTYS","ATSIAYPN","LFWYVRYPGEGLQLLLK","VITAGQK","GSSRGFEATYNKETTSFHLQKASVQESDSAVYY","GSGTRLLVSP","GGIITQTPKFLIGQEGQKLTLKCQQN","FNHDT","MYWYRQDSGKGLRLIYY","SITEND","LQKGDLSEGYDASREKKSSFSLTVTSAQKNEMAVFL","GKGTRLTVV","G4_92_AATTTGGGTAATTCAG-1;G4_92_ATAAGTACAATCCTAA-1;G4_92_CACCGCTTCGCGCGTA-1;G4_92_GCCTGGGGTGTATTCT-1;G4_92_GGGGCTTGTCTCGTCG-1",5,"D_低优先（轻微扩增）","Ready","Single"
"G4_92","CAMREVDNNAGAKLTF_CAWRQTGGANTGQLYF","TRAV16N","TRBV31","CAMREVDNNAGAKLTF","CAWRQTGGANTGQLYF","TRAJ39","TRBJ2-2",5,"AQKVTQTQTSISVMEKTTVTMDCVYE","TQDSSYF","LFWYKQTASGEIVFLIR","QDSYKKEN","ATVGHYSLNFQKPKSSIGLIITATQIEDSAVYF","GGGTRLTVRP","AQTIHQWPVAEIKAVGSPLSLGCTIK","GKSSPN","LYWYWQATGGTLQQLFY","SITVG","QVESVVQLNLSASRPKDDQFILSTEKLLLSHSGFYL","GEGSKLTVL","G4_92_ACGGAGCAGACCCATA-1;G4_92_AGACTCGGTGTGTATA-1;G4_92_ATGCGAACAAATCCCG-1;G4_92_GCTCCAACAAGTCGCC-1;G4_92_GGATGACCACTGAAAG-1",5,"D_低优先（轻微扩增）","Ready","Single"
"G4_92","CAMRVNNRIFF_CASGDAGDTEVFF","TRAV6-3","TRBV12-2+TRBV13-2","CAMRVNNRIFF","CASGDAGDTEVFF","TRAJ31","TRBJ1-1",5,"GDSVIQMQGQVTLSENDFLFINCTYS","TTGYPT","LFWYVQYSGEGPQLLLQ","VTTANNK","GSSRGFEATYDKGTTSFHLQKTSVQEIDSAVYY","GDGTQLVVKP","EAAVTQSPRNKVAVTGGKVTLSCNQT","NNHNN","MYWYRQDTGHGLRLIHY","SYGAGS","TEKGDIPDGYKASRPSQENFSLILELATPSQTSVYF","GKGTRLTVV","G4_92_AAGGCATAGCGTGTTA-1;G4_92_AATTGGGCAATGCCGC-1;G4_92_ACGGATTGTCGCTTTA-1;G4_92_ACGTGGTTCGGAAACG-1;G4_92_CGGATATGTACTTGGG-1",5,"D_低优先（轻微扩增）","Ready","Multi_Allele"
"G4_83","CAASASSSFSKLVF_CASSSRDRDYAEQFF","TRAV7-4","TRBV29","CAASASSSFSKLVF","CASSSRDRDYAEQFF","TRAJ50","TRBJ2-1",4,"QQKVQQSPESLSVPEGGMASFNCTSS","DRNFQY","FWWYRQHSGEGPKALMS","IFSDGD","KKEGRFTAHLNKASLHVSLHIRDSQPSDSALYF","GQGTSLSVVP","DMKVTQMPRYLIKRMGENVLLECGQD","MSHET","MYWYRQDPGLGLQLIYI","SYDVDS","NSEGDIPKGYRVSRKKREHFSLILDSAKTNQTSVYF","GPGTRLTVL","G4_83_ATCAGGTGTCTATCGC-1;G4_83_CAGGTGTTCCTCTGGC-1;G4_83_CGTTAATAGCTGACAC-1;G4_83_GCGGAAATCATTAAGC-1",4,"E_备选（极小扩增）","Ready","Single"
"G4_83","CALLNMGYKLTF_CASSLRQGNTEVFF","TRAV12-3","TRBV14","CALLNMGYKLTF","CASSLRQGNTEVFF","TRAJ9","TRBJ1-1",4,"GDSVTQTEGLVTLTEGLPVMLNCTYQ","TIYSNPF","LFWYVHYLNESPRLLLK","SSTDNKR","TEHQGFHATLHKSSSSFHLQKSSAQLSDSALYY","GTGTSLLVDP","EAGVTQSPRYAVLQEGQAVSFWCDPI","SGHDT","LYWYQQPRDQGPQLLVY","FRDEAV","IDNSQLPSDRFSAVRPKGTNSTLKIQSAKQGDTATYL","GKGTRLTVV","G4_83_ATAGTGAAGCGGTCCA-1;G4_83_CACGCTTGTGTAGCAT-1;G4_83_CGTCGGTCAACGACCC-1;G4_83_CTCGGGATCGCTTCAT-1",4,"E_备选（极小扩增）","Ready","Single"
"G4_83","CALSDRANKMIF_CASSQGQGDTEVFF","TRAV12-1","TRBV14","CALSDRANKMIF","CASSQGQGDTEVFF","TRAJ47","TRBJ1-1",4,"GDSVTQTEGLVTVTEGLPVKLNCTYQ","TTYLTIA","FFWYVQYLNEAPQVLLR","SSTDNKR","TEHQGFHATLHKSSSSFHLQKSSAQLSDSALYY","GLGTILRVRP","EAGVTQSPRYAVLQEGQAVSFWCDPI","SGHDT","LYWYQQPRDQGPQLLVY","FRDEAV","IDNSQLPSDRFSAVRPKGTNSTLKIQSAKQGDTATYL","GKGTRLTVV","G4_83_AGTGTTAGTATGAAGG-1;G4_83_CAGTCAATCACGCAAC-1;G4_83_CCGCTAACACACTACG-1;G4_83_GCCTGCTTCGTAACCA-1",4,"E_备选（极小扩增）","Ready","Single"
"G4_83","CAMSIFQGTGSKLSF_CASSRDWGKDTQYF","TRAV7N-5","TRBV5","CAMSIFQGTGSKLSF","CASSRDWGKDTQYF","TRAJ58","TRBJ2-5",4,"QQKVQQSPESLTVSEGAMASLNCTFS","DGTSDN","FRWYRQHSGKGLEVLVS","IFSDGE","KEEGRFTAHLNRASLHVSLHIREPQPSDSAVYL","GKGAKLTVSP","NTKITQSPRYLILGRANKSLECEQH","LGHNA","MYWYKQSAEKPPELMFL","YNLKQL","IRNETVPSRFIPECPDSSKLLLHISAVDPEDSAVYF","GPGTRLLVL","G4_83_ACGTCGGTCCAAAGCC-1;G4_83_ACGTTTACAACTAAGG-1;G4_83_CCGTGTCTCAGGCTGT-1;G4_83_CCTCGTCAGCTCATGA-1",4,"E_备选（极小扩增）","Ready","Single"
"G4_83","CAVRGSALGRLHF_CASKGQKYEQYF","TRAV7-3","TRBV13-3","CAVRGSALGRLHF","CASKGQKYEQYF","TRAJ18","TRBJ2-7",4,"QQNVQQSPESLIVPEGARTSLNCTFS","DSASQY","FWWYRQHSGKAPKALMS","IFSNGE","KEEGRFTIHLNKASLHFSLHIRDSQPSDSALYL","GAGTQLIVIP","EAAVTQSPRSKVAVTGGKVTLSCHQT","NNHDY","MYWYRQDTGHGLRLIHY","SYVADS","TEKGDIPDGYKASRPSQENFSLILELASLSQTAVYF","GPGTRLTVL","G4_83_CAGCCCAAGAGTTGCC-1;G4_83_GCCCCGTGTATGCAGT-1;G4_83_GCGCGAACAGTTACCG-1;G4_83_GTATTGGTCCAAGTGC-1",4,"E_备选（极小扩增）","Ready","Single"
"G4_90","CAVKGSSGSWQLIF_CAWSLVGGEVFF","TRAV7-3","TRBV31","CAVKGSSGSWQLIF","CAWSLVGGEVFF","TRAJ22","TRBJ1-1",4,"QQNVQQSPESLIVPEGARTSLNCTFS","DSASQY","FWWYRQHSGKAPKALMS","IFSNGE","KEEGRFTIHLNKASLHFSLHIRDSQPSDSALYL","GSGTQLTVMP","AQTIHQWPVAEIKAVGSPLSLGCTIK","GKSSPN","LYWYWQATGGTLQQLFY","SITVG","QVESVVQLNLSASRPKDDQFILSTEKLLLSHSGFYL","GKGTRLTVV","G4_90_ACAGCACTCACTCCCA-1;G4_90_ACCACATCAATTCATG-1;G4_90_ATCGACATCCGATAAT-1;G4_90_GTCGCCCGTACTCGCT-1",4,"E_备选（极小扩增）","Ready","Single"
"G4_90","CAVSANSGTYQRF_CASSSFLRGLAETLYF","TRAV3-3","TRBV10","CAVSANSGTYQRF","CASSSFLRGLAETLYF","TRAJ13","TRBJ2-3",4,"GEQVEQRPPHLSVREGDSAFITCTYT","DPNSYY","FFWYKQEPGASLQLLMK","VFSSTEI","NEGQGFTVLLNKKDKRLSLNLTAAHPGDSAAYF","GTGTKLQVVP","ETAVFQTPNYHVTQVGNEVSFNCKQT","LGHDT","MYWYKQDSKKLLKIMFS","YNNKQL","IVNETVPRRFSPQSSDKAHLNLRIKSVEPEDSAVYL","GSGTRLTVL","G4_90_ACTAATGGTGTTAGTA-1;G4_90_AGCTATCCAAACTAGG-1;G4_90_GCTATGCAGGCTCAGT-1;G4_90_GCTCGGGGTCATTAAG-1",4,"E_备选（极小扩增）","Ready","Single"
"G4_92","CAASLDSNYQLIW_CTCSGGQVSNERLFF","TRAV7D-4","TRBV1","CAASLDSNYQLIW","CTCSGGQVSNERLFF","TRAJ33","TRBJ1-4",4,"QQKVQQSPESLSVPEGGMASLNCTSS","DRNFQY","FWWYRQHSGEGPKALMS","IFSDGD","KKEGRFTAHLNKASLHVSLHIRDSQPSDSALYF","GSGTKLIIKP","VTLLEQNPRWRLVPRGQAVNLRCILK","NSQYPW","MSWYQQDLQKQLQWLFT","LRSPGD","KEVKSLPGADYLATRVTDTELRLQVANMSQGRTLY","GHGTKLSVL","G4_92_AACTAGGCACCGTTAG-1;G4_92_ACTCGAGGTCTGTGGA-1;G4_92_CGGGATTTCAAATGCT-1;G4_92_GTTAGTTAGCACTAGC-1",4,"E_备选（极小扩增）","Ready","Single"
"G4_92","CALSDQSTDKVVF_CASGSWTAYNNQAPLF","TRAV6N-7","TRBV12-2+TRBV13-2","CALSDQSTDKVVF","CASGSWTAYNNQAPLF","TRAJ34","TRBJ1-5",4,"GDSVTQTEGQVALSEEDFLTIHCNYS","ASGYPA","LFWYVQYPGEGPQFLFR","ASRDKEK","GSSRGFEATYNKEATSFHLQKASVQESDSAVYY","GTGTRLQVSP","EAAVTQSPRNKVAVTGGKVTLSCNQT","NNHNN","MYWYRQDTGHGLRLIHY","SYGAGS","TEKGDIPDGYKASRPSQENFSLILELATPSQTSVYF","GEGTRLSVL","G4_92_CATAGGTGTCGCCTAT-1;G4_92_CATAGTCCAAGCATAG-1;G4_92_GGAACGGGTGCTTAGG-1;G4_92_GTATAACTCATGGCTA-1",4,"E_备选（极小扩增）","Ready","Multi_Allele"
"G4_92","CASGFASALTF_CASSQDIISNERLFF","TRAV8D-1","TRBV5","CASGFASALTF","CASSQDIISNERLFF","TRAJ35","TRBJ1-4",4,"SQLAEENPWALSVHEGESVTVNCSYK","TSITA","LQWYRQKSGEGPAQLIL","IRSNERE","KRNGRLRATLDTSSQSSSLSITATRCEDTAVYF","GSGTKVIVLPY","NTKITQSPRYLILGRANKSLECEQH","LGHNA","MYWYKQSAEKPPELMFL","YNLKQL","IRNETVPSRFIPECPDSSKLLLHISAVDPEDSAVYF","GHGTKLSVL","G4_92_CATGCCACACTAACCG-1;G4_92_CCACGTACAGTCAACT-1;G4_92_CTGGCTTGTGTAAGCT-1;G4_92_GTTAACCCAGGGCAAT-1",4,"E_备选（极小扩增）","Ready","Single"
"G4_92","CATASSGSWQLIF_CASSLRDRGGAETLYF","TRAV8N-2","TRBV5","CATASSGSWQLIF","CASSLRDRGGAETLYF","TRAJ22","TRBJ2-3",4,"SQWGEENLQALSIQEGEDVTMNCSYK","TYTTV","VQWYRQKSGKGPALIIL","IRSNERE","KRSGRLRATLDTSSQSSSLSITGTLATDTAVYF","GSGTQLTVMP","NTKITQSPRYLILGRANKSLECEQH","LGHNA","MYWYKQSAEKPPELMFL","YNLKQL","IRNETVPSRFIPECPDSSKLLLHISAVDPEDSAVYF","GSGTRLTVL","G4_92_AGTGATAAGATACCAT-1;G4_92_CCTAGATCACCTGCAA-1;G4_92_CGCTAAGGTCCAGCCC-1;G4_92_GCGTGAAAGGGATGAT-1",4,"E_备选（极小扩增）","Ready","Single"
"G4_92","CVEGNEKITF_CASSPGRGNSPLYF","TRAV12N-2","TRBV14","CVEGNEKITF","CASSPGRGNSPLYF","TRAJ48","TRBJ1-6",4,"GDSVTQTEGLVTLTKGLPVMLNCTYQ","TTYSPF","LFWYVQHLNEAPKLLLK","SSTDNKR","TEHQGFYATLHKSSSSFHLQKSSVQLSDSALYF","GAGTKLTIKP","EAGVTQSPRYAVLQEGQAVSFWCDPI","SGHDT","LYWYQQPRDQGPQLLVY","FRDEAV","IDNSQLPSDRFSAVRPKGTNSTLKIQSAKQGDTATYL","AAGTRLTVT","G4_92_AACGGGTCAATTACGC-1;G4_92_CCATGGTAGGTCGGAA-1;G4_92_GGACTGAAGCATGCGT-1;G4_92_GTGCATATCCCAGTAA-1",4,"E_备选（极小扩增）","Ready","Single"
"G4_83","CAAMATGGNNKLTF_CASGDAAEQFF","TRAV9-4","TRBV12-2+TRBV13-2","CAAMATGGNNKLTF","CASGDAAEQFF","TRAJ56","TRBJ2-1",3,"AQSVTQPDARVTVSEGASLQLRCKYS","YSGTPY","LFWYVQYPRQGLQLLLK","YYSGDPVV","QGVNGFEAEFSKSDSSFHLRKASVHWSDSAVYF","GQGTVLSVIP","EAAVTQSPRNKVAVTGGKVTLSCNQT","NNHNN","MYWYRQDTGHGLRLIHY","SYGAGS","TEKGDIPDGYKASRPSQENFSLILELATPSQTSVYF","GPGTRLTVL","G4_83_AATCCTCTCCCAACTT-1;G4_83_ACTCTCGTCACTACCT-1;G4_83_CCCAACGAGGTGTCCG-1",3,"E_备选（极小扩增）","Ready","Multi_Allele"
"G4_83","CAARGTGSGGKLTL_CASSIGTGSYEQYF","TRAV9-4","TRBV19","CAARGTGSGGKLTL","CASSIGTGSYEQYF","TRAJ44","TRBJ2-7",3,"AQSVTQPDARVTVSEGASLQLRCKYS","YSGTPY","LFWYVQYPRQGLQLLLK","YYSGDPVV","QGVNGFEAEFSKSDSSFHLRKASVHWSDSAVYF","GTGTRLQVNL","GGIITQTPKFLIGQEGQKLTLKCQQN","FNHDT","MYWYRQDSGKGLRLIYY","SITEND","LQKGDLSEGYDASREKKSSFSLTVTSAQKNEMAVFL","GPGTRLTVL","G4_83_AAACGTAAGCGGCATT-1;G4_83_AGGAGGTGTGGCCTGG-1;G4_83_GTATTCACACTGACGC-1",3,"E_备选（极小扩增）","Ready","Single"
"G4_83","CAASARSSGSWQLIF_CASGGGTANTEVFF","TRAV14N-2","TRBV12-2+TRBV13-2","CAASARSSGSWQLIF","CASGGGTANTEVFF","TRAJ22","TRBJ1-1",3,"QQQVRQSPQSLTVWEGETAILNCSYE","DSTFDY","FPWYRLFPGESPALLIA","IRPVSNK","KEDGRFTIFFNKREKKLSLHITDSQPGDSATYF","GSGTQLTVMP","EAAVTQSPRNKVAVTGGKVTLSCNQT","NNHNN","MYWYRQDTGHGLRLIHY","SYGAGS","TEKGDIPDGYKASRPSQENFSLILELATPSQTSVYF","GKGTRLTVV","G4_83_CCGACTACACCAGTGC-1;G4_83_CTCGTTCCACTGCACA-1;G4_83_GGATACCTCATTAACA-1",3,"E_备选（极小扩增）","Ready","Multi_Allele"
"G4_83","CAMGLDSNYQLIW_CASSSGTNTEVFF","TRAV13-1","TRBV16","CAMGLDSNYQLIW","CASSSGTNTEVFF","TRAJ33","TRBJ1-1",3,"GQQVQQSPASLVLQEGENAELQCNFS","TSLNS","MQWFYQRPGGSLVSLFY","NPSGT","KQSGRLTSTTVIKERRSSLHISSSQTTDSGTYL","GSGTKLIIKP","NAGVIQTPRHKVTGKGQEATLWCEPI","SGHSA","VFWYRQTIVQGLEFLTY","FRNQAP","IDDSGMPKERFSAQMPNQSHSTLKIQSTQPQDSAVYL","GKGTRLTVV","G4_83_ATTGAAGAGGTATTCG-1;G4_83_CTAATCGAGAAGTAGC-1;G4_83_GGGCTTCCAGTTCTCC-1",3,"E_备选（极小扩增）","Ready","Single"
"G4_83","CAMRENQGGRALIF_CASSMGTGAERLFF","TRAV6-3","TRBV19","CAMRENQGGRALIF","CASSMGTGAERLFF","TRAJ15","TRBJ1-4",3,"GDSVIQMQGQVTLSENDFLFINCTYS","TTGYPT","LFWYVQYSGEGPQLLLQ","VTTANNK","GSSRGFEATYDKGTTSFHLQKTSVQEIDSAVYY","GTGTTVSVSP","GGIITQTPKFLIGQEGQKLTLKCQQN","FNHDT","MYWYRQDSGKGLRLIYY","SITEND","LQKGDLSEGYDASREKKSSFSLTVTSAQKNEMAVFL","GHGTKLSVL","G4_83_ACTGTTCTCATACCCT-1;G4_83_AGGAATGGTAGCGTGC-1;G4_83_ATATCAGGTGCCCATT-1",3,"E_备选（极小扩增）","Ready","Single"
"G4_83","CATVSSGSWQLIF_CAWSLKRAGGNTGQLYF","TRAV8N-2","TRBV31","CATVSSGSWQLIF","CAWSLKRAGGNTGQLYF","TRAJ22","TRBJ2-2",3,"SQWGEENLQALSIQEGEDVTMNCSYK","TYTTV","VQWYRQKSGKGPALIIL","IRSNERE","KRSGRLRATLDTSSQSSSLSITGTLATDTAVYF","GSGTQLTVMP","AQTIHQWPVAEIKAVGSPLSLGCTIK","GKSSPN","LYWYWQATGGTLQQLFY","SITVG","QVESVVQLNLSASRPKDDQFILSTEKLLLSHSGFYL","GEGSKLTVL","G4_83_ACAAGTAAGACCACGT-1;G4_83_ACCACTCGTAGCGGTC-1;G4_83_CATAAGCGTAATCGCG-1",3,"E_备选（极小扩增）","Ready","Single"
"G4_83","CILSPPNTGYQNFYF_CASSRGSYEQYF","TRAV21-DV12","TRBV13-3","CILSPPNTGYQNFYF","CASSRGSYEQYF","TRAJ49","TRBJ2-7",3,"DAKTTQPDSMESTEGETVHLPCSHA","TISGNEY","IYWYRQVPLQGPEYVTH","GLQQN","TTNSMAFLAIASDRKSSTLILTHVSLRDAAVYH","GKGTSLTVIP","EAAVTQSPRSKVAVTGGKVTLSCHQT","NNHDY","MYWYRQDTGHGLRLIHY","SYVADS","TEKGDIPDGYKASRPSQENFSLILELASLSQTAVYF","GPGTRLTVL","G4_83_ATCAATATCGGGCCTA-1;G4_83_GCTCAGTAGAGACTTT-1;G4_83_GGGTTCGTCCAGTAAT-1",3,"E_备选（极小扩增）","Ready","Single"
"G4_83","CVPKQGGRALIF_CGARGDRDDERLFF","TRAV6-2","TRBV20","CVPKQGGRALIF","CGARGDRDDERLFF","TRAJ15","TRBJ1-4",3,"GNSVTQMQGQVTLSEEEFLFINCTYS","TTGYPT","LFWYVQYPGEGPQLLLK","VTTANNK","GSSRGFEATYDKGTTSFHLQKASVQESDSAVYY","GTGTTVSVSP","GALVYQYPRRTICKSGTSMRMECQAV","GFQATS","VAWYRQSPQKTFELIAL","STVNSAI","KYEQNFTQEKFPISHPNLSFSSMTVLNAYLEDRGLYL","GHGTKLSVL","G4_83_CACGAAGAGCAACGAG-1;G4_83_CCAACCCTCGGTACTA-1;G4_83_CGGAAACCAATGCAGA-1",3,"E_备选（极小扩增）","Ready","Single"
"G4_90","CAAKENNNAPRF_CTCSAQQGVYSDYTF","TRAV10D","TRBV1","CAAKENNNAPRF","CTCSAQQGVYSDYTF","TRAJ43","TRBJ1-2",3,"GEKVEQHESTLSVREGDSAVINCTYT","DTASSY","FPWYKQEAGKGLHFVID","IRSNVDR","KQSQRLIVLLDKKAKRFSLHITATQPEDSAIYF","GAGTKLTVKP","VTLLEQNPRWRLVPRGQAVNLRCILK","NSQYPW","MSWYQQDLQKQLQWLFT","LRSPGD","KEVKSLPGADYLATRVTDTELRLQVANMSQGRTLY","GSGTRLLVI","G4_90_CACGAGTTCGGCTATA-1;G4_90_CCGATACAGCGACAAG-1;G4_90_GTAAACGCAACTGCCA-1",3,"E_备选（极小扩增）","Ready","Single"
"G4_90","CAASQATGGNNKLTF_CASSRQGTLYF","TRAV5N-4","TRBV2","CAASQATGGNNKLTF","CASSRQGTLYF","TRAJ56","TRBJ2-4",3,"GEQVEQLPSILRVQERSSASINCTYE","NSASNY","FPWYKQEPGENPKLIID","IRSNMER","KQIQGLIVLLDKKAKRFSLHITDTQPADSAMYF","GQGTVLSVIP","DPKIIQKPKYLVAVTGSEKILICEQY","LGHNA","MYWYRQSAKKPLEFMFS","YSYQKL","MDNQTASSRFQPQSSKKNHLDLQITALKPDDSATYF","GAGTRLSVL","G4_90_ATTATGGGTAACGAAG-1;G4_90_GGCCTGGGTACCCCTG-1;G4_90_GTAAAGGGTAAATGGG-1",3,"E_备选（极小扩增）","Ready","Single"
"G4_90","CAMSMWQGTGSKLSF_CASSRDWGKDTQYF","TRAV7N-5","TRBV5","CAMSMWQGTGSKLSF","CASSRDWGKDTQYF","TRAJ58","TRBJ2-5",3,"QQKVQQSPESLTVSEGAMASLNCTFS","DGTSDN","FRWYRQHSGKGLEVLVS","IFSDGE","KEEGRFTAHLNRASLHVSLHIREPQPSDSAVYL","GKGAKLTVSP","NTKITQSPRYLILGRANKSLECEQH","LGHNA","MYWYKQSAEKPPELMFL","YNLKQL","IRNETVPSRFIPECPDSSKLLLHISAVDPEDSAVYF","GPGTRLLVL","G4_90_AAGCCGCGTCTTGGTC-1;G4_90_CACGTAATCGTGTATG-1;G4_90_CAGCGTTAGGCATACC-1",3,"E_备选（极小扩增）","Ready","Single"
"G4_90","CILRGAQGTGSKLSF_CASSDAWYEQYF","TRAV21-DV12","TRBV13-1","CILRGAQGTGSKLSF","CASSDAWYEQYF","TRAJ58","TRBJ2-7",3,"DAKTTQPDSMESTEGETVHLPCSHA","TISGNEY","IYWYRQVPLQGPEYVTH","GLQQN","TTNSMAFLAIASDRKSSTLILTHVSLRDAAVYH","GKGAKLTVSP","EAAVTQSPRNKVTVTGGNVTLSCRQT","NSHNY","MYWYRQDTGHGLRLIHY","SYGAGN","LQIGDVPDGYKATRTTQEDFFLLLELASPSQTSLYF","GPGTRLTVL","G4_90_AACACCTCACATTGGT-1;G4_90_CTGGGCTCAGCATTAC-1;G4_90_GTTGTATAGACCTATG-1",3,"E_备选（极小扩增）","Ready","Single"
"G4_92","CAAATGGNNKLTF_CASSFPGYSDYTF","TRAV14N-3","TRBV14","CAAATGGNNKLTF","CASSFPGYSDYTF","TRAJ56","TRBJ1-2",3,"QQQVRQSPQSLTVWEGETAILNCSYE","NSAFDY","FPWYQQFPGEGPALLIA","IRSVSDK","KEDGGFTIFFNKREKNLSLHIKDSQPGDSATYF","GQGTVLSVIP","EAGVTQSPRYAVLQEGQAVSFWCDPI","SGHDT","LYWYQQPRDQGPQLLVY","FRDEAV","IDNSQLPSDRFSAVRPKGTNSTLKIQSAKQGDTATYL","GSGTRLLVI","G4_92_AATACCCCAGCACACC-1;G4_92_CGACAAGAGCCGCCAA-1;G4_92_GCGCCTCGTGCACTAG-1",3,"E_备选（极小扩增）","Ready","Single"
"G4_92","CAAEGGGSNYKLTF_CASSQDPSAETLYF","TRAV4-4-DV10","TRBV5","CAAEGGGSNYKLTF","CASSQDPSAETLYF","TRAJ53","TRBJ2-3",3,"GDQVEQSPSALSLHEGTDSALRCNFT","TTMRS","VQWFRQNSRGSLISLFY","LASGT","KENGRLKSAFDSKERRYSTLHIRDAQLEDSGTYF","GKGTLLTVTP","NTKITQSPRYLILGRANKSLECEQH","LGHNA","MYWYKQSAEKPPELMFL","YNLKQL","IRNETVPSRFIPECPDSSKLLLHISAVDPEDSAVYF","GSGTRLTVL","G4_92_AAACTAACAATGCCCA-1;G4_92_ACAATACTCGCTCGCT-1;G4_92_CAACGAGAGGTGTCCG-1",3,"E_备选（极小扩增）","Ready","Single"
"G4_92","CAARVNTGNYKYVF_CASGDATGGAWEQYF","TRAV7D-2","TRBV12-2+TRBV13-2","CAARVNTGNYKYVF","CASGDATGGAWEQYF","TRAJ40","TRBJ2-7",3,"QQKVQQSPESLIVPEGGMASLNCTSS","DRNVDY","FWWYRQHSGKSPKMLMS","IFSNGE","KEEGRFTVHLNKASLHTSLHIRDSQPSDSALYL","GAGTRLKVIA","EAAVTQSPRNKVAVTGGKVTLSCNQT","NNHNN","MYWYRQDTGHGLRLIHY","SYGAGS","TEKGDIPDGYKASRPSQENFSLILELATPSQTSVYF","GPGTRLTVL","G4_92_AGTGTTAGTAGCCCTT-1;G4_92_CCCATAGCAGTCGGTC-1;G4_92_CCGCATCTCGGGTTAC-1",3,"E_备选（极小扩增）","Ready","Multi_Allele"
"G4_92","CAASAREGGSAKLIF_CASSQPPGVRLFF","TRAV14N-1","TRBV2","CAASAREGGSAKLIF","CASSQPPGVRLFF","TRAJ57","TRBJ1-4",3,"QQQVRQSPQSLTVWEGETAILNCSYE","DSTFNY","FPWYQQFPGEGPALLIS","ISSVSDK","KEDGRFTIFFNKREKKLSLHITDSQPGDSATYF","GEGTKLTVSS","DPKIIQKPKYLVAVTGSEKILICEQY","LGHNA","MYWYRQSAKKPLEFMFS","YSYQKL","MDNQTASSRFQPQSSKKNHLDLQITALKPDDSATYF","GHGTKLSVL","G4_92_ATCCCCATCAACTGCA-1;G4_92_CACACCTGTGGAAAGC-1;G4_92_GTGCCATAGGGATGAT-1",3,"E_备选（极小扩增）","Ready","Single"
"G4_92","CAASDLNNYAQGLTF_CASGDAGGSAETLYF","TRAV7D-4","TRBV12-2+TRBV13-2","CAASDLNNYAQGLTF","CASGDAGGSAETLYF","TRAJ26","TRBJ2-3",3,"QQKVQQSPESLSVPEGGMASLNCTSS","DRNFQY","FWWYRQHSGEGPKALMS","IFSDGD","KKEGRFTAHLNKASLHVSLHIRDSQPSDSALYF","GLGTRVSVFP","EAAVTQSPRNKVAVTGGKVTLSCNQT","NNHNN","MYWYRQDTGHGLRLIHY","SYGAGS","TEKGDIPDGYKASRPSQENFSLILELATPSQTSVYF","GSGTRLTVL","G4_92_ATCTTCGGTGTCTCCG-1;G4_92_ATTAAAGCACGTACAT-1;G4_92_CAAGGCGCAACGAACA-1",3,"E_备选（极小扩增）","Ready","Multi_Allele"
"G4_92","CAASDNNAGAKLTF_CASSDAGGAREQYF","TRAV14D-3-DV8","TRBV13-1","CAASDNNAGAKLTF","CASSDAGGAREQYF","TRAJ39","TRBJ2-7",3,"QQQVRQSPQSLTVWEGETAILNCSYE","NSAFDY","FPWYQQFPGEGPALLIS","ILSVSNK","KEDGRFTIFFNKREKKLSLHIADSQPGDSATYF","GGGTRLTVRP","EAAVTQSPRNKVTVTGGNVTLSCRQT","NSHNY","MYWYRQDTGHGLRLIHY","SYGAGN","LQIGDVPDGYKATRTTQEDFFLLLELASPSQTSLYF","GPGTRLTVL","G4_92_AGCTGGGCAAACTACC-1;G4_92_CAAGTGCTCAAGGGGC-1;G4_92_GCCTCTGGTACAGGCC-1",3,"E_备选（极小扩增）","Ready","Single"
"G4_92","CAASGTGYQNFYF_CTCSADPGSNTEVFF","TRAV7-4","TRBV1","CAASGTGYQNFYF","CTCSADPGSNTEVFF","TRAJ49","TRBJ1-1",3,"QQKVQQSPESLSVPEGGMASFNCTSS","DRNFQY","FWWYRQHSGEGPKALMS","IFSDGD","KKEGRFTAHLNKASLHVSLHIRDSQPSDSALYF","GKGTSLTVIP","VTLLEQNPRWRLVPRGQAVNLRCILK","NSQYPW","MSWYQQDLQKQLQWLFT","LRSPGD","KEVKSLPGADYLATRVTDTELRLQVANMSQGRTLY","GKGTRLTVV","G4_92_CCGAATTCAGCGATAA-1;G4_92_GGCGTTCCACAGGTAA-1;G4_92_GTATCGATCATCCTAC-1",3,"E_备选（极小扩增）","Ready","Single"
"G4_92","CAGRHTGGNNKLTF_CASSDTSAETLYF","TRAV5N-4","TRBV13-1","CAGRHTGGNNKLTF","CASSDTSAETLYF","TRAJ56","TRBJ2-3",3,"GEQVEQLPSILRVQERSSASINCTYE","NSASNY","FPWYKQEPGENPKLIID","IRSNMER","KQIQGLIVLLDKKAKRFSLHITDTQPADSAMYF","GQGTVLSVIP","EAAVTQSPRNKVTVTGGNVTLSCRQT","NSHNY","MYWYRQDTGHGLRLIHY","SYGAGN","LQIGDVPDGYKATRTTQEDFFLLLELASPSQTSLYF","GSGTRLTVL","G4_92_AAATCCGTCCTCAGGG-1;G4_92_ACGGCCATCCTATTGC-1;G4_92_GGCTTTCGTGGGGAAT-1",3,"E_备选（极小扩增）","Ready","Single"
"G4_92","CALEGSGGNNKLTF_CASGDVTEVFF","TRAV17","TRBV12-2+TRBV13-2","CALEGSGGNNKLTF","CASGDVTEVFF","TRAJ56","TRBJ1-1",3,"AQSVDQPDAHVTLYEGASLELRCSYS","YSAAPY","LFWYVQYPGQSLQFLLK","YITGDAVV","KGTKGFEAEFRKSNSSFNLKKSPAHWSDSAKYF","GQGTVLSVIP","EAAVTQSPRNKVAVTGGKVTLSCNQT","NNHNN","MYWYRQDTGHGLRLIHY","SYGAGS","TEKGDIPDGYKASRPSQENFSLILELATPSQTSVYF","GKGTRLTVV","G4_92_ACCTGCGAGACCTATG-1;G4_92_CATGTCGCAATGAATA-1;G4_92_GCTCTTAGTCCCTCTC-1",3,"E_备选（极小扩增）","Ready","Multi_Allele"
"G4_92","CALGMDSNYQLIW_CGASRVSQNTLYF","TRAV6N-7","TRBV20","CALGMDSNYQLIW","CGASRVSQNTLYF","TRAJ33","TRBJ2-4",3,"GDSVTQTEGQVALSEEDFLTIHCNYS","ASGYPA","LFWYVQYPGEGPQFLFR","ASRDKEK","GSSRGFEATYNKETTSFHLQKASVQESDSAVYY","GSGTKLIIKP","GALVYQYPRRTICKSGTSMRMECQAV","GFQATS","VAWYRQSPQKTFELIAL","STVNSAI","KYEQNFTQEKFPISHPNLSFSSMTVLNAYLEDRGLYL","GAGTRLSVL","G4_92_ACTATTCGTACCCATC-1;G4_92_CGTTTCGTCATCTTCA-1;G4_92_GGTCGTCCAGCGAAAC-1",3,"E_备选（极小扩增）","Ready","Single"
"G4_92","CALNNYAQGLTF_CASSDAGDGAEQFF","TRAV6D-6","TRBV13-1","CALNNYAQGLTF","CASSDAGDGAEQFF","TRAJ26","TRBJ2-1",3,"GDSVTQTEGQVTVSESKSLIINCTYS","ATSIAYPN","LFWYVRYPGEGLQLLLK","VITAGQK","GSSRGFEATYNKETTSFHLQKASVQESDSAVYY","GLGTRVSVFP","EAAVTQSPRNKVTVTGGNVTLSCRQT","NSHNY","MYWYRQDTGHGLRLIHY","SYGAGN","LQIGDVPDGYKATRTTQEDFFLLLELASPSQTSLYF","GPGTRLTVL","G4_92_ACTATTCGTCTATCCA-1;G4_92_ACTCAGCAGAGGCAGC-1;G4_92_ACTTACCTCATGGGCT-1",3,"E_备选（极小扩增）","Ready","Single"
"G4_92","CALNQGGRALIF_CASSPTEYEQYF","TRAV12N-2","TRBV13-1","CALNQGGRALIF","CASSPTEYEQYF","TRAJ15","TRBJ2-7",3,"GDSVTQTEGLVTLTEGLPVMLNCTYQ","TAYSTF","LFWYVQHLNEAPKLLLK","SSTDNKR","TEHQGFHATLHKSSSSFHLQKSSAQLSDSALYY","GTGTTVSVSP","EAAVTQSPRNKVTVTGGNVTLSCRQT","NSHNY","MYWYRQDTGHGLRLIHY","SYGAGN","LQIGDVPDGYKATRTTQEDFFLLLELASPSQTSLYF","GPGTRLTVL","G4_92_ACATATGGTAGCGTGC-1;G4_92_ATCCCAAAGCTTCTAC-1;G4_92_GTCCATAAGAACCCCG-1",3,"E_备选（极小扩增）","Ready","Single"
"G4_92","CALSAGGSNAKLTF_CGARDPQGWEQYF","TRAV6-5","TRBV20","CALSAGGSNAKLTF","CGARDPQGWEQYF","TRAJ42","TRBJ2-7",3,"GDSVTQTEGPVTLSEGTSLTVNCSYE","TKQYPT","LFWYVQYPGEGPQLLFK","VPKANEK","GSSRGFEATYNKEATSFHLQKASVQESDSAVYY","GKGTKLSVKS","GALVYQYPRRTICKSGTSMRMECQAV","GFQATS","VAWYRQSPQKTFELIAL","STVNSAI","KYEQNFTQEKFPISHPNLSFSSMTVLNAYLEDRGLYL","GPGTRLTVL","G4_92_AGCCCCAAGGCACCCA-1;G4_92_CAAGTAGCACTGACAT-1;G4_92_CTGGGGACACCGACTA-1",3,"E_备选（极小扩增）","Ready","Single"
"G4_92","CASNTDKVVF_CASGDAQLRNTGQLYF","TRAV12-3","TRBV12-2+TRBV13-2","CASNTDKVVF","CASGDAQLRNTGQLYF","TRAJ34","TRBJ2-2",3,"GDSVTQTEGLVTLTEGLPVMLNCTYQ","TIYSNPF","LFWYVHYLNESPRLLLK","SSTDNKR","TEHQGFHATLHKSSSSFHLQKSSAQLSDSALYY","GTGTRLQVSP","EAAVTQSPRNKVAVTGGKVTLSCNQT","NNHNN","MYWYRQDTGHGLRLIHY","SYGAGS","TEKGDIPDGYKASRPSQENFSLILELATPSQTSVYF","GEGSKLTVL","G4_92_ATCCTAACAGCACCTA-1;G4_92_CGGGAAATCCTGGGTG-1;G4_92_GCCCCGTGTCATCGGA-1",3,"E_备选（极小扩增）","Ready","Multi_Allele"
"G4_92","CATGGADRLTF_CASSFRGGYAEQFF","TRAV8D-1","TRBV14","CATGGADRLTF","CASSFRGGYAEQFF","TRAJ45","TRBJ2-1",3,"SQLAEENPWALSVHEGESVTVNCSYK","TSITA","LQWYRQKSGEGPAQLIL","IRSNERE","KRNGRLRATLDTSSQSSSLSITATRCEDTAVYF","GKGTQLIIQP","EAGVTQSPRYAVLQEGQAVSFWCDPI","SGHDT","LYWYQQPRDQGPQLLVY","FRDEAV","IDNSQLPSDRFSAVRPKGTNSTLKIQSAKQGDTATYL","GPGTRLTVL","G4_92_ACGCCGGGTATCTGCC-1;G4_92_CCAACGAGTAACGTCG-1;G4_92_GTGCATGGTCTACTAT-1",3,"E_备选（极小扩增）","Ready","Single"
"G4_92","CAVSAPSGSWQLIF_CAWSSEGAANSDYTF","TRAV9-1","TRBV31","CAVSAPSGSWQLIF","CAWSSEGAANSDYTF","TRAJ22","TRBJ1-2",3,"TQTVSQSDAHVTVFEGDSVELRCNYS","YGGSIY","LSWYIQHHGRGLQFLLK","YYSGNPVV","QGVNGFEAEFSKSDSSFHLRKASVHWSDSAVYF","GSGTQLTVMP","AQTIHQWPVAEIKAVGSPLSLGCTIK","GKSSPN","LYWYWQATGGTLQQLFY","SITVG","QVESVVQLNLSASRPKDDQFILSTEKLLLSHSGFYL","GSGTRLLVI","G4_92_ATGATGCGTATCAATG-1;G4_92_CGTTATACAGTATGTC-1;G4_92_GTGGCCATCATGAATC-1",3,"E_备选（极小扩增）","Ready","Single"
"G4_92","CVLGVPFTGSGGKLTL_CASSQDIISNERLFF","TRAV6-2","TRBV5","CVLGVPFTGSGGKLTL","CASSQDIISNERLFF","TRAJ44","TRBJ1-4",3,"GNSVTQMQGQVTLSEEEFLFINCTYS","TTGYPT","LFWYVQYPGEGPQLLLK","VTTANNK","GSSRGFEATYDKGTTSFHLQKASVQESDSAVYY","GTGTRLQVNL","NTKITQSPRYLILGRANKSLECEQH","LGHNA","MYWYKQSAEKPPELMFL","YNLKQL","IRNETVPSRFIPECPDSSKLLLHISAVDPEDSAVYF","GHGTKLSVL","G4_92_ACTACGGGTGTGGCGT-1;G4_92_AGTCGGCGTCCTTAGC-1;G4_92_CCGCATTGTATGCAGT-1",3,"E_备选（极小扩增）","Ready","Single"
"G4_83","CAAANNNNAPRF_CASSDERGSYAEQFF","TRAV4-2","TRBV13-1","CAAANNNNAPRF","CASSDERGSYAEQFF","TRAJ43","TRBJ2-1",2,"GMPVEQNPPALSLYEGADSGLRCNFS","TTMKS","VQWFQQNHRGRLITLFY","LAQGT","KENGRLKSTFNSKERYSTLHIKDAQLEDSGTYF","GAGTKLTVKP","EAAVTQSPRNKVTVTGGNVTLSCRQT","NSHNY","MYWYRQDTGHGLRLIHY","SYGAGN","LQIGDVPDGYKATRTTQEDFFLLLELASPSQTSLYF","GPGTRLTVL","G4_83_CATAGCCAGATGCCCG-1;G4_83_GTTGATCCAGGATAGC-1",2,"E_备选（极小扩增）","Ready","Single"
"G4_83","CAAARNMGYKLTF_CASSTRGDERLFF","TRAV4-3","TRBV17","CAAARNMGYKLTF","CASSTRGDERLFF","TRAJ9","TRBJ1-4",2,"GDQVKQSPSALSLQEGTNSALRCNFS","IATTT","VQWFLQNPRGSLMNLFY","LVPGT","KENGRLKSTFNSKESYSTLHIRDAQLEDSGTYF","GTGTSLLVDP","DTTVKQNPRYKLARVGKPVNLICSQT","MNHDT","MYWYQKKPNQAPKLLLF","YYDKIL","NREADTFEKFQSSRPNNSFCSLYIGSAGLEYSAMYL","GHGTKLSVL","G4_83_AGCGTCAGTCAAACGT-1;G4_83_CTACAGCAGGGGCTTT-1",2,"E_备选（极小扩增）","Ready","Single"
"G4_83","CAAEAATGGADRLTF_CASSDAQVERLFF","TRAV4-3","TRBV13-1","CAAEAATGGADRLTF","CASSDAQVERLFF","TRAJ45","TRBJ1-4",2,"GDQVKQSPSALSLQEGTNSALRCNFS","IATTT","VQWFLQNPRGSLMNLFY","LVPGT","KENGRLKSTFNSKESYSTLHIRDAQLEDSGTYF","GKGTQLIIQP","EAAVTQSPRNKVTVTGGNVTLSCRQT","NSHNY","MYWYRQDTGHGLRLIHY","SYGAGN","LQIGDVPDGYKATRTTQEDFFLLLELASPSQTSLYF","GHGTKLSVL","G4_83_AACGGGTCAACTCGCA-1;G4_83_GGAATGGTCCGGAAAG-1",2,"E_备选（极小扩增）","Ready","Single"
"G4_83","CAAEVTNAYKVIF_CASSDAGQNTLYF","TRAV4-2","TRBV13-1","CAAEVTNAYKVIF","CASSDAGQNTLYF","TRAJ30","TRBJ2-4",2,"GMPVEQNPPALSLYEGADSGLRCNFS","TTMKS","VQWFQQNHRGRLITLFY","LAQGT","KENGRLKSTFNSKERYSTLHIKDAQLEDSGTYF","GKGTHLHVLP","EAAVTQSPRNKVTVTGGNVTLSCRQT","NSHNY","MYWYRQDTGHGLRLIHY","SYGAGN","LQIGDVPDGYKATRTTQEDFFLLLELASPSQTSLYF","GAGTRLSVL","G4_83_AGGCCCGGTAACGAGA-1;G4_83_GGTTAGGAGCGGGGAT-1",2,"E_备选（极小扩增）","Ready","Single"
"G4_83","CAAGGNEKITF_CASTRGNYAEQFF","TRAV4-4-DV10","TRBV13-3","CAAGGNEKITF","CASTRGNYAEQFF","TRAJ48","TRBJ2-1",2,"GDQVEQSPSALSLHEGTDSALRCNFT","TTMRS","VQWFRQNSRGSLISLFY","LASGT","KENGRLKSAFDSKERRYSTLHIRDAQLEDSGTYF","GAGTKLTIKP","EAAVTQSPRSKVAVTGGKVTLSCHQT","NNHDY","MYWYRQDTGHGLRLIHY","SYVADS","TEKGDIPDGYKASRPSQENFSLILELASLSQTAVYF","GPGTRLTVL","G4_83_AGTCAGCTCAACGTTG-1;G4_83_GCATACCAGAAGGTTA-1",2,"E_备选（极小扩增）","Ready","Single"
"G4_83","CAAGSNNNNAPRF_CASSLETGAYEQYF","TRAV4-3","TRBV16","CAAGSNNNNAPRF","CASSLETGAYEQYF","TRAJ43","TRBJ2-7",2,"GDQVKQSPSALSLQEGTNSALRCNFS","IATTT","VQWFLQNPRGSLMNLFY","LVPGT","KENGRLKSTFNSKESYSTLHIRDAQLEDSGTYF","GAGTKLTVKP","NAGVIQTPRHKVTGKGQEATLWCEPI","SGHSA","VFWYRQTIVQGLEFLTY","FRNQAP","IDDSGMPKERFSAQMPNQSHSTLKIQSTQPQDSAVYL","GPGTRLTVL","G4_83_ACCTCTCCACCTAGAT-1;G4_83_GCGAATGAGCACGCCA-1",2,"E_备选（极小扩增）","Ready","Single"
"G4_83","CAAPNSGGSNYKLTF_CASSLGDYEQYF","TRAV4-2","TRBV19","CAAPNSGGSNYKLTF","CASSLGDYEQYF","TRAJ53","TRBJ2-7",2,"GMPVEQNPPALSLYEGADSGLRCNFS","TTMKS","VQWFQQNHRGRLITLFY","LAQGT","KENGRLKSTFNSKERYSTLHIKDAQLEDSGTYF","GKGTLLTVTP","GGIITQTPKFLIGQEGQKLTLKCQQN","FNHDT","MYWYRQDSGKGLRLIYY","SITEND","LQKGDLSEGYDASREKKSSFSLTVTSAQKNEMAVFL","GPGTRLTVL","G4_83_CCTAGCACACGACCTA-1;G4_83_GCAGGCACAAACTCCG-1",2,"E_备选（极小扩增）","Ready","Single"
"G4_83","CAARDNNNRIFF_CASSIGDQDTQYF","TRAV9-4","TRBV19","CAARDNNNRIFF","CASSIGDQDTQYF","TRAJ31","TRBJ2-5",2,"AQSVTQPDARVTVSEGASLQLRCKYS","YSGTPY","LFWYVQYPRQGLQLLLK","YYSGDPVV","QGVNGFEAEFSKSDSSFHLRKASVHWSDSAVYF","GDGTQLVVKP","GGIITQTPKFLIGQEGQKLTLKCQQN","FNHDT","MYWYRQDSGKGLRLIYY","SITEND","LQKGDLSEGYDASREKKSSFSLTVTSAQKNEMAVFL","GPGTRLLVL","G4_83_ATTCGCTTCCCAAATG-1;G4_83_CACCCTATCCGGTCAG-1",2,"E_备选（极小扩增）","Ready","Single"
"G4_83","CAASDSTGNYKYVF_CASSQDSWSAETLYF","TRAV7-4","TRBV2","CAASDSTGNYKYVF","CASSQDSWSAETLYF","TRAJ40","TRBJ2-3",2,"QQKVQQSPESLSVPEGGMASFNCTSS","DRNFQY","FWWYRQHSGEGPKALMS","IFSDGD","KKEGRFTAHLNKASLHVSLHIRDSQPSDSALYF","GAGTRLKVIA","DPKIIQKPKYLVAVTGSEKILICEQY","LGHNA","MYWYRQSAKKPLEFMFS","YSYQKL","MDNQTASSRFQPQSSKKNHLDLQITALKPDDSATYF","GSGTRLTVL","G4_83_AACCAGGAGGTAGGGC-1;G4_83_GTGCGAGCAATGTGAG-1",2,"E_备选（极小扩增）","Ready","Single"
"G4_83","CAASKGGNNKLTF_CTCSATGAGQNTLYF","TRAV9-1","TRBV1","CAASKGGNNKLTF","CTCSATGAGQNTLYF","TRAJ56","TRBJ2-4",2,"TQTVSQSDAHVTVFEGDSVELRCNYS","YGGSIY","LSWYIQHHGRGLQFLLK","YYSGNPVV","QGVNGFEAEFSKSDSSFHLRKASVHWSDSAVYF","GQGTVLSVIP","VTLLEQNPRWRLVPRGQAVNLRCILK","NSQYPW","MSWYQQDLQKQLQWLFT","LRSPGD","KEVKSLPGADYLATRVTDTELRLQVANMSQGRTLY","GAGTRLSVL","G4_83_CCTAGACAGACGACGA-1;G4_83_GCACCCAAGCTATGGC-1",2,"E_备选（极小扩增）","Ready","Single"
"G4_83","CAASKGYQNFYF_CASGEPLQVPLF","TRAV10D","TRBV12-2+TRBV13-2","CAASKGYQNFYF","CASGEPLQVPLF","TRAJ49","TRBJ1-5",2,"GEKVEQHESTLSVREGDSAVINCTYT","DTASSY","FPWYKQEAGKGLHFVID","IRSNVDR","KQSQRLIVLLDKKAKRFSLHITATQPEDSAIYF","GKGTSLTVIP","EAAVTQSPRNKVAVTGGKVTLSCNQT","NNHNN","MYWYRQDTGHGLRLIHY","SYGAGS","TEKGDIPDGYKASRPSQENFSLILELATPSQTSVYF","GEGTRLSVL","G4_83_ACTGATTAGACGAGGC-1;G4_83_CTTATAGCAAGCGTCC-1",2,"E_备选（极小扩增）","Ready","Multi_Allele"
"G4_83","CAASPWNMGYKLTF_CASSGQGTERLFF","TRAV5N-4","TRBV19","CAASPWNMGYKLTF","CASSGQGTERLFF","TRAJ9","TRBJ1-4",2,"GEQVEQLPSILRVQEGSSASINCTYE","NSASNY","FPWYKQEPGENPKLIID","IRSNMER","KQTQGLIVLLDKKAKRFSLHITDTQPGDSAMYF","GTGTSLLVDP","GGIITQTPKFLIGQEGQKLTLKCQQN","FNHDT","MYWYRQDSGKGLRLIYY","SITEND","LQKGDLSEGYDASREKKSSFSLTVTSAQKNEMAVFL","GHGTKLSVL","G4_83_AATCCCTTCCATCGTT-1;G4_83_CACGGCGGTAAGTTGC-1",2,"E_备选（极小扩增）","Ready","Single"
"G4_83","CAASSDSNYQLIW_CASSPEFSNERLFF","TRAV7D-2","TRBV5","CAASSDSNYQLIW","CASSPEFSNERLFF","TRAJ33","TRBJ1-4",2,"QQKVQQSPESLIVPEGGMASLNCTSS","DRNVDY","FWWYRQHSGKSPKMLMS","IFSNGE","KEEGRFTVHLNKASLHTSLHIRDSQPSDSALYL","GSGTKLIIKP","NTKITQSPRYLILGRANKSLECEQH","LGHNA","MYWYKQSAEKPPELMFL","YNLKQL","IRNETVPSRFIPECPDSSKLLLHISAVDPEDSAVYF","GHGTKLSVL","G4_83_ACCACTTTCCGCCTAC-1;G4_83_GCTAATCCACTAAACC-1",2,"E_备选（极小扩增）","Ready","Single"
"G4_83","CAASTGGYKVVF_CASSGKGANSDYTF","TRAV10N","TRBV19","CAASTGGYKVVF","CASSGKGANSDYTF","TRAJ12","TRBJ1-2",2,"GEKVEQHQSTLSVREGDSAVINCTYT","DTASSY","FPWYKQEAGKSLHFVID","IRSNVDR","KQSQRLTVLLDKKAKRFSLHITATQPEDSAIYF","GSGTRLLVSP","GGIITQTPKFLIGQEGQKLTLKCQQN","FNHDT","MYWYRQDSGKGLRLIYY","SITEND","LQKGDLSEGYDASREKKSSFSLTVTSAQKNEMAVFL","GSGTRLLVI","G4_83_CTGCAGTAGCTAGTAT-1;G4_83_GCATCACAGAACCCAC-1",2,"E_备选（极小扩增）","Ready","Single"
"G4_83","CAAYNTNTGKLTF_CASSRDRLSNERLFF","TRAV14N-2","TRBV3","CAAYNTNTGKLTF","CASSRDRLSNERLFF","TRAJ27","TRBJ1-4",2,"QQQVRQSPQSLTVWEGETTILNCSYE","DSTFDY","FPWYRQFPGKSPALLIA","ISLVSNK","KEDGRFTIFFNKREKKLSLHITDSQPGDSATYF","GDGTVLTVKP","GPKVLQIPSHQIIDMGQMVTLNCDPV","SNHLY","FYWYKQILGQQMEFLVN","FYNGKV","MEKSKLFKDQFSVERPDGSYFTLKIQPTALEDSAVYF","GHGTKLSVL","G4_83_AGCCCTCTCGTTAATA-1;G4_83_GTTAACCCACACTAAC-1",2,"E_备选（极小扩增）","Ready","Single"
"G4_83","CAIDRNNAGAKLTF_CASSQVIYEQYF","TRAV13N-2","TRBV5","CAIDRNNAGAKLTF","CASSQVIYEQYF","TRAJ39","TRBJ2-7",2,"GQQVQQSPSSLVLQEGENAELQCNFS","STATQ","LQWFYQSPGGSLVSLLS","NPSGT","KHTGRLTSTTVTKERRSSLHISSSQTTDSGTYL","GGGTRLTVRP","NTKITQSPRYLILGRANKSLECEQH","LGHNA","MYWYKQSAEKPPELMFL","YNLKQL","IRNETVPSRFIPECPDSSKLLLHISAVDPEDSAVYF","GPGTRLTVL","G4_83_AGCCCTCTCGTCATCT-1;G4_83_CCCTAGGAGGTATATC-1",2,"E_备选（极小扩增）","Ready","Single"
"G4_83","CALDVGDNSKLIW_CASSEGLGEQYF","TRAV6D-6","TRBV13-1","CALDVGDNSKLIW","CASSEGLGEQYF","TRAJ38","TRBJ2-7",2,"GDSVTQTEGQVTVSESKSLIINCTYS","TTSIAYPN","LFWYVRYPGEGLQLLLK","VITAGQK","GSSRGFEATYNKETTSFHLQKASVQESDSAVYY","GLGTSLVVNP","EAAVTQSPRNKVTVTGGNVTLSCRQT","NSHNY","MYWYRQDTGHGLRLIHY","SYGAGN","LQIGDVPDGYKATRTTQEDFFLLLELASPSQTSLYF","GPGTRLTVL","G4_83_ACTCTCCCAGTCTTCC-1;G4_83_CCAAACCAGGTTATGT-1",2,"E_备选（极小扩增）","Ready","Single"
"G4_83","CALIDNTGANTGKLTF_CASGASGTGVYNSPLYF","TRAV12-3","TRBV12-2+TRBV13-2","CALIDNTGANTGKLTF","CASGASGTGVYNSPLYF","TRAJ52","TRBJ1-6",2,"GDSVTQTEGLVTLTEGLPVMLNCTYQ","TIYSNAF","LFWYVHYLNESPWLLLR","SSTDNKR","TEHQGFHATLHKSSSSFHLQKSSAQLSDSALYY","GHGTILRVHP","EAAVTQSPRNKVAVTGGKVTLSCNQT","NNHNN","MYWYRQDTGHGLRLIHY","SYGAGS","TEKGDIPDGYKASRPSQENFSLILELATPSQTSVYF","AAGTRLTVT","G4_83_CGCTCGCGTAGCGTTG-1;G4_83_GTCGGAGCACCTTTCA-1",2,"E_备选（极小扩增）","Ready","Multi_Allele"
"G4_83","CALIGANTGKLTF_CASSQDGWGENTLYF","TRAV12-1","TRBV2","CALIGANTGKLTF","CASSQDGWGENTLYF","TRAJ52","TRBJ2-4",2,"GDSVTQTEGLVTVTEGLPVKLNCTYQ","TTYLTIA","FFWYVQYLNEAPQVLLR","SSTDNKR","TEHQGFHATLHKSSSSFHLQKSSAQLSDSALYY","GHGTILRVHP","DPKIIQKPKYLVAVTGSEKILICEQY","LGHNA","MYWYRQSAKKPLEFMFS","YSYQKL","MDNQTASSRFQPQSSKKNHLDLQITALKPDDSATYF","GAGTRLSVL","G4_83_ATTCGATAGCAAGACG-1;G4_83_GCCATAGGTGTCCATC-1",2,"E_备选（极小扩增）","Ready","Single"
"G4_83","CALNTGGADRLTF_CGAVNANTEVFF","TRAV7-3","TRBV20","CALNTGGADRLTF","CGAVNANTEVFF","TRAJ45","TRBJ1-1",2,"QQNVQQSPESLIVPEGARTSLNCTFS","DSASQY","FWWYRQHSGKAPKALMS","IFSNGE","KEEGRFTIHLNKASLHFSLHIRDSQPSDSALYL","GKGTQLIIQP","GALVYQYPRRTICKSGTSMRMECQAV","GFQATS","VAWYRQSPQKTFELIAL","STVNSAI","KYEQNFTQEKFPISHPNLSFSSMTVLNAYLEDRGLYL","GKGTRLTVV","G4_83_GCTTGCGAGACACGGA-1;G4_83_GGTCTAGGTCTCGCAT-1",2,"E_备选（极小扩增）","Ready","Single"
"G4_83","CALRGSNYQLIW_CASSLGGDTEVFF","TRAV12N-2","TRBV29","CALRGSNYQLIW","CASSLGGDTEVFF","TRAJ33","TRBJ1-1",2,"GDSVTQTEGLVTLTEGLPVMLNCTYQ","TAYSTF","LFWYVQHLNEAPKLLLK","SSTDNKR","TEHQGFHATLHKSSSSFHLQKSSAQLSDSALYY","GSGTKLIIKP","DMKVTQMPRYLIKRMGENVLLECGQD","MSHET","MYWYRQDPGLGLQLIYI","SYDVDS","NSEGDIPKGYRVSRKKREHFSLILDSAKTNQTSVYF","GKGTRLTVV","G4_83_CTCGAACAGAAGCTTT-1;G4_83_GCTAATCCAGGCTCTA-1",2,"E_备选（极小扩增）","Ready","Single"
"G4_83","CAMEHQGGSAKLIF_CTCSAGTGGQAPLF","TRAV13-1","TRBV1","CAMEHQGGSAKLIF","CTCSAGTGGQAPLF","TRAJ57","TRBJ1-5",2,"GQQVQQSPASLVLQEGENAELQCNFS","TSLNS","MQWFYQRPEGSLVSLFY","NPSGT","KQSGRLTSTTVIKERRSSLHISSSQITDSGTYL","GEGTKLTVSS","VTLLEQNPRWRLVPRGQAVNLRCILK","NSQYPW","MSWYQQDLQKQLQWLFT","LRSPGD","KEVKSLPGADYLATRVTDTELRLQVANMSQGRTLY","GEGTRLSVL","G4_83_CGAGTGTTCAAAGCAA-1;G4_83_CGATGATGTATGTCGG-1",2,"E_备选（极小扩增）","Ready","Single"
"G4_83","CAMGSNTGYQNFYF_CGARRGRVSDYTF","TRAV13-1","TRBV20","CAMGSNTGYQNFYF","CGARRGRVSDYTF","TRAJ49","TRBJ1-2",2,"GQQVQQSPASLVLQEGENAELQCNFS","TSLNS","MQWFYQRPEGSLVSLFY","NPSGT","KQSGRLTSTTVIKERRSSLHISSSQITDSGTYL","GKGTSLTVIP","GALVYQYPRRTICKSGTSMRMECQAV","GFQATS","VAWYRQSPQKTFELIAL","STVNSAI","KYEQNFTQEKFPISHPNLSFSSMTVLNAYLEDRGLYL","GSGTRLLVI","G4_83_CAATTCACAATGCGAA-1;G4_83_CGAACGAAGGCGTGTT-1",2,"E_备选（极小扩增）","Ready","Single"
"G4_83","CAMRATSGGNYKPTF_CASSPQGIGAETLYF","TRAV16N","TRBV5","CAMRATSGGNYKPTF","CASSPQGIGAETLYF","TRAJ6","TRBJ2-3",2,"AQKVTQTQTSISVMEKTTVTMDCVYE","TQDSSYF","LFWYKQTASGEIVFLIR","QDSYKKEN","ATVGHYSLNFQKPKSSIGLIITATQIEDSAVYF","GKGTSLVVHP","NTKITQSPRYLILGRANKSLECEQH","LGHNA","MYWYKQSAEKPPELMFL","YNLKQL","IRNETVPSRFIPECPDSSKLLLHISAVDPEDSAVYF","GSGTRLTVL","G4_83_ATCTTGGAGCAAGAGT-1;G4_83_CCGTCTATCCTGCGTC-1",2,"E_备选（极小扩增）","Ready","Single"
"G4_83","CAMRETGNTRKLIF_CASSETGISGNTLYF","TRAV16N","TRBV13-1","CAMRETGNTRKLIF","CASSETGISGNTLYF","TRAJ37","TRBJ1-3",2,"AQKVTQTQTSISVMEKTTVTMDCVYE","TQDSSYF","LFWYKQTASGEIVFLIR","QDSYKKEN","ATVGHYSLNFQKPKSSIGLIITATQIEDSAVYF","GLGTTLQVQP","EAAVTQSPRNKVTVTGGNVTLSCRQT","NSHNY","MYWYRQDTGHGLRLIHY","SYGAGN","LQIGDVPDGYKATRTTQEDFFLLLELASPSQTSLYF","GEGSRLIVV","G4_83_AGTGGCTTCGCTTCCA-1;G4_83_ATCACTACACGTAATC-1",2,"E_备选（极小扩增）","Ready","Single"
"G4_83","CAMSLSYGGSGNKLIF_CASSLGLGVPETLYF","TRAV7N-5","TRBV10","CAMSLSYGGSGNKLIF","CASSLGLGVPETLYF","TRAJ32","TRBJ2-3",2,"QQKVQQSPESLTVSEGAMASLNCTFS","DGTSDN","FRWYRQHSGKGLEVLVS","IFSDGE","KEEGRFTAHLNRASLHVSLHIREPQPSDSAVYL","GTGTLLSVKP","ETAVFQTPNYHVTQVGNEVSFNCKQT","LGHDT","MYWYKQDSKKLLKIMFS","YNNKQL","IVNETVPRRFSPQSSDKAHLNLRIKSVEPEDSAVYL","GSGTRLTVL","G4_83_ACGTGCAGTATTACCT-1;G4_83_ATTCAGAGTATCTGCC-1",2,"E_备选（极小扩增）","Ready","Single"
"G4_83","CATGGNNKLTF_CGARGVNYAEQFF","TRAV8D-1","TRBV20","CATGGNNKLTF","CGARGVNYAEQFF","TRAJ56","TRBJ2-1",2,"SQLAEENPWALSVHEGESVTVNCSYK","TSITA","LQWYRQKSGEGPAQLIL","IRSNERE","KRNGRLRATLDTSSQSSSLSITATRCEDTAVYF","GQGTVLSVIP","GALVYQYPRRTICKSGTSMRMECQAV","GFQATS","VAWYRQSPQKTFELIAL","STVNSAI","KYEQNFTQEKFPISHPNLSFSSMTVLNAYLEDRGLYL","GPGTRLTVL","G4_83_AGCACTATCCTACAAG-1;G4_83_CAATCGGGTGCTACAG-1",2,"E_备选（极小扩增）","Ready","Single"
"G4_83","CAVRSMATGGNNKLTF_CASSDTGVYEQYF","TRAV9N-2","TRBV13-1","CAVRSMATGGNNKLTF","CASSDTGVYEQYF","TRAJ56","TRBJ2-7",2,"AQSVTQPDARVTVSEGASLQLRCKYS","SSVTPY","LFWYVQYPRQGLQLLLK","YYSGDPVV","QGVNGFEAEFSKSNSSFHLRKASVHWSDSAVYF","GQGTVLSVIP","EAAVTQSPRNKVTVTGGNVTLSCRQT","NSHNY","MYWYRQDTGHGLRLIHY","SYGAGN","LQIGDVPDGYKATRTTQEDFFLLLELASPSQTSLYF","GPGTRLTVL","G4_83_ACGGTGTTCCATCACT-1;G4_83_CAATACCCACTCGTTC-1",2,"E_备选（极小扩增）","Ready","Single"
"G4_83","CAVSAGTGSNRLTF_CASRTGQGSNERLFF","TRAV9N-4","TRBV14","CAVSAGTGSNRLTF","CASRTGQGSNERLFF","TRAJ28","TRBJ1-4",2,"AQSVTQPDARVTVSEGASLQLRCKYS","YSATPY","LFWYVQYPRQGLQMLLK","YYSGDPVV","QGVNGFEAEFSKSDSSFHLRKASVHWSDSAVYF","GKGTKFSLIP","EAGVTQSPRYAVLQEGQAVSFWCDPI","SGHDT","LYWYQQPRDQGPQLLVY","FRDEAV","IDNSQLPSDRFSAVRPKGTNSTLKIQSAKQGDTATYL","GHGTKLSVL","G4_83_ACGTCCCTCAGGCTCG-1;G4_83_AGTCTCCGTGTCTCCG-1",2,"E_备选（极小扩增）","Ready","Single"
"G4_83","CAVSMRGSGGKLTL_CASSHGSNNQAPLF","TRAV7D-3","TRBV2","CAVSMRGSGGKLTL","CASSHGSNNQAPLF","TRAJ44","TRBJ1-5",2,"QQKVQQSPESLIVPEGAMTSLNCTFS","DSASQY","FAWYRQHSGKAPKALMS","IFSNGE","KEEGRFTIHLNKASLHFSLHIRDSQPSDSALYL","GTGTRLQVNL","DPKIIQKPKYLVAVTGSEKILICEQY","LGHNA","MYWYRQSAKKPLEFMFS","YSYQKL","MDNQTASSRFQPQSSKKNHLDLQITALKPDDSATYF","GEGTRLSVL","G4_83_GTATTGGTCCAAGACC-1;G4_83_GTGGACGCACATATGC-1",2,"E_备选（极小扩增）","Ready","Single"
"G4_83","CMGEQGGSAKLIF_CTCSADRGPGQLYF","TRAV21-DV12","TRBV1","CMGEQGGSAKLIF","CTCSADRGPGQLYF","TRAJ57","TRBJ2-2",2,"DAKTTQPDSMESTEGETVHLPCSHA","TISGNEY","IYWYRQVPLQGPEYVTH","GLQQN","TTNSMAFLAIASDRKSSTLILTHVSLRDAAVYH","GEGTKLTVSS","VTLLEQNPRWRLVPRGQAVNLRCILK","NSQYPW","MSWYQQDLQKQLQWLFT","LRSPGD","KEVKSLPGADYLATRVTDTELRLQVANMSQGRTLY","GEGSKLTVL","G4_83_ACTATGAGTATGAGCT-1;G4_83_CGATTCAAGAACGATA-1",2,"E_备选（极小扩增）","Ready","Single"
"G4_90","CAAEFNTGANTGKLTF_CASSITTTSAETLYF","TRAV4N-4","TRBV19","CAAEFNTGANTGKLTF","CASSITTTSAETLYF","TRAJ52","TRBJ2-3",2,"GDQVEQSPSALSLHEGTSSALRCNFT","TTTRS","VQWFRQNSRGSLINLFY","LASGT","KENGRLKSAFDSKELYSTLHIRDAQLEDSGTYF","GHGTILRVHP","GGIITQTPKFLIGQEGQKLTLKCQQN","FNHDT","MYWYRQDSGKGLRLIYY","SITEND","LQKGDLSEGYDASREKKSSFSLTVTSAQKNEMAVFL","GSGTRLTVL","G4_90_CAAAGGTAGACCCGCA-1;G4_90_GTCCAACAGCGGTCCA-1",2,"E_备选（极小扩增）","Ready","Single"
"G4_90","CAAEGGGSNYKLTF_CASSLDNSQNTLYF","TRAV4-4-DV10","TRBV5","CAAEGGGSNYKLTF","CASSLDNSQNTLYF","TRAJ53","TRBJ2-4",2,"GDQVEQSPSALSLHEGTDSALRCNFT","TTMRS","VQWFRQNSRGSLISLFY","LASGT","KENGRLKSAFDSKERRYSTLHIRDAQLEDSGTYF","GKGTLLTVTP","NTKITQSPRYLILGRANKSLECEQH","LGHNA","MYWYKQSAEKPPELMFL","YNLKQL","IRNETVPSRFIPECPDSSKLLLHISAVDPEDSAVYF","GAGTRLSVL","G4_90_CACACCCTCACGTCCC-1;G4_90_GGAATGAGTCTACGCT-1",2,"E_备选（极小扩增）","Ready","Single"
"G4_90","CAASEGGSGGKLTL_CASSHHRVAETLYF","TRAV14N-1","TRBV5","CAASEGGSGGKLTL","CASSHHRVAETLYF","TRAJ44","TRBJ2-3",2,"QQQVRQSPQSLTVWEGETAILNCSYE","DSTFNY","FPWYQQFPGEGPALLIS","ISSVSDK","KEDGRFTIFFNKREKKLSLHITDSQPGDSATYF","GTGTRLQVNL","NTKITQSPRYLILGRANKSLECEQH","LGHNA","MYWYKQSAEKPPELMFL","YNLKQL","IRNETVPSRFIPECPDSSKLLLHISAVDPEDSAVYF","GSGTRLTVL","G4_90_AACGACGAGGGCTCAT-1;G4_90_GGCACTCCACCCAAGC-1",2,"E_备选（极小扩增）","Ready","Single"
"G4_90","CAASEQTGNTRKLIF_CASRDSNQDTQYF","TRAV7D-4","TRBV13-1","CAASEQTGNTRKLIF","CASRDSNQDTQYF","TRAJ37","TRBJ2-5",2,"QQKVQQSPESLSVPEGGMASLNCTSS","DRNFQY","FWWYRQHSGEGPKALMS","IFSDGD","KKEGRFTAHLNKASLHVSLHIRDSQPSDSALYF","GLGTTLQVQP","EAAVTQSPRNKVTVTGGNVTLSCRQT","NSHNY","MYWYRQDTGHGLRLIHY","SYGAGN","LQIGDVPDGYKATRTTQEDFFLLLELASPSQTSLYF","GPGTRLLVL","G4_90_CCCATTGTCCCCTTAG-1;G4_90_GCAGCCTCAACAGCGG-1",2,"E_备选（极小扩增）","Ready","Single"
"G4_90","CAASIGAGAKLTF_CASKLENTLYF","TRAV9-1","TRBV13-3","CAASIGAGAKLTF","CASKLENTLYF","TRAJ39","TRBJ2-4",2,"TQTVSQSDAHVTVFEGDSVELRCNYS","YGGSIY","LSWYIQHHGRGLQFLLK","YYSGNPVV","QGVNGFEAEFSKSDSSFHLRKASVHWSDSAVYF","GGGTRLTVRP","EAAVTQSPRSKVAVTGGKVTLSCHQT","NNHDY","MYWYRQDTGHGLRLIHY","SYVADS","TEKGDIPDGYKASRPSQENFSLILELASLSQTAVYF","GAGTRLSVL","G4_90_ACTGCGCCAACAATCC-1;G4_90_GTCTGCACACCAAGGG-1",2,"E_备选（极小扩增）","Ready","Single"
"G4_90","CAASRENNAGAKLTF_CAWSLAGASAETLYF","TRAV14N-1","TRBV31","CAASRENNAGAKLTF","CAWSLAGASAETLYF","TRAJ39","TRBJ2-3",2,"QQQVRQSPQSLTVWEGETAILNCSYE","DSTFNY","FPWYQQFPGEGPALLIS","ISSVSDK","KEDGRFTIFFNKREKKLSLHITDSQPGDSATYF","GGGTRLTVRP","AQTIHQWPVAEIKAVGSPLSLGCTIK","GKSSPN","LYWYWQATGGTLQQLFY","SITVG","QVESVVQLNLSASRPKDDQFILSTEKLLLSHSGFYL","GSGTRLTVL","G4_90_AGTGGCAAGCCCTTTG-1;G4_90_CGTAGCTAGCAGTCTA-1",2,"E_备选（极小扩增）","Ready","Single"
"G4_90","CAATPSGSWQLIF_CTCSAGTGAYSGNTLYF","TRAV14N-3","TRBV1","CAATPSGSWQLIF","CTCSAGTGAYSGNTLYF","TRAJ22","TRBJ1-3",2,"QQQVRQSPQSLTVWEGETAILNCSYE","NSAFDY","FPWYQQFPGEGPALLIA","IRSVSDK","KEDGGFTIFFNKREKNLSLHIKDSQPGDSATYF","GSGTQLTVMP","VTLLEQNPRWRLVPRGQAVNLRCILK","NSQYPW","MSWYQQDLQKQLQWLFT","LRSPGD","KEVKSLPGADYLATRVTDTELRLQVANMSQGRTLY","GEGSRLIVV","G4_90_AATGGTTTCCTGTCGC-1;G4_90_GTGTCGGTCGCGACAT-1",2,"E_备选（极小扩增）","Ready","Single"
"G4_90","CAISAGAKLTF_CASSQEGLSFYEQYF","TRAV8D-1","TRBV5","CAISAGAKLTF","CASSQEGLSFYEQYF","TRAJ39","TRBJ2-7",2,"SQLAEENPWALSVHEGESVTVNCSYK","TSITA","LQWYRQKSGEGPAQLIL","IRSNERE","KRNGRLRATLDTSSQSSSLSITATRCEDTAVYF","GGGTRLTVRP","NTKITQSPRYLILGRANKSLECEQH","LGHNA","MYWYKQSAEKPPELMFL","YNLKQL","IRNETVPSRFIPECPDSSKLLLHISAVDPEDSAVYF","GPGTRLTVL","G4_90_ATGGTTGTCAGCAATT-1;G4_90_GTGACTATCGTCAACA-1",2,"E_备选（极小扩增）","Ready","Single"
"G4_90","CALGEGATGGNNKLTF_CASSQETGGFYAEQFF","TRAV6D-6","TRBV5","CALGEGATGGNNKLTF","CASSQETGGFYAEQFF","TRAJ56","TRBJ2-1",2,"GDSVTQTEGQVTVSESKSLIINCTYS","TTSIAYPN","LFWYVRYPGEGLQLLLK","VITAGQK","GSSRGFEATYNKETTSFHLQKASVQESDSAVYY","GQGTVLSVIP","NTKITQSPRYLILGRANKSLECEQH","LGHNA","MYWYKQSAEKPPELMFL","YNLKQL","IRNETVPSRFIPECPDSSKLLLHISAVDPEDSAVYF","GPGTRLTVL","G4_90_CAGCGCATCGGTTTAG-1;G4_90_CCAGATTCAAGGTTTC-1",2,"E_备选（极小扩增）","Ready","Single"
"G4_90","CALNNAGAKLTF_CASSQGGQGWTGGAPGYAEQFF","TRAV6N-7","TRBV2","CALNNAGAKLTF","CASSQGGQGWTGGAPGYAEQFF","TRAJ39","TRBJ2-1",2,"GDSVTQTEGQVALSEEDFLTIHCNYS","ASGYPA","LFWYVQYPGEGPQFLFR","ASRDKEK","GSSRGFEATYNKEATSFHLQKASVQESDSAVYY","GGGTRLTVRP","DPKIIQKPKYLVAVTGSEKILICEQY","LGHNA","MYWYRQSAKKPLEFMFS","YSYQKL","MDNQTASSRFQPQSSKKNHLDLQITALKPDDSATYF","GPGTRLTVL","G4_90_ATGACCTCAGCGGTCT-1;G4_90_GCGTATATCATTCGTC-1",2,"E_备选（极小扩增）","Ready","Single"
"G4_90","CALNYGNEKITF_CTCSAGYSDYTF","TRAV12N-2","TRBV1","CALNYGNEKITF","CTCSAGYSDYTF","TRAJ48","TRBJ1-2",2,"GDSVTQTEGLVTLTEGLPVMLNCTYQ","TAYSTF","LFWYVQHLNEAPKLLLK","SSTDNKR","TEHQGFHATLHKSSSSFHLQKSSAQLSDSALYY","GAGTKLTIKP","VTLLEQNPRWRLVPRGQAVNLRCILK","NSQYPW","MSWYQQDLQKQLQWLFT","LRSPGD","KEVKSLPGADYLATRVTDTELRLQVANMSQGRTLY","GSGTRLLVI","G4_90_CAGCGTTAGCAAGAGT-1;G4_90_GGTAAAGGTCTCCGGC-1",2,"E_备选（极小扩增）","Ready","Single"
"G4_90","CALSDFSAGNKLTF_CGARDGQSNERLFF","TRAV12N-2","TRBV20","CALSDFSAGNKLTF","CGARDGQSNERLFF","TRAJ17","TRBJ1-4",2,"GDSVTQTEGLVTLTKGLPVMLNCTYQ","TTYSPF","LFWYVQHLNEAPKLLLK","SSTDNKR","TEHQGFYATLHKSSSSFHLQKSSVQLSDSALYF","GIGTRVLVRP","GALVYQYPRRTICKSGTSMRMECQAV","GFQATS","VAWYRQSPQKTFELIAL","STVNSAI","KYEQNFTQEKFPISHPNLSFSSMTVLNAYLEDRGLYL","GHGTKLSVL","G4_90_AGCTGGCGTGGCGAGA-1;G4_90_GTGTTCGCACGAATCT-1",2,"E_备选（极小扩增）","Ready","Single"
"G4_90","CALSPYSNNRLTL_CASSLGTGAETLYF","TRAV6-5","TRBV14","CALSPYSNNRLTL","CASSLGTGAETLYF","TRAJ7","TRBJ2-3",2,"GDSVTQTEGPVTLSEGTSLTVNCSYE","TKQYPT","LFWYVQYPGEGPQLLFK","VPKANEK","GSSRGFEATYNKEATSFHLQKASVQESDSAVYY","GKGTQVVVLP","EAGVTQSPRYAVLQEGQAVSFWCDPI","SGHDT","LYWYQQPRDQGPQLLVY","FRDEAV","IDNSQLPSDRFSAVRPKGTNSTLKIQSAKQGDTATYL","GSGTRLTVL","G4_90_AATTGGGCACGCATAT-1;G4_90_CCATCTGTCAAATTGC-1",2,"E_备选（极小扩增）","Ready","Single"
"G4_90","CALYGGSGNKLIF_CASSDGGPNERLFF","TRAV7-4","TRBV13-1","CALYGGSGNKLIF","CASSDGGPNERLFF","TRAJ32","TRBJ1-4",2,"QQKVQQSPESLSVPEGGMASFNCTSS","DRNFQY","FWWYRQHSGEGPKALMS","IFSDGD","KKEGRFTAHLNKASLHVSLHIRDSQPSDSALYF","GTGTLLSVKP","EAAVTQSPRNKVTVTGGNVTLSCRQT","NSHNY","MYWYRQDTGHGLRLIHY","SYGAGN","LQIGDVPDGYKATRTTQEDFFLLLELASPSQTSLYF","GHGTKLSVL","G4_90_ACTGCAGGTGGTTCAG-1;G4_90_GTGTCATCACTAAGTC-1",2,"E_备选（极小扩增）","Ready","Single"
"G4_90","CAMRGTGGADRLTF_CTCSAEGYEQYF","TRAV16N","TRBV1","CAMRGTGGADRLTF","CTCSAEGYEQYF","TRAJ45","TRBJ2-7",2,"AQKVTQTQTSISVMEKTTVTMDCVYE","TQDSSYF","LFWYKQTASGEIVFLIR","QDSYKKEN","ATVGHYSLNFQKPKSSIGLIITATQIEDSAVYF","GKGTQLIIQP","VTLLEQNPRWRLVPRGQAVNLRCILK","NSQYPW","MSWYQQDLQKQLQWLFT","LRSPGD","KEVKSLPGADYLATRVTDTELRLQVANMSQGRTLY","GPGTRLTVL","G4_90_CACGCTTGTACCCGTT-1;G4_90_GCACGTGTCCAAGCGT-1",2,"E_备选（极小扩增）","Ready","Single"
"G4_90","CARGKVVF_CASRGTGGAETLYF","TRAV13N-4","TRBV13-3","CARGKVVF","CASRGTGGAETLYF","TRAJ34","TRBJ2-3",2,"EQQVQQSPASLVLQEGENAELQCSFS","IFTNQ","VQWFYQRPGGRLVSLLY","NPSGT","KQSGRLTSTTVIKERRSSLHISSSQITDSGTYL","GTGTRLQVSP","EAAVTQSPRSKVAVTGGKVTLSCHQT","NNHDY","MYWYRQDTGHGLRLIHY","SYVADS","TEKGDIPDGYKASRPSQENFSLILELASLSQTAVYF","GSGTRLTVL","G4_90_AAACGCGAGAACAGGT-1;G4_90_ACAGACCTCATAGGGG-1",2,"E_备选（极小扩增）","Ready","Single"
"G4_90","CATDAGNNNRIFF_CASRPGTELYEQYF","TRAV8D-1","TRBV19","CATDAGNNNRIFF","CASRPGTELYEQYF","TRAJ31","TRBJ2-7",2,"SQLAEENLWALSVHEGESVTVNCSYK","TSITA","LQWYRQKSGEGPAQLIL","IRSNERE","KRNGRLRATLDTSSQSSSLSITATRCEDTAVYF","GDGTQLVVKP","GGIITQTPKFLIGQEGQKLTLKCQQN","FNHDT","MYWYRQDSGKGLRLIYY","SITEND","LQKGDLSEGYDASREKKSSFSLTVTSAQKNEMAVFL","GPGTRLTVL","G4_90_ACAGTCTCAAGTTGAG-1;G4_90_CGGGCTATCGCCTCTA-1",2,"E_备选（极小扩增）","Ready","Single"
"G4_90","CAVFSNTDKVVF_CASTRTGGFNQDTQYF","TRAV9N-4","TRBV29","CAVFSNTDKVVF","CASTRTGGFNQDTQYF","TRAJ34","TRBJ2-5",2,"AQSVTQPDARVTVSEGASLQLRCKYS","YSATPY","LFWYVQYPRQGLQMLLK","YYSGDPVV","QGVNGFEAEFSKSDSSFHLRKASVHWSDSAVYF","GTGTRLQVSP","DMKVTQMPRYLIKRMGENVLLECGQD","MSHET","MYWYRQDPGLGLQLIYI","SYDVDS","NSEGDIPKGYRVSRKKREHFSLILDSAKTNQTSVYF","GPGTRLLVL","G4_90_CATCGCTGTCTTGTCA-1;G4_90_GCTCCTATCGTCAAAT-1",2,"E_备选（极小扩增）","Ready","Single"
"G4_90","CAVSTSSGSWQLIF_CAWSQQGVSDAETLYF","TRAV7-3","TRBV31","CAVSTSSGSWQLIF","CAWSQQGVSDAETLYF","TRAJ22","TRBJ2-3",2,"QQNVQQSPESLIVPEGARTSLNCTFS","DSASQY","FWWYRQHSGKAPKALMS","IFSNGE","KEEGRFTIHLNKASLHFSLHIRDSQPSDSALYL","GSGTQLTVMP","AQTIHQWPVAEIKAVGSPLSLGCTIK","GKSSPN","LYWYWQATGGTLQQLFY","SITVG","QVESVVQLNLSASRPKDDQFILSTEKLLLSHSGFYL","GSGTRLTVL","G4_90_AGTTTCGAGGCTAACC-1;G4_90_ATGGTATTCGGACACT-1",2,"E_备选（极小扩增）","Ready","Single"
"G4_90","CAVWQLIF_CASGDPGTSLYEQYF","TRAV7D-3","TRBV12-2+TRBV13-2","CAVWQLIF","CASGDPGTSLYEQYF","TRAJ22","TRBJ2-7",2,"QQKVQQSPESLIVPEGAMTSLNCTFS","DSASQY","FAWYRQHSGKAPKALMS","IFSNGE","KEEGRFTIHLNKASLHFSLHIRDSQPSDSALYL","GSGTQLTVMP","EAAVTQSPRNKVAVTGGKVTLSCNQT","NNHNN","MYWYRQDTGHGLRLIHY","SYGAGS","TEKGDIPDGYKASRPSQENFSLILELATPSQTSVYF","GPGTRLTVL","G4_90_AATCCCGCAAGTCTTA-1;G4_90_AATGTTCAGGTCGACT-1",2,"E_备选（极小扩增）","Ready","Multi_Allele"
"G4_90","CILRAHYSNNRLTL_CASSSRERDTQYF","TRAV21-DV12","TRBV17","CILRAHYSNNRLTL","CASSSRERDTQYF","TRAJ7","TRBJ2-5",2,"DAKTTQPDSMESTEGETVHLPCSHA","TISGNEY","IYWYRQVPLQGPEYVTH","GLQQN","TTNSMAFLAIASDRKSSTLILTHVSLRDAAVYH","GKGTQVVVLP","DTTVKQNPRYKLARVGKPVNLICSQT","MNHDT","MYWYQKKPNQAPKLLLF","YYDKIL","NREADTFEKFQSSRPNNSFCSLYIGSAGLEYSAMYL","GPGTRLLVL","G4_90_AGACTCATCACTTCGT-1;G4_90_CAGGCTTAGAACGAAC-1",2,"E_备选（极小扩增）","Ready","Single"
"G4_90","CILRDSNYQLIW_CASSQGGSYEQYF","TRAV21-DV12","TRBV5","CILRDSNYQLIW","CASSQGGSYEQYF","TRAJ33","TRBJ2-7",2,"DAKTTQPDSMESTEGETVHLPCSHA","TISGNEY","IYWYRQVPLQGPEYVTH","GLQQN","TTNSMAFLAIASDRKSSTLILTHVSLRDAAVYH","GSGTKLIIKP","NTKITQSPRYLILGRANKSLECEQH","LGHNA","MYWYKQSAEKPPELMFL","YNLKQL","IRNETVPSRFIPECPDSSKLLLHISAVDPEDSAVYF","GPGTRLTVL","G4_90_CATCACGCAGGTAGCG-1;G4_90_CTGGTCGAGAAAGGTC-1",2,"E_备选（极小扩增）","Ready","Single"
"G4_90","CVVGDRGSALGRLHF_CASSDQNSDYTF","TRAV11","TRBV13-1","CVVGDRGSALGRLHF","CASSDQNSDYTF","TRAJ18","TRBJ1-2",2,"KTQVEQSPQSLVVRQGENCVLQCNYS","VTPDNH","LRWFKQDTGKGLVSLTV","LVHENDK","TSNGRYSATLDKDAKHSTLHITATLLDDTATYI","GAGTQLIVIP","EAAVTQSPRNKVTVTGGNVTLSCRQT","NSHNY","MYWYRQDTGHGLRLIHY","SYGAGN","LQIGDVPDGYKATRTTQEDFFLLLELASPSQTSLYF","GSGTRLLVI","G4_90_AAGGGACGTAGCGTTG-1;G4_90_AGTTGTGTCACTATCC-1",2,"E_备选（极小扩增）","Ready","Single"
"G4_90","CVVGDRGSALGRLHF_CTCSADRAASYEQYF","TRAV11","TRBV1","CVVGDRGSALGRLHF","CTCSADRAASYEQYF","TRAJ18","TRBJ2-7",2,"KTQVEQSPQSLVVRQGENCVLQCNYS","VTPDNH","LRWFKQDTGKGLVSLTV","LVHENDK","TSNGRYSATLDKDAKHSTLHITATLLDDTATYI","GAGTQLIVIP","VTLLEQNPRWRLVPRGQAVNLRCILK","NSQYPW","MSWYQQDLQKQLQWLFT","LRSPGD","KEVKSLPGADYLATRVTDTELRLQVANMSQGRTLY","GPGTRLTVL","G4_90_GCCAAGGCACAAGCCC-1;G4_90_GGCGATTTCACAACTG-1",2,"E_备选（极小扩增）","Ready","Single"
"G4_92","CAADNTNTGKLTF_CASSQDTWGQNTLYF","TRAV7-4","TRBV5","CAADNTNTGKLTF","CASSQDTWGQNTLYF","TRAJ27","TRBJ2-4",2,"QQKVQQSPESLSVPEGGMASFNCTSS","DRNFQY","FWWYRQHSGEGPKALMS","IFSDGD","KKEGRFTAHLNKASLHVSLHIRDSQPSDSALYF","GDGTVLTVKP","NTKITQSPRYLILGRANKSLECEQH","LGHNA","MYWYKQSAEKPPELMFL","YNLKQL","IRNETVPSRFIPECPDSSKLLLHISAVDPEDSAVYF","GAGTRLSVL","G4_92_AGGGTCGCAATAAGAC-1;G4_92_AGTCTGGGTACATTCT-1",2,"E_备选（极小扩增）","Ready","Single"
"G4_92","CAADPNYNVLYF_CASSIELGVYEQYF","TRAV4N-4","TRBV19","CAADPNYNVLYF","CASSIELGVYEQYF","TRAJ21","TRBJ2-7",2,"GDQVEQSPSALSLHEGTSSALRCNFT","TTTRS","VQWFRQNSRGSLINLFY","LASGT","KENGRLKSAFDSKELYSTLHIRDAQLEDSGTYF","GSGTKLTVEP","GGIITQTPKFLIGQEGQKLTLKCQQN","FNHDT","MYWYRQDSGKGLRLIYY","SITEND","LQKGDLSEGYDASREKKSSFSLTVTSAQKNEMAVFL","GPGTRLTVL","G4_92_AGTATCCCAAAATCTT-1;G4_92_GTTAATATCCCATCAT-1",2,"E_备选（极小扩增）","Ready","Single"
"G4_92","CAAETNYGNEKITF_CAWSRTANTGQLYF","TRAV4-3","TRBV31","CAAETNYGNEKITF","CAWSRTANTGQLYF","TRAJ48","TRBJ2-2",2,"GDQVKQSPSALSLQEGTNSALRCNFS","IATTT","VQWFLQNPRGSLMNLFY","LVPGT","KENGRLKSTFNSKESYSTLHIRDAQLEDSGTYF","GAGTKLTIKP","AQTIHQWPVAEIKAVGSPLSLGCTIK","GKSSPN","LYWYWQATGGTLQQLFY","SITVG","QVESVVQLNLSASRPKDDQFILSTEKLLLSHSGFYL","GEGSKLTVL","G4_92_ACACGGGCAGCGGGTA-1;G4_92_CATAATCAGCTGTAAT-1",2,"E_备选（极小扩增）","Ready","Single"
"G4_92","CAARLNTGNYKYVF_CASSTGDGAETLYF","TRAV7D-2","TRBV17","CAARLNTGNYKYVF","CASSTGDGAETLYF","TRAJ40","TRBJ2-3",2,"QQKVQQSPESLIVPEGGMASLNCTSS","DRNVDY","FWWYRQHSGKSPKMLMS","IFSNGE","KEEGRFTVHLNKASLHTSLHIRDSQPSDSALYL","GAGTRLKVIA","DTTVKQNPRYKLARVGKPVNLICSQT","MNHDT","MYWYQKKPNQAPKLLLF","YYDKIL","NREADTFEKFQSSRPNNSFCSLYIGSAGLEYSAMYL","GSGTRLTVL","G4_92_ACTTACGAGCAAGACG-1;G4_92_GCCTATAAGAAACGGT-1",2,"E_备选（极小扩增）","Ready","Single"
"G4_92","CAARSWNNNAGAKLTF_CASSLAVSNERLFF","TRAV7-4","TRBV29","CAARSWNNNAGAKLTF","CASSLAVSNERLFF","TRAJ39","TRBJ1-4",2,"QQKVQQSPESLSVPEGGMASFNCTSS","DRNFQY","FWWYRQHSGEGPKALMS","IFSDGD","KKEGRFTAHLNKASLHVSLHIRDSQPSDSALYF","GGGTRLTVRP","DMKVTQMPRYLIKRMGENVLLECGQD","MSHET","MYWYRQDPGLGLQLIYI","SYDVDS","NSEGDIPKGYRVSRKKREHFSLILDSAKTNQTSVYF","GHGTKLSVL","G4_92_CAGCCCCGTAGACTCG-1;G4_92_CCGTATAAGCGTTATG-1",2,"E_备选（极小扩增）","Ready","Single"
"G4_92","CAASEGNYAQGLTF_CASSVRDSQDTQYF","TRAV5N-4","TRBV19","CAASEGNYAQGLTF","CASSVRDSQDTQYF","TRAJ26","TRBJ2-5",2,"GEQVEQLPSILRVQEGSSASINCTYE","NSASNY","FPWYKQEPGENPKLIID","IRSNMER","KQTQGLIVLLDKKAKRFSLHITDTQPGDSAMYF","GLGTRVSVFP","GGIITQTPKFLIGQEGQKLTLKCQQN","FNHDT","MYWYRQDSGKGLRLIYY","SITEND","LQKGDLSEGYDASREKKSSFSLTVTSAQKNEMAVFL","GPGTRLLVL","G4_92_CAACATGTCGTGTAAT-1;G4_92_GTGCTCACACTGACAT-1",2,"E_备选（极小扩增）","Ready","Single"
"G4_92","CAASEGTGGLSGKLTF_CAWSPRGEQYF","TRAV7D-4","TRBV31","CAASEGTGGLSGKLTF","CAWSPRGEQYF","TRAJ2","TRBJ2-7",2,"QQKVQQSPESLSVPEGGMASLNCTSS","DRNFQY","FWWYRQHSGEGPKALMS","IFSDGD","KKEGRFTAHLNKASLHVSLHIRDSQPSDSALYF","GEGTQVTVIS","AQTIHQWPVAEIKAVGSPLSLGCTIK","GKSSPN","LYWYWQATGGTLQQLFY","SITVG","QVESVVQLNLSASRPKDDQFILSTEKLLLSHSGFYL","GPGTRLTVL","G4_92_ATGGCGCGTAGCTTCC-1;G4_92_CGAGTCTAGCGATTGC-1",2,"E_备选（极小扩增）","Ready","Single"
"G4_92","CAASEPGGADRLTF_CASSPRQGAYNSPLYF","TRAV14N-2","TRBV2","CAASEPGGADRLTF","CASSPRQGAYNSPLYF","TRAJ45","TRBJ1-6",2,"QQQVRQSPQSLTVWEGETAILNCSYE","DSTFDY","FPWYRLFPGESPALLIA","IRPVSNK","KEDGRFTIFFNKREKKLSLHITDSQPGDSATYF","GKGTQLIIQP","DPKIIQKPKYLVAVTGSEKILICEQY","LGHNA","MYWYRQSAKKPLEFMFS","YSYQKL","MDNQTASSRFQPQSSKKNHLDLQITALKPDDSATYF","AAGTRLTVT","G4_92_ACCTAACCACCCAGTA-1;G4_92_CTCTAGTTCGTCATCT-1",2,"E_备选（极小扩增）","Ready","Single"
"G4_92","CAASEQSGYQNFYF_CASSPPQGAETLYF","TRAV7D-4","TRBV2","CAASEQSGYQNFYF","CASSPPQGAETLYF","TRAJ49","TRBJ2-3",2,"QQKVQQSPESLSVPEGGMASLNCTSS","DRNFQY","FWWYRQHSGEGPKALMS","IFSDGD","KKEGRFTAHLNKASLHVSLHIRDSQPSDSALYF","GKGTSLTVIP","DPKIIQKPKYLVAVTGSEKILICEQY","LGHNA","MYWYRQSAKKPLEFMFS","YSYQKL","MDNQTASSRFQPQSSKKNHLDLQITALKPDDSATYF","GSGTRLTVL","G4_92_AGGGTATAGAGTGGGC-1;G4_92_GGAATGAGTAAGCATC-1",2,"E_备选（极小扩增）","Ready","Single"
"G4_92","CAASERTDKVVF_CASSQTPGQTNNERLFF","TRAV10D","TRBV5","CAASERTDKVVF","CASSQTPGQTNNERLFF","TRAJ34","TRBJ1-4",2,"GEKVEQHESTLSVREGDSAVINCTYT","DTASSY","FPWYKQEAGKGLHFVID","IRSNVDR","KQSQRLIVLLDKKAKRFSLHITATQPEDSAIYF","GTGTRLQVSP","NTKITQSPRYLILGRANKSLECEQH","LGHNA","MYWYKQSAEKPPELMFL","YNLKQL","IRNETVPSRFIPECPDSSKLLLHISAVDPEDSAVYF","GHGTKLSVL","G4_92_GCGTTAATCGGTGTCG-1;G4_92_GTTGGGCGTGCTTCTA-1",2,"E_备选（极小扩增）","Ready","Single"
"G4_92","CAASGYSNNRLTL_CASSEPGQGESAETLYF","TRAV14N-1","TRBV13-1","CAASGYSNNRLTL","CASSEPGQGESAETLYF","TRAJ7","TRBJ2-3",2,"QQQVRQSPQSLTVWEGETAILNCSYE","DSTFNY","FPWYQQFPGEGPALLIS","ISSVSDK","KEDGRFTIFFNKREKKLSLHITDSQPGDSATYF","GKGTQVVVLP","EAAVTQSPRNKVTVTGGNVTLSCRQT","NSHNY","MYWYRQDTGHGLRLIHY","SYGAGN","LQIGDVPDGYKATRTTQEDFFLLLELASPSQTSLYF","GSGTRLTVL","G4_92_ATCAGCGGTCTGGATG-1;G4_92_GTTGGGGCAAGCTGAA-1",2,"E_备选（极小扩增）","Ready","Single"
"G4_92","CAASRNNAGAKLTF_CASSHGTDNSPLYF","TRAV14N-3","TRBV5","CAASRNNAGAKLTF","CASSHGTDNSPLYF","TRAJ39","TRBJ1-6",2,"QQQVRQSPQSLTVWEGETAILNCSYE","NSAFDY","FPWYQQFPGEGPALLIA","IRSVSDK","KEDGGFTIFFNKREKNLSLHIKDSQPGDSATYF","GGGTRLTVRP","NTKITQSPRYLILGRANKSLECEQH","LGHNA","MYWYKQSAEKPPELMFL","YNLKQL","IRNETVPSRFIPECPDSSKLLLHISAVDPEDSAVYF","AAGTRLTVT","G4_92_ATACAGAAGAGCAGAT-1;G4_92_GCTAGTGGTCTACGCT-1",2,"E_备选（极小扩增）","Ready","Single"
"G4_92","CAASSGGSNYKLTF_CASSFRGTYNSPLYF","TRAV10N","TRBV10","CAASSGGSNYKLTF","CASSFRGTYNSPLYF","TRAJ53","TRBJ1-6",2,"GEKVEQHQSTLSVREGDSAVINCTYT","DTASSY","FPWYKQEAGKSLHFVID","IRSNVDR","KQSQRLTVLLDKKAKRFSLHITATQPEDSAIYF","GKGTLLTVTP","ETAVFQTPNYHVTQVGNEVSFNCKQT","LGHDT","MYWYKQDSKKLLKIMFS","YNNKQL","IVNETVPRRFSPQSSDKAHLNLRIKSVEPEDSAVYL","AAGTRLTVT","G4_92_ACGTTATAGATCACAT-1;G4_92_ACTACCCGTCGAAGGG-1",2,"E_备选（极小扩增）","Ready","Single"
"G4_92","CAASSTSGGNYKPTF_CASSWTGDEQYF","TRAV9-1","TRBV10","CAASSTSGGNYKPTF","CASSWTGDEQYF","TRAJ6","TRBJ2-7",2,"TQTVSQSDAHVTVFEGDSVELRCNYS","YGGSIY","LSWYIQHHGRGLQFLLK","YYSGNPVV","QGVNGFEAEFSKSDSSFHLRKASVHWSDSAVYF","GKGTSLVVHP","ETAVFQTPNYHVTQVGNEVSFNCKQT","LGHDT","MYWYKQDSKKLLKIMFS","YNNKQL","IVNETVPRRFSPQSSDKAHLNLRIKSVEPEDSAVYL","GPGTRLTVL","G4_92_AAATCCAGTATCCAGG-1;G4_92_ATGTAGTTCACCTCCA-1",2,"E_备选（极小扩增）","Ready","Single"
"G4_92","CAAYSGGSNYKLTF_CASSQPQGGSYNSPLYF","TRAV5N-4","TRBV2","CAAYSGGSNYKLTF","CASSQPQGGSYNSPLYF","TRAJ53","TRBJ1-6",2,"GEQVEQLPSILRVQERSSASINCTYE","NSASNY","FPWYKQEPGENPKLIID","IRSNMER","KQIQGLIVLLDKKAKRFSLHITDTQPADSAMYF","GKGTLLTVTP","DPKIIQKPKYLVAVTGSEKILICEQY","LGHNA","MYWYRQSAKKPLEFMFS","YSYQKL","MDNQTASSRFQPQSSKKNHLDLQITALKPDDSATYF","AAGTRLTVT","G4_92_CCCATTGTCACATCAG-1;G4_92_CCCTCTCGTCAACTCC-1",2,"E_备选（极小扩增）","Ready","Single"
"G4_92","CAGGGSNAKLTF_CAWNWGGQDTQYF","TRAV4-2","TRBV31","CAGGGSNAKLTF","CAWNWGGQDTQYF","TRAJ42","TRBJ2-5",2,"GMPVEQNPPALSLYEGADSGLRCNFS","TTMKS","VQWFQQNHRGRLITLFY","LAQGT","KENGRLKSTFNSKERYSTLHIKDAQLEDSGTYF","GKGTKLSVKS","AQTIHQWPVAEIKAVGSPLSLGCTIK","GKSSPN","LYWYWQATGGTLQQLFY","SITVG","QVESVVQLNLSASRPKDDQFILSTEKLLLSHSGFYL","GPGTRLLVL","G4_92_ACCTTTGGTATCTTCG-1;G4_92_CCTTTAATCAGTTGTG-1",2,"E_备选（极小扩增）","Ready","Single"
"G4_92","CAINNNNAPRF_CASSIVGDRNTGQLYF","TRAV13N-2","TRBV19","CAINNNNAPRF","CASSIVGDRNTGQLYF","TRAJ43","TRBJ2-2",2,"GQQVQQSPSSLVLQEGENAELQCNFS","STATQ","LQWFYQSPGGSLVSLLS","NPSGT","KHTGRLTSTTVTKERRSSLHISSSQTTDSGTYL","GAGTKLTVKP","GGIITQTPKFLIGQEGQKLTLKCQQN","FNHDT","MYWYRQDSGKGLRLIYY","SITEND","LQKGDLSEGYDASREKKSSFSLTVTSAQKNEMAVFL","GEGSKLTVL","G4_92_AATGGCGAGAGCATGG-1;G4_92_GTATCAGTCCTAAAGT-1",2,"E_备选（极小扩增）","Ready","Single"
"G4_92","CALGGSGGSNYKLTF_CASSPGWGNQAPLF","TRAV6N-7","TRBV10","CALGGSGGSNYKLTF","CASSPGWGNQAPLF","TRAJ53","TRBJ1-5",2,"GDSVTQTEGQVALSEEDFLTIHCNYS","ASGYPA","LFWYVQYPGEGPQFLFR","ASRDKEK","GSSRGFEATYNKETTSFHLQKASVQESDSAVYY","GKGTLLTVTP","ETAVFQTPNYHVTQVGNEVSFNCKQT","LGHDT","MYWYKQDSKKLLKIMFS","YNNKQL","IVNETVPRRFSPQSSDKAHLNLRIKSVEPEDSAVYL","GEGTRLSVL","G4_92_CGAGCATTCAGTTGGC-1;G4_92_GCAATCGGTGGTGGAG-1",2,"E_备选（极小扩增）","Ready","Single"
"G4_92","CALRTNTGKLTF_CASSERDWGSSYEQYF","TRAV12-3","TRBV13-1","CALRTNTGKLTF","CASSERDWGSSYEQYF","TRAJ27","TRBJ2-7",2,"GDSVTQTEGLVTLTEGLPVMLNCTYQ","TIYSNPF","LFWYVHYLNESPRLLLK","SSTDNKR","TEHQGFHATLHKSSSSFHLQKSSAQLSDSALYY","GDGTVLTVKP","EAAVTQSPRNKVTVTGGNVTLSCRQT","NSHNY","MYWYRQDTGHGLRLIHY","SYGAGN","LQIGDVPDGYKATRTTQEDFFLLLELASPSQTSLYF","GPGTRLTVL","G4_92_AAATGGCAGCATCTAG-1;G4_92_AATGGTCGTCGGGTAC-1",2,"E_备选（极小扩增）","Ready","Single"
"G4_92","CALSDDGNEKITF_CAWAGTEVFF","TRAV12N-2","TRBV31","CALSDDGNEKITF","CAWAGTEVFF","TRAJ48","TRBJ1-1",2,"GDSVTQTEGLVTLTEGLPVMLNCTYQ","TAYSTF","LFWYVQHLNEAPKLLLK","SSTDNKR","TEHQGFHATLHKSSSSFHLQKSSAQLSDSALYY","GAGTKLTIKP","AQTIHQWPVAEIKAVGSPLSLGCTIK","GKSSPN","LYWYWQATGGTLQQLFY","SITVG","QVESVVQLNLSASRPKDDQFILSTEKLLLSHSGFYL","GKGTRLTVV","G4_92_AACGCATGTGGCACGT-1;G4_92_CCCTTTACAGCATGCC-1",2,"E_备选（极小扩增）","Ready","Single"
"G4_92","CALSDNNAGAKLTF_CASSRDRQDTQYF","TRAV12-3","TRBV17","CALSDNNAGAKLTF","CASSRDRQDTQYF","TRAJ39","TRBJ2-5",2,"GDSVTQTEGLVTLTEGLPVMLNCTYQ","TIYSNPF","LFWYVHYLNESPRLLLK","SSTDNKR","TEHQGFHATLHKSSSSFHLQKSSAQLSDSALYY","GGGTRLTVRP","DTTVKQNPRYKLARVGKPVNLICSQT","MNHDT","MYWYQKKPNQAPKLLLF","YYDKIL","NREADTFEKFQSSRPNNSFCSLYIGSAGLEYSAMYL","GPGTRLLVL","G4_92_CACTACTTCAATGGTT-1;G4_92_CTCACGCTCAACGGCT-1",2,"E_备选（极小扩增）","Ready","Single"
"G4_92","CALSDRRTGNYKYVF_CASKGLGKNTLYF","TRAV6D-6","TRBV19","CALSDRRTGNYKYVF","CASKGLGKNTLYF","TRAJ40","TRBJ2-4",2,"GDSVTQTEGQVTVSESKSLIINCTYS","ATSIAYPN","LFWYVRYPGEGLQLLLK","VITAGQK","GSSRGFEATYNKETTSFHLQKASVQESDSAVYY","GAGTRLKVIA","GGIITQTPKFLIGQEGQKLTLKCQQN","FNHDT","MYWYRQDSGKGLRLIYY","SITEND","LQKGDLSEGYDASREKKSSFSLTVTSAQKNEMAVFL","GAGTRLSVL","G4_92_CCTGCGAAGCAATGGG-1;G4_92_CTCATATGTCGTAGAT-1",2,"E_备选（极小扩增）","Ready","Single"
"G4_92","CALSDRSGGYKVVF_CASSPGTNSGNTLYF","TRAV12N-2","TRBV14","CALSDRSGGYKVVF","CASSPGTNSGNTLYF","TRAJ12","TRBJ1-3",2,"GDSVTQTEGLVTLTEGLPVMLNCTYQ","TAYSTF","LFWYVQHLNEAPKLLLK","SSTDNKR","TEHQGFHATLHKSSSSFHLQKSSAQLSDSALYY","GSGTRLLVSP","EAGVTQSPRYAVLQEGQAVSFWCDPI","SGHDT","LYWYQQPRDQGPQLLVY","FRDEAV","IDNSQLPSDRFSAVRPKGTNSTLKIQSAKQGDTATYL","GEGSRLIVV","G4_92_ATGATGAAGCTAAGGG-1;G4_92_GCAAGACCACCCTGAA-1",2,"E_备选（极小扩增）","Ready","Single"
"G4_92","CALSLALTGNTRKLIF_CASSDGQGALGNTLYF","TRAV6N-7","TRBV13-3","CALSLALTGNTRKLIF","CASSDGQGALGNTLYF","TRAJ37","TRBJ1-3",2,"GDSVTQTEGQVALSEEDFLTIHCNYS","ASGYPA","LFWYVQYPGEGPQFLFR","ASRDKEK","GSSRGFEATYNKEATSFHLQKASVQESDSAVYY","GLGTTLQVQP","EAAVTQSPRSKVAVTGGKVTLSCHQT","NNHDY","MYWYRQDTGHGLRLIHY","SYVADS","TEKGDIPDGYKASRPSQENFSLILELASLSQTAVYF","GEGSRLIVV","G4_92_ATCGATTAGAAGGCGC-1;G4_92_CATTCTGGTCACCCTG-1",2,"E_备选（极小扩增）","Ready","Single"
"G4_92","CALTGNTRKLIF_CAWRRTHNQAPLF","TRAV6D-6","TRBV31","CALTGNTRKLIF","CAWRRTHNQAPLF","TRAJ37","TRBJ1-5",2,"GDSVTQTEGQVTVSESKSLIINCTYS","TTSIAYPN","LFWYVRYPGEGLQLLLK","VITAGQK","GSSRGFEATYNKETTSFHLQKASVQESDSAVYY","GLGTTLQVQP","AQTIHQWPVAEIKAVGSPLSLGCTIK","GKSSPN","LYWYWQATGGTLQQLFY","SITVG","QVESVVQLNLSASRPKDDQFILSTEKLLLSHSGFYL","GEGTRLSVL","G4_92_CTATCCAGTACCACCT-1;G4_92_CTGGGTGTCCCTATAC-1",2,"E_备选（极小扩增）","Ready","Single"
"G4_92","CALVLMDSNYQLIW_CASSQQGNNYAEQFF","TRAV6-4","TRBV2","CALVLMDSNYQLIW","CASSQQGNNYAEQFF","TRAJ33","TRBJ2-1",2,"GDSVTQKQGQVTLSEDDFLFINCTYS","TTTYPT","LLWYVQYPGQGPQLLLK","VTTANNK","GISRGFEATYDKGTTSFHLQKASVQESDSAVYF","GSGTKLIIKP","DPKIIQKPKYLVAVTGSEKILICEQY","LGHNA","MYWYRQSAKKPLEFMFS","YSYQKL","MDNQTASSRFQPQSSKKNHLDLQITALKPDDSATYF","GPGTRLTVL","G4_92_ACATCCCGTACCACGA-1;G4_92_GGATTGCTCACTAACG-1",2,"E_备选（极小扩增）","Ready","Single"
"G4_92","CALWELDSGSWQLIF_CASGDRGGNTLYF","TRAV15D-1-DV6D-1","TRBV12-2+TRBV13-2","CALWELDSGSWQLIF","CASGDRGGNTLYF","TRAJ22","TRBJ1-3",2,"AQKVIQVWSTASRQEGEELTLDCSYE","TSQVLYH","LFWYKHLLSGEMVFLIR","QMSSSTAK","ERSGRYSVVFQKSLKSISLVISALQPDDSGKYF","GSGTQLTVMP","EAAVTQSPRNKVAVTGGKVTLSCNQT","NNHNN","MYWYRQDTGHGLRLIHY","SYGAGS","TEKGDIPDGYKASRPSQENFSLILELATPSQTSVYF","GEGSRLIVV","G4_92_CACAACATCAAGCTCA-1;G4_92_GCCAAGGCACAAGGCG-1",2,"E_备选（极小扩增）","Ready","Multi_Allele"
"G4_92","CAMGNSGTYQRF_CGAGRGNTEVFF","TRAV13-1","TRBV20","CAMGNSGTYQRF","CGAGRGNTEVFF","TRAJ13","TRBJ1-1",2,"GQQVQQSPASLVLQEGENAELQCNFS","TSLNS","MQWFYQRPEGSLVSLFY","NPSGT","KQSGRLTSTTVIKERRSSLHISSSQITDSGTYL","GTGTKLQVVP","GALVYQYPRRTICKSGTSMRMECQAV","GFQATS","VAWYRQSPQKTFELIAL","STVNSAI","KYEQNFTQEKFPISHPNLSFSSMTVLNAYLEDRGLYL","GKGTRLTVV","G4_92_ATAGGCACAACTTAGC-1;G4_92_CGAAGCAAGGTGTCGT-1",2,"E_备选（极小扩增）","Ready","Single"
"G4_92","CARGSGSWQLIF_CTCSADRGVANSDYTF","TRAV8D-1","TRBV1","CARGSGSWQLIF","CTCSADRGVANSDYTF","TRAJ22","TRBJ1-2",2,"SQLAEENPWALSVHEGESVTVNCSYK","TSITA","LQWYRQKSGEGPAQLIL","IRSNERE","KRNGRLRATLDTSSQSSSLSITATRCEDTAVYF","GSGTQLTVMP","VTLLEQNPRWRLVPRGQAVNLRCILK","NSQYPW","MSWYQQDLQKQLQWLFT","LRSPGD","KEVKSLPGADYLATRVTDTELRLQVANMSQGRTLY","GSGTRLLVI","G4_92_ATCGGGGCAAGCTGAA-1;G4_92_CCGACACCACCATAAC-1",2,"E_备选（极小扩增）","Ready","Single"
"G4_92","CATDQANTGKLTF_CASSDWGGQDTQYF","TRAV8D-1","TRBV13-3","CATDQANTGKLTF","CASSDWGGQDTQYF","TRAJ52","TRBJ2-5",2,"SQLAEENPWALSVHEGESVTVNCSYK","TSITA","LQWYRQKSGEGPAQLIL","IRSNERE","KRNGRLRATLDTSSQSSSLSITATRCEDTAVYF","GHGTILRVHP","EAAVTQSPRSKVAVTGGKVTLSCHQT","NNHDY","MYWYRQDTGHGLRLIHY","SYVADS","TEKGDIPDGYKASRPSQENFSLILELASLSQTAVYF","GPGTRLLVL","G4_92_GTGCCATAGGTGTCCG-1;G4_92_GTGGGCTGTGGGAGAT-1",2,"E_备选（极小扩增）","Ready","Single"
"G4_92","CATPRNNNNRIFF_CASSRDRRNTGQLYF","TRAV8D-2","TRBV17","CATPRNNNNRIFF","CASSRDRRNTGQLYF","TRAJ31","TRBJ2-2",2,"SQWGEENLQALSIQEGEDVTMNCSYK","TYTTV","VHWYRQDSGRGPALIIL","IRSNERE","KRSGRLRATLDTSSQSSSLSITAAQCEDTAVYF","GDGTQLVVKP","DTTVKQNPRYKLARVGKPVNLICSQT","MNHDT","MYWYQKKPNQAPKLLLF","YYDKIL","NREADTFEKFQSSRPNNSFCSLYIGSAGLEYSAMYL","GEGSKLTVL","G4_92_CCAGACCCAGTGAAGC-1;G4_92_CTGTTATGTCCCATGT-1",2,"E_备选（极小扩增）","Ready","Single"
"G4_92","CAVITNTGYQNFYF_CASSRDRDTLYF","TRAV3-4","TRBV13-3","CAVITNTGYQNFYF","CASSRDRDTLYF","TRAJ49","TRBJ2-4",2,"GEQVEQRPPHLSVPEGDSAVIICTYT","DSATAY","FYWYKQEPGAGLQLLMS","VFSNVDR","KEEQGLTVLLNKKDKQLSLNLTAAHPGDSAVYF","GKGTSLTVIP","EAAVTQSPRSKVAVTGGKVTLSCHQT","NNHDY","MYWYRQDTGHGLRLIHY","SYVADS","TEKGDIPDGYKASRPSQENFSLILELASLSQTAVYF","GAGTRLSVL","G4_92_ATGGTATTCCTAAGCA-1;G4_92_GTTCACTTCACCATCT-1",2,"E_备选（极小扩增）","Ready","Single"
"G4_92","CAVRSNTNTGKLTF_CASGDLTGGFYAEQFF","TRAV9-4","TRBV12-2+TRBV13-2","CAVRSNTNTGKLTF","CASGDLTGGFYAEQFF","TRAJ27","TRBJ2-1",2,"AQSVTQPDARVTVSQGASLQLRCKYS","YSGTPY","LFWYVQYPRQGLQLLLK","YYSGDPVV","QGVNGFEAEFSKSNSSFHPRKASVHWSDSAVYF","GDGTVLTVKP","EAAVTQSPRNKVAVTGGKVTLSCNQT","NNHNN","MYWYRQDTGHGLRLIHY","SYGAGS","TEKGDIPDGYKASRPSQENFSLILELATPSQTSVYF","GPGTRLTVL","G4_92_AGCCTCTGTAAATCCA-1;G4_92_GTTGTCCGTGCATGGC-1",2,"E_备选（极小扩增）","Ready","Multi_Allele"
"G4_92","CAVSAGSALGRLHF_CASSLRGGNSDYTF","TRAV9N-4","TRBV14","CAVSAGSALGRLHF","CASSLRGGNSDYTF","TRAJ18","TRBJ1-2",2,"AQSVTQPDARVTVSEGASLQLRCKYS","YSATPY","LFWYVQYPRQGLQMLLK","YYSGDPVV","QGVNGFEAEFSKSDSSFHLRKASVHWSDSAVYF","GAGTQLIVIP","EAGVTQSPRYAVLQEGQAVSFWCDPI","SGHDT","LYWYQQPRDQGPQLLVY","FRDEAV","IDNSQLPSDRFSAVRPKGTNSTLKIQSAKQGDTATYL","GSGTRLLVI","G4_92_AGGCGACAGGCTCGTG-1;G4_92_CGCTCAACACTACTCC-1",2,"E_备选（极小扩增）","Ready","Single"
"G4_92","CAVSASNYQLIW_CTCSPTGGASQNTLYF","TRAV3-3","TRBV1","CAVSASNYQLIW","CTCSPTGGASQNTLYF","TRAJ33","TRBJ2-4",2,"GEQVEQRPPHLSVREGDSAFITCTYT","DPNSYY","FFWYKQEPGASLQLLMK","VFSSTEI","NEGQGFTVLLNKKDKRLSLNLTAAHPGDSAAYF","GSGTKLIIKP","VTLLEQNPRWRLVPRGQAVNLRCILK","NSQYPW","MSWYQQDLQKQLQWLFT","LRSPGD","KEVKSLPGADYLATRVTDTELRLQVANMSQGRTLY","GAGTRLSVL","G4_92_AAACCCATCCTCTGAT-1;G4_92_CACCCGTTCATGGCTA-1",2,"E_备选（极小扩增）","Ready","Single"
"G4_92","CAVSILTGNTRKLIF_CGARGSPVGQANTGQLYF","TRAV7-3","TRBV20","CAVSILTGNTRKLIF","CGARGSPVGQANTGQLYF","TRAJ37","TRBJ2-2",2,"QQNVQQSPESLIVPEGARTSLNCTFS","DSASQY","FWWYRQHSGKAPKALMS","IFSNGE","KEEGRFTIHLNKASLHFSLHIRDSQPSDSALYL","GLGTTLQVQP","GALVYQYPRRTICKSGTSMRMECQAV","GFQATS","VAWYRQSPQKTFELIAL","STVNSAI","KYEQNFTQEKFPISHPNLSFSSMTVLNAYLEDRGLYL","GEGSKLTVL","G4_92_CCTCGTCAGAGGCCAA-1;G4_92_GGTTTCCGTCGCGGAT-1",2,"E_备选（极小扩增）","Ready","Single"
"G4_92","CAVSLQTGFASALTF_CTCSGTNNYAEQFF","TRAV7D-3","TRBV1","CAVSLQTGFASALTF","CTCSGTNNYAEQFF","TRAJ35","TRBJ2-1",2,"QQKVQQSPESLIVPEGAMTSLNCTFS","DSASQY","FAWYRQHSGKAPKALMS","IFSNGE","KEEGRFTIHLNKASLHFSLHIRDSQPSDSALYL","GSGTKVIVLPY","VTLLEQNPRWRLVPRGQAVNLRCILK","NSQYPW","MSWYQQDLQKQLQWLFT","LRSPGD","KEVKSLPGADYLATRVTDTELRLQVANMSQGRTLY","GPGTRLTVL","G4_92_ACGGGTCGTCACAGCA-1;G4_92_GTCTGCACACCTACGA-1",2,"E_备选（极小扩增）","Ready","Single"
"G4_92","CAVSPNTGKLTF_CGARASYNSPLYF","TRAV7-3","TRBV20","CAVSPNTGKLTF","CGARASYNSPLYF","TRAJ27","TRBJ1-6",2,"QQNVQQSPESLIVPEGARTSLNCTFS","DSASQY","FWWYRQHSGKAPKALMS","IFSNGE","KEEGRFTIHLNKASLHFSLHIRDSQPSDSALYL","GDGTVLTVKP","GALVYQYPRRTICKSGTSMRMECQAV","GFQATS","VAWYRQSPQKTFELIAL","STVNSAI","KYEQNFTQEKFPISHPNLSFSSMTVLNAYLEDRGLYL","AAGTRLTVT","G4_92_GTCTTCCCACGACACC-1;G4_92_GTGTCAATCCGGCAAT-1",2,"E_备选（极小扩增）","Ready","Single"
"G4_92","CAVTHNRIFF_CTCSADRGVANSDYTF","TRAV1","TRBV1","CAVTHNRIFF","CTCSADRGVANSDYTF","TRAJ31","TRBJ1-2",2,"GQGVEQPDNLMSVEGTFARVNCTYS","TSGFNG","LSWYQQREGHAPVFLSY","VVLDGL","KDSGHFSTFLSRSNGYSYLLLTELQIKDSASYL","GDGTQLVVKP","VTLLEQNPRWRLVPRGQAVNLRCILK","NSQYPW","MSWYQQDLQKQLQWLFT","LRSPGD","KEVKSLPGADYLATRVTDTELRLQVANMSQGRTLY","GSGTRLLVI","G4_92_CTGCGTGAGACACCGT-1;G4_92_GCCTGCTTCACGCTAA-1",2,"E_备选（极小扩增）","Ready","Single"
"G4_92","CILRDSNTDKVVF_CASSMGGQDTQYF","TRAV21-DV12","TRBV19","CILRDSNTDKVVF","CASSMGGQDTQYF","TRAJ34","TRBJ2-5",2,"DAKTTQPDSMESTEGETVHLPCSHA","TISGNEY","IYWYRQVPLQGPEYVTH","GLQQN","TTNSMAFLAIASDRKSSTLILTHVSLRDAAVYH","GTGTRLQVSP","GGIITQTPKFLIGQEGQKLTLKCQQN","FNHDT","MYWYRQDSGKGLRLIYY","SITEND","LQKGDLSEGYDASREKKSSFSLTVTSAQKNEMAVFL","GPGTRLLVL","G4_92_AGCATCATCCATGGGT-1;G4_92_CGTATGGGTCCTGTAC-1",2,"E_备选（极小扩增）","Ready","Single"
"G4_92","CILRVTGGSNYKLTF_CTCSPGSNNQAPLF","TRAV21-DV12","TRBV1","CILRVTGGSNYKLTF","CTCSPGSNNQAPLF","TRAJ53","TRBJ1-5",2,"DAKTTQPDSMESTEGETVHLPCSHA","TISGNEY","IYWYRQVPLQGPEYVTH","GLQQN","TTNSMAFLAIASDRKSSTLILTHVSLRDAAVYH","GKGTLLTVTP","VTLLEQNPRWRLVPRGQAVNLRCILK","NSQYPW","MSWYQQDLQKQLQWLFT","LRSPGD","KEVKSLPGADYLATRVTDTELRLQVANMSQGRTLY","GEGTRLSVL","G4_92_CAGTCTCGTGTGTGAT-1;G4_92_GGTTGGCGTCCGTCCA-1",2,"E_备选（极小扩增）","Ready","Single"
"G4_92","CSASRAASSGSWQLIF_CASSDGGFSNERLFF","TRAV5-1","TRBV13-1","CSASRAASSGSWQLIF","CASSDGGFSNERLFF","TRAJ22","TRBJ1-4",2,"GEQVEQLPSSLIVQEGASVLINCSYT","DSASVY","FPWYKQEPGKRLQFIID","IRSNMER","KQNQRLTLLFDKKTKHLSLHITATQPGDSAIYF","GSGTQLTVMP","EAAVTQSPRNKVTVTGGNVTLSCRQT","NSHNY","MYWYRQDTGHGLRLIHY","SYGAGN","LQIGDVPDGYKATRTTQEDFFLLLELASPSQTSLYF","GHGTKLSVL","G4_92_AATTCCACAACGTCCA-1;G4_92_CGTAATCCACGTAGCC-1",2,"E_备选（极小扩增）","Ready","Single"
"G4_92","CVLVMDSNYQLIW_CASSFWGESSYEQYF","TRAV6-1","TRBV14","CVLVMDSNYQLIW","CASSFWGESSYEQYF","TRAJ33","TRBJ2-7",2,"GDSVTQMQGQVTLSEDDFLFINCTYS","TTWYPT","LFWYVQYPGEGPQLLLK","VTTANNK","GISRGFEATYDKRTTSFHLQKASVQESDSAVYY","GSGTKLIIKP","EAGVTQSPRYAVLQEGQAVSFWCDPI","SGHDT","LYWYQQPRDQGPQLLVY","FRDEAV","IDNSQLPSDRFSAVRPKGTNSTLKIQSAKQGDTATYL","GPGTRLTVL","G4_92_AGGGGTCAGCACGCCA-1;G4_92_GCGATAACACTTAACA-1",2,"E_备选（极小扩增）","Ready","Single"
