"Sample","CDR3_comb","TRAV","TRBV","CDR3a","CDR3b","Ja","Jb","Count","TRA_fwr1","TRA_cdr1","TRA_fwr2","TRA_cdr2","TRA_fwr3","TRA_fwr4","TRB_fwr1","TRB_cdr1","TRB_fwr2","TRB_cdr2","TRB_fwr3","TRB_fwr4","cell_barcodes","n_cells","Priority","WetLab_Ready","TRBV_Complexity"
"G1_71","CAVRMTTASLGKLQF_CASGGGPANSDYTF","TRAV9N-2","TRBV12-2+TRBV13-2","CAVRMTTASLGKLQF","CASGGGPANSDYTF","TRAJ24","TRBJ1-2",577,"AQSVTQPDARVTVSEGASLQLRCKYS","SSVTPY","LFWYVQYPRQGLQLLLK","YYSGDPVV","QGVNGFEAEFSKSNSSFHLRKASVHWSDSAVYF","GTGTQVVVTP","EAAVTQSPRNKVAVTGGKVTLSCNQT","NNHNN","MYWYRQDTGHGLRLIHY","SYGAGS","TEKGDIPDGYKASRPSQENFSLILELATPSQTSVYF","GSGTRLLVI","G1_71_AAACCGCTCACCAATG-1;G1_71_AAACCGGAGCCCTGGA-1;G1_71_AAACCTGTCACTTCCG-1;G1_71_AAACGCTGTGGGTTTG-1;G1_71_AAACTACTCCCGCCAT-1;G1_71_AAACTCCCAACGCGTC-1;G1_71_AAAGCCACAGCAGTAA-1;G1_71_AAAGCCCTCCGTTTAC-1;G1_71_AAAGGCCCACAAGACA-1;G1_71_AAAGTTCTCCTAGCCC-1;G1_71_AAATCCCCAACGGACG-1;G1_71_AAATGTCTCCGGTTAA-1;G1_71_AAATTGGAGGCGTCAT-1;G1_71_AACACCTCAAACTAGG-1;G1_71_AACATGCGTATCCGTC-1;G1_71_AACATGGCAGCGTGCT-1;G1_71_AACATTGGTGCATTGG-1;G1_71_AACATTTCACTCTAGG-1;G1_71_AACCACTCAACGTACT-1;G1_71_AACCATCCAGCATAAG-1;G1_71_AACCATTAGCACCCGA-1;G1_71_AACGCCAGTGCATTCC-1;G1_71_AACGGCGCACCTAGAT-1;G1_71_AACGGTACAGCTTCGA-1;G1_71_AACGTAAAGAACTAGA-1;G1_71_AACGTTCCAGCAAGAC-1;G1_71_AACTACCCAGGGTCAG-1;G1_71_AACTAGGCAAGACGTA-1;G1_71_AACTAGGCACAATTCA-1;G1_71_AACTCCGCAATTAAGA-1;G1_71_AACTTGTAGCACGCCA-1;G1_71_AACTTTCGTCGCCATT-1;G1_71_AAGCAAATCGCTTCCA-1;G1_71_AAGCCAACACAAGTCT-1;G1_71_AAGCCAGAGGGGTAGC-1;G1_71_AAGCCGGCAGTACTTA-1;G1_71_AAGCGGCAGGCTGTTA-1;G1_71_AAGCTAGCAGGCGTAG-1;G1_71_AAGCTCTCACCTATAA-1;G1_71_AAGCTGGAGAGTCGTC-1;G1_71_AAGCTTCCACCACAAT-1;G1_71_AAGCTTGTCAGCTGTA-1;G1_71_AAGGCACCAGCTAGGG-1;G1_71_AAGGTCTGTCCATTCA-1;G1_71_AAGTGTAAGAGGTACG-1;G1_71_AAGTTCGTCAGTATCG-1;G1_71_AAGTTCGTCCAAATCG-1;G1_71_AATATGCTCCGCCCAT-1;G1_71_AATCACCCAATGCTAC-1;G1_71_AATCGAGCACAATGTC-1;G1_71_AATCTCCTCCTACTAC-1;G1_71_AATCTCCTCGCGTGCA-1;G1_71_AATGAACCAATGCACT-1;G1_71_AATGGCACACACAACT-1;G1_71_AATGTAGAGATGTGTT-1;G1_71_AATGTAGAGCATTACG-1;G1_71_AATGTGCGTCACGAAT-1;G1_71_AATGTGTTCAAACCGC-1;G1_71_AATTGGCGTGGCCTGG-1;G1_71_AATTTCCGTCCTAGTC-1;G1_71_ACAACGGAGCATTACG-1;G1_71_ACAATAGAGACTTCAG-1;G1_71_ACAATCGTCCTCACGC-1;G1_71_ACAATTATCAGGCACT-1;G1_71_ACAATTCAGGCGGTAA-1;G1_71_ACAATTTCACGTAATC-1;G1_71_ACACAGACAGGCCTTA-1;G1_71_ACACATGTCGTCAATG-1;G1_71_ACACATTAGGCTTTAG-1;G1_71_ACACTTACAACATGGA-1;G1_71_ACAGACACAACATATT-1;G1_71_ACAGCAGAGAGGGTAT-1;G1_71_ACAGCCCCAGTGCTCA-1;G1_71_ACAGCTATCAATCTCC-1;G1_71_ACAGGGTCAGGGCTTC-1;G1_71_ACAGGTTGTATCTTGT-1;G1_71_ACAGGTTGTCAATCGG-1;G1_71_ACAGTTGTCGCGGTTG-1;G1_71_ACATAACTCAATGCGC-1;G1_71_ACATAGGCAACCATAC-1;G1_71_ACATATTCAGGAACTA-1;G1_71_ACATCATAGCTGGTTA-1;G1_71_ACATCCAAGCGCCAAT-1;G1_71_ACATCCAAGCGTTAGC-1;G1_71_ACATGAAAGCCCATTT-1;G1_71_ACATGTTAGAACTAAG-1;G1_71_ACATGTTAGACTGCGT-1;G1_71_ACATTATCACCAAGGG-1;G1_71_ACATTCCTCAGCCCCT-1;G1_71_ACATTCGAGGCTCAAC-1;G1_71_ACCAACATCAAACTAC-1;G1_71_ACCAATTAGCACCAAC-1;G1_71_ACCCAACAGATACAGA-1;G1_71_ACCCATCGTCGATTGG-1;G1_71_ACCCCATGTCCGTCGC-1;G1_71_ACCCCGAAGCCTGACG-1;G1_71_ACCCTTAGTGGACCGT-1;G1_71_ACCTTACTCGCACCTC-1;G1_71_ACCTTAGAGACATGGG-1;G1_71_ACCTTATGTCTCTAAT-1;G1_71_ACGAAGTAGAACGATA-1;G1_71_ACGACGAAGACCCACG-1;G1_71_ACGATATTCATGAAAG-1;G1_71_ACGCATATCACTAAAC-1;G1_71_ACGCATATCATAAGCT-1;G1_71_ACGCCCTTCATACCCT-1;G1_71_ACGGGTAAGATCGTTG-1;G1_71_ACGGTTGGTAGACGTT-1;G1_71_ACGTCCCTCCAAATTA-1;G1_71_ACGTTATAGCGGTGTT-1;G1_71_ACGTTGGGTGTTACCC-1;G1_71_ACTAATTCAATCGCAT-1;G1_71_ACTACCCGTCCACGTT-1;G1_71_ACTACTTGTAATCAGC-1;G1_71_ACTATATCACGATGTT-1;G1_71_ACTATCACACAGGACG-1;G1_71_ACTCCCGGTCTGTATT-1;G1_71_ACTCGATCAATGCTCG-1;G1_71_ACTCGGCCAGTGCTCA-1;G1_71_ACTCTATGTAGGTTTA-1;G1_71_ACTGCAATCGTTCGTT-1;G1_71_ACTGCCCTCAAACCGC-1;G1_71_ACTGGAACACATGATC-1;G1_71_ACTGTTCTCCTGTATC-1;G1_71_ACTTACACACCCAAAT-1;G1_71_ACTTCAGAGAATGCGG-1;G1_71_ACTTGCCGTAAGCCCA-1;G1_71_ACTTGTGAGACTGCGT-1;G1_71_ACTTTAGCAAATACAA-1;G1_71_AGAAGCTAGCAGGAGC-1;G1_71_AGACACCTCACAGATT-1;G1_71_AGACTCGGTCTATAAG-1;G1_71_AGAGAACTCATCTTCA-1;G1_71_AGAGAGGCACGATGTT-1;G1_71_AGAGGTCCAGTGGGAT-1;G1_71_AGAGTAATCGGGCAAA-1;G1_71_AGCAAGTAGCGCTGCA-1;G1_71_AGCAGTACAGTGTGGG-1;G1_71_AGCATATTCATAATCA-1;G1_71_AGCCCCTTCAAGTCGC-1;G1_71_AGCCGAGCACCGTAAT-1;G1_71_AGCCGAGCACGCGTAC-1;G1_71_AGCGAGTCAAGTGTCT-1;G1_71_AGCGATACAAGCCATT-1;G1_71_AGCGATACAATACGGA-1;G1_71_AGCTATGTCATACCTC-1;G1_71_AGCTGTGGTGGTACTG-1;G1_71_AGGAATTCAAGCAGTA-1;G1_71_AGGACCAAGCGTCATA-1;G1_71_AGGACCCGTCAATCCC-1;G1_71_AGGACGGGTAATCCCC-1;G1_71_AGGACGGGTGGTCAGC-1;G1_71_AGGACTACACGTAACT-1;G1_71_AGGAGTTAGGCTATTG-1;G1_71_AGGATAGGTGCAAGCC-1;G1_71_AGGCCCGGTGTTCGCT-1;G1_71_AGGCGACAGGGTACGA-1;G1_71_AGGCGCTGTGGGGTTC-1;G1_71_AGGGACATCGCGGTAT-1;G1_71_AGGGGAACACACAGCC-1;G1_71_AGGTACGAGGTCCTAA-1;G1_71_AGGTGTCTCACGCGTG-1;G1_71_AGGTTCTCAACGTGCC-1;G1_71_AGGTTTAGTCGTTCCG-1;G1_71_AGTACGACACGACCTA-1;G1_71_AGTACGCTCCCTCTAG-1;G1_71_AGTACTGTCCTAAACG-1;G1_71_AGTATGTTCAAAGTTC-1;G1_71_AGTCAATTCGTTGACA-1;G1_71_AGTCCCGAGGCATAGG-1;G1_71_AGTCTCGCAATGGGGT-1;G1_71_AGTGCCCCAGTGAAGC-1;G1_71_AGTGCTATCATAGTCG-1;G1_71_AGTGGGTCAACGTTCG-1;G1_71_AGTGTACGTAGAGATG-1;G1_71_AGTGTACGTGGGACCT-1;G1_71_AGTGTTAGTGTTCATT-1;G1_71_AGTGTTCCAAGGGGAA-1;G1_71_AGTTAAGAGGGAATTA-1;G1_71_AGTTGTGTCACTCGCC-1;G1_71_AGTTTAATCATGGCTA-1;G1_71_AGTTTCGAGCGTGTCG-1;G1_71_AGTTTGGTCGTGGCAT-1;G1_71_ATAAGACCAATAGGCA-1;G1_71_ATACCCAAGGTCTCCC-1;G1_71_ATACCCCGTGGGTGCT-1;G1_71_ATACGGGAGGTAAATG-1;G1_71_ATAGCAGCACCTGCAA-1;G1_71_ATAGCGACACGCGAAG-1;G1_71_ATAGGCGAGCGTCTCC-1;G1_71_ATAGGGTAGGTATTCG-1;G1_71_ATATGGCGTGCGCTGG-1;G1_71_ATATGTGGTCTCGCCA-1;G1_71_ATATTGGGTAAGGTTC-1;G1_71_ATCAATGGTCGGCTCC-1;G1_71_ATCACCCGTCCAGTTC-1;G1_71_ATCACTCTCGTGTCAA-1;G1_71_ATCAGCGGTGGTCTCT-1;G1_71_ATCATCGAGCGTAATT-1;G1_71_ATCATCGAGCTGTTGA-1;G1_71_ATCATCTGTAGTCAGT-1;G1_71_ATCCAATAGCTAAATC-1;G1_71_ATCCAGGGTCGCAGTA-1;G1_71_ATCCCAAAGGCTACCG-1;G1_71_ATCCGAGGTGGCTATG-1;G1_71_ATCCTACTCAACCCAA-1;G1_71_ATCGACATCACTCGTT-1;G1_71_ATCGGAGAGGTCAATT-1;G1_71_ATCGGCGTCCATTGCT-1;G1_71_ATCGTATAGAGAATTG-1;G1_71_ATCTTCGGTAGGGGCA-1;G1_71_ATCTTGGAGCAACAGG-1;G1_71_ATGAAACCAGGTTAGA-1;G1_71_ATGACCATCCAATTAA-1;G1_71_ATGATGTTCAGTTGTG-1;G1_71_ATGATGTTCCCTTTGG-1;G1_71_ATGCATTAGGGCCATT-1;G1_71_ATGCCGAGTATCCTGC-1;G1_71_ATGCCGCCACCTCAGA-1;G1_71_ATGCGAACAAGCGAGT-1;G1_71_ATGCTTACAATTATCG-1;G1_71_ATGGCACTCACACCTT-1;G1_71_ATGGCGTTCCGGACAT-1;G1_71_ATGGCTATCAGGACTC-1;G1_71_ATGGGCCGTCAAGTTA-1;G1_71_ATGGGCTTCGTCGCTC-1;G1_71_ATGGGTGAGATGTTCG-1;G1_71_ATGGTCGGTGCTGTCT-1;G1_71_ATGGTTGTCCAGTATG-1;G1_71_ATGTAACTCGTCTTCG-1;G1_71_ATGTAGTTCATGCAAT-1;G1_71_ATGTATCAGACCCACG-1;G1_71_ATGTCCGCACCAATAC-1;G1_71_ATGTCGGGTATACGTA-1;G1_71_ATGTGAAAGACAATGA-1;G1_71_ATGTGAGCAGTAAAGT-1;G1_71_ATGTGTCCAAACTACC-1;G1_71_ATGTTAATCATGCAGC-1;G1_71_ATTAACTCAAGTTAGG-1;G1_71_ATTAAGACAATGGACA-1;G1_71_ATTATGCAGCACTCCC-1;G1_71_ATTCAACAGACAATGA-1;G1_71_ATTCAGTAGGTATGTT-1;G1_71_ATTCGTACAAACCCAT-1;G1_71_ATTGCTCTCCTCCATG-1;G1_71_ATTGCTCTCGCGCGTA-1;G1_71_ATTGTGTAGCTGTTGA-1;G1_71_CAACACATCGGTGCAT-1;G1_71_CAACATTAGGGCTAGA-1;G1_71_CAACATTAGGTCCCGA-1;G1_71_CAACCTCGTCTAAATG-1;G1_71_CAAGACCTCAAACTAC-1;G1_71_CAAGGGTCAGGGCAAT-1;G1_71_CAATACTAGCAAATTC-1;G1_71_CAATGGGAGCTATCAG-1;G1_71_CAATGGGAGGTGCCCA-1;G1_71_CAATGTCCACTATCCC-1;G1_71_CAATTCCTCGCAGTGT-1;G1_71_CACAGGTTCACTCGCC-1;G1_71_CACATCAAGACCCTTT-1;G1_71_CACCACGAGCAAGTTT-1;G1_71_CACCATTTCAGGCTTA-1;G1_71_CACCATTTCAGGTGTC-1;G1_71_CACCCAACACTTGACG-1;G1_71_CACCCATGTCGCACCC-1;G1_71_CACCTAAAGGTCGAAG-1;G1_71_CACCTATTCAAGCTAT-1;G1_71_CACGCCCGTGGATTGT-1;G1_71_CACGGCGGTGGTACTG-1;G1_71_CACGTCGAGGTAATTC-1;G1_71_CACTACAAGACCCCAG-1;G1_71_CAGCCATAGGCCATGT-1;G1_71_CAGCCTCTCAGCGCCA-1;G1_71_CAGCGTCCAAAACCGA-1;G1_71_CAGCTTCGTACTAATG-1;G1_71_CAGGGTCGTGCGTATG-1;G1_71_CAGGTCCCACTCTAGG-1;G1_71_CAGGTGCGTGCTTTCA-1;G1_71_CAGGTTATCCATGCTT-1;G1_71_CAGTACATCGTTCGTT-1;G1_71_CAGTCGCCAAAAGCAT-1;G1_71_CAGTGGGCACGCCATA-1;G1_71_CATAAGTTCAGTCCTT-1;G1_71_CATAGAGCAACAGGAC-1;G1_71_CATCACGCAGCGCTAC-1;G1_71_CATCATTGTAATCTCT-1;G1_71_CATCGCTGTCGGCTCC-1;G1_71_CATGGCGTCCGTTCGC-1;G1_71_CATGGGGCAGCCATAT-1;G1_71_CATGTCCGTAGCGTTG-1;G1_71_CATGTCGCAATACCCG-1;G1_71_CATGTGGGTAAATGGG-1;G1_71_CCAAATGTCAAAGCCC-1;G1_71_CCAACCCTCGCTAATG-1;G1_71_CCAAGGGCAACAATGG-1;G1_71_CCAATACCAACCCTAG-1;G1_71_CCAATATAGAAACGCG-1;G1_71_CCACAGCCACTATTCT-1;G1_71_CCACATTTCGCGCCTT-1;G1_71_CCACCTATCAAACTTA-1;G1_71_CCACTTGTCAGAGTAA-1;G1_71_CCAGAATGTCATAGTA-1;G1_71_CCAGCTTGTGTGTCAG-1;G1_71_CCATAGGGTATGCAGT-1;G1_71_CCATATTGTAAGTTGC-1;G1_71_CCATGACAGCCTAAGC-1;G1_71_CCATGCCTCGCATAGC-1;G1_71_CCATGCTGTCCAGCCC-1;G1_71_CCATTACTCAAAGGTA-1;G1_71_CCATTTGGTAGTCTGG-1;G1_71_CCCAATTTCATATGTA-1;G1_71_CCCACAACAGTGTAAG-1;G1_71_CCCACTATCCCCATTG-1;G1_71_CCCATGTGTCTTGGAG-1;G1_71_CCCTAAGCAACACAGA-1;G1_71_CCCTATCCACACCTCT-1;G1_71_CCCTCTCGTAACATGC-1;G1_71_CCCTTCGCAGGACCTC-1;G1_71_CCCTTGCAGGGAGATT-1;G1_71_CCGAATATCCCTTCGA-1;G1_71_CCGAATTCAAGCATTC-1;G1_71_CCGAATTCAATGCTCG-1;G1_71_CCGACAAGTGCCCCGT-1;G1_71_CCGACAAGTGTCGAAT-1;G1_71_CCGACACCACATAGAG-1;G1_71_CCGATAGGTGCTTAGG-1;G1_71_CCGCCAAAGGCTCAAC-1;G1_71_CCGCTGTTCACGAACC-1;G1_71_CCGGATTAGCTTGTGA-1;G1_71_CCGGCTTTCCCATACT-1;G1_71_CCGTAAATCATCGACA-1;G1_71_CCGTAGTAGCAAGCTC-1;G1_71_CCGTTAAAGATTCACG-1;G1_71_CCTAAAGTCGGATTGC-1;G1_71_CCTAACGCAGCGTGCT-1;G1_71_CCTACATTCACTCCAT-1;G1_71_CCTACGTGTATCTTGT-1;G1_71_CCTAGCTGTGCTTAGG-1;G1_71_CCTAGGCCAATGTCCG-1;G1_71_CCTATGAAGGTAGGGC-1;G1_71_CCTATTCAGCTCACCC-1;G1_71_CCTCGAACACGGAAAC-1;G1_71_CCTCTGGGTGGAACCC-1;G1_71_CCTGTAGCAATATTAC-1;G1_71_CCTTAGCGTACAGGCC-1;G1_71_CCTTAGCGTGTAAAGG-1;G1_71_CCTTCTACAAATTGGG-1;G1_71_CCTTTAGGTATCCCTA-1;G1_71_CCTTTCGAGCAACCCG-1;G1_71_CCTTTGAGTAACCGTG-1;G1_71_CCTTTGAGTATGGCCA-1;G1_71_CGAAACCTCAATATTG-1;G1_71_CGAACGAAGACTGATT-1;G1_71_CGAAGATAGCCTTAGA-1;G1_71_CGAATTTAGATACGAA-1;G1_71_CGAATTTAGCAGTATT-1;G1_71_CGATAATTCATGGTAT-1;G1_71_CGATGTTCAACGTCCA-1;G1_71_CGATTGGGTGTCCGCC-1;G1_71_CGCACCCGTCCCTGAT-1;G1_71_CGCAGCATCCTACTTA-1;G1_71_CGCATAATCACCAATG-1;G1_71_CGCATGGTCCGTATCT-1;G1_71_CGCCCGTGTGGGACCT-1;G1_71_CGCGCTCGTCGGCTCC-1;G1_71_CGCTACCTCGCTGTAA-1;G1_71_CGCTCTATCCTATGCT-1;G1_71_CGCTGATAGGGCGGAT-1;G1_71_CGGAAAGTCCCTGTCA-1;G1_71_CGGAATCTCATACCTC-1;G1_71_CGGCAATTCGTGCTCC-1;G1_71_CGGCACATCACGGTGT-1;G1_71_CGGCTTGAGCGGCCTA-1;G1_71_CGGGCTATCGTATCAG-1;G1_71_CGGGTTTAGACTTAAC-1;G1_71_CGGTGTCCAAATGAAC-1;G1_71_CGGTGTCCAACTATAT-1;G1_71_CGGTTAGGTACATTCT-1;G1_71_CGTACTTTCGGTTCAA-1;G1_71_CGTAGCTAGCGTTACA-1;G1_71_CGTCAACAGATGTTCG-1;G1_71_CGTCAATCAATCTGAC-1;G1_71_CGTCTAGCAGCGTGCT-1;G1_71_CGTCTGTGTACTTGCC-1;G1_71_CGTCTTAGTATGGTCG-1;G1_71_CGTGAGAAGATCCACA-1;G1_71_CGTGAGAAGCGCTTGG-1;G1_71_CGTTACAAGCTTAGGC-1;G1_71_CGTTACTTCCCGCCAT-1;G1_71_CGTTAGGGTCGCATTC-1;G1_71_CGTTCAGCAACACAGA-1;G1_71_CTAAAGTTCAGTTGTG-1;G1_71_CTAAAGTTCGCCACTC-1;G1_71_CTAAGCCAGCCATCAA-1;G1_71_CTAAGGACACCTGCTT-1;G1_71_CTACGCGAGCTTCTAC-1;G1_71_CTACTGAAGAATATCC-1;G1_71_CTACTGCGTCATTATC-1;G1_71_CTACTGCGTGTCCCGC-1;G1_71_CTAGCCCTCGTTAAGT-1;G1_71_CTAGCGCCAACAACAG-1;G1_71_CTAGGGGCAGGTTAGA-1;G1_71_CTAGTCAAGCGTTGCG-1;G1_71_CTAGTCTTCCCAAATG-1;G1_71_CTAGTTCTCGGAGCTT-1;G1_71_CTATACACAGGATTAG-1;G1_71_CTATCCCCAGCTTCGA-1;G1_71_CTATCTTCACAAGCGG-1;G1_71_CTATTGTGTAAACGCT-1;G1_71_CTCACGCTCCCTGAAA-1;G1_71_CTCAGCGAGGTGGGTA-1;G1_71_CTCAGGTAGAGGGTGC-1;G1_71_CTCATGAAGCGCTGCA-1;G1_71_CTCCAGCTCATCGCTT-1;G1_71_CTCGGACCAATATGTT-1;G1_71_CTCGGTACAGCCCTAA-1;G1_71_CTCGTCATCGGTAATT-1;G1_71_CTCTAGCGTCCTATGC-1;G1_71_CTCTAGGCACCACGTA-1;G1_71_CTCTCCGCAGTATGGA-1;G1_71_CTCTGATTCCTCGCTA-1;G1_71_CTCTGCATCAAGCTCA-1;G1_71_CTCTGGCTCGGTGTCG-1;G1_71_CTCTGGGAGCACGTAC-1;G1_71_CTGACGTAGAACGAAC-1;G1_71_CTGATAAGTGGACGGA-1;G1_71_CTGATATAGATCGCGT-1;G1_71_CTGCACACAAGTAACG-1;G1_71_CTGCATCGTGCACGTA-1;G1_71_CTGCGCCGTGTTCGCT-1;G1_71_CTGGAGGCAGCATCAT-1;G1_71_CTGGGCATCCCAGCTC-1;G1_71_CTGGGGACACATAGCT-1;G1_71_CTGTACGCAACTGGAA-1;G1_71_CTGTATCTCAGTACTG-1;G1_71_CTGTATGAGCAGTAGG-1;G1_71_CTGTGGAGTCTGGTCT-1;G1_71_CTGTTACTCGTAGTGC-1;G1_71_CTGTTCGTCCTGTCAT-1;G1_71_CTGTTGAAGCGCATAC-1;G1_71_CTTAAATCAAGCAAAT-1;G1_71_CTTAGTTGTATCCGTC-1;G1_71_CTTAGTTGTCATCATT-1;G1_71_CTTAGTTGTCTGGCTT-1;G1_71_CTTATAGCACACAGCC-1;G1_71_CTTCATATCGCGCGTA-1;G1_71_CTTCATTCACTAGCAT-1;G1_71_CTTCTATCACTAACGT-1;G1_71_CTTCTCACAATAAGTA-1;G1_71_CTTGTCAGTACGAGTT-1;G1_71_CTTGTCAGTATCTGCC-1;G1_71_CTTGTGAAGGTTAGCC-1;G1_71_GCAAACCTCCTCTGGC-1;G1_71_GCAATATTCAGCCGTG-1;G1_71_GCACAAGAGCACAAGG-1;G1_71_GCACCTCTCGGATTGC-1;G1_71_GCACGGACAGCTTTAA-1;G1_71_GCACGTGTCCGGGTCA-1;G1_71_GCACGTGTCGTACATG-1;G1_71_GCAGGATCACCAGGCT-1;G1_71_GCATCAATCACAACCA-1;G1_71_GCATGGTTCCGATCGG-1;G1_71_GCCAAATGTCGTCGGG-1;G1_71_GCCAAATGTGTGCATG-1;G1_71_GCCACTCTCGGTTTAG-1;G1_71_GCCATCGAGCTGCTAA-1;G1_71_GCCATTCGTACGTTGG-1;G1_71_GCCTACCTCGTATAAC-1;G1_71_GCCTGATAGCCGCGTA-1;G1_71_GCGAATACACAATTCA-1;G1_71_GCGATAGAGACATGTT-1;G1_71_GCGATGCGTCTAACCC-1;G1_71_GCGATGCGTGTGCCCC-1;G1_71_GCGATGTTCGGGCATT-1;G1_71_GCGTAGAAGGCATGGA-1;G1_71_GCGTCAGTCATGGCTA-1;G1_71_GCGTCTACAAATCTAT-1;G1_71_GCTACACAGGCGATAG-1;G1_71_GCTACATCAAAAGCAT-1;G1_71_GCTAGGCGTCTCGTCG-1;G1_71_GCTAGGGCAGTGCGAG-1;G1_71_GCTATCTTCGGAAACG-1;G1_71_GCTATGGGTCACACTC-1;G1_71_GCTCATAAGATTATGC-1;G1_71_GCTCCTGGTCGTTCTA-1;G1_71_GCTCGTGAGCCGCTGA-1;G1_71_GCTCTAAAGACCAGAG-1;G1_71_GCTGGAAAGCTATCGA-1;G1_71_GCTGTATCAATTGTAT-1;G1_71_GCTGTGGTCATGCGTA-1;G1_71_GCTTAAGTCATTGTGG-1;G1_71_GCTTATGAGGCCATCG-1;G1_71_GCTTCAGCAGTGATAG-1;G1_71_GCTTCGTGTCTCGAAG-1;G1_71_GGAAACTAGGCGGAGT-1;G1_71_GGAAAGGCAGCTTACG-1;G1_71_GGAACGTCAAAGTAAC-1;G1_71_GGAACGTCAGTGCGGA-1;G1_71_GGAAGCATCGTAGCAC-1;G1_71_GGAATGTAGCTAGGTC-1;G1_71_GGACAACCAGCAACTT-1;G1_71_GGACACAAGGCTCATA-1;G1_71_GGACGTTTCCTTCTAA-1;G1_71_GGACGTTTCGCGTCAG-1;G1_71_GGACTTATCGTTCGTT-1;G1_71_GGAGCAGGTCTTGGTC-1;G1_71_GGATGATAGCTCGTTT-1;G1_71_GGATGATAGGTAGAAC-1;G1_71_GGCAATACAAAGTACG-1;G1_71_GGCAATCTCACTTGTC-1;G1_71_GGCATGCGTACGTCTC-1;G1_71_GGCGCTATCCGGTCCT-1;G1_71_GGCGGTTGTCATGTCC-1;G1_71_GGCTTGGTCCCCATTG-1;G1_71_GGGACCTGTGTGTCAG-1;G1_71_GGGACTCGTCACGCCC-1;G1_71_GGGAGTGGTGGACTGC-1;G1_71_GGGTAATAGGTTATGT-1;G1_71_GGGTCCATCGTTCACT-1;G1_71_GGGTCTAGTGGGTGCT-1;G1_71_GGGTGAGGTCAACCTC-1;G1_71_GGTAAGCCACTTCATT-1;G1_71_GGTAATCGTAAGTTGC-1;G1_71_GGTAATTTCAGGGCAA-1;G1_71_GGTACAACACTGGGAG-1;G1_71_GGTCGTCCAGCGCTTA-1;G1_71_GGTGAATAGCCTACGG-1;G1_71_GGTGTTCAGATGGGTG-1;G1_71_GGTTACTCAGTACTTA-1;G1_71_GGTTAGCTCGCCCTAC-1;G1_71_GGTTGTATCCGTCGCT-1;G1_71_GTAAATCTCACTGTTC-1;G1_71_GTAACTGTCCCAGCTC-1;G1_71_GTAAGATCACATTGGT-1;G1_71_GTAAGGAGTAAAGTGG-1;G1_71_GTAAGGAGTGTTGGAT-1;G1_71_GTACCCTGTCTCGGTT-1;G1_71_GTAGGCAAGCTAGATT-1;G1_71_GTAGTCATCAAATGTC-1;G1_71_GTATCGGGTGGATATC-1;G1_71_GTATGCATCCACCCAC-1;G1_71_GTATGCATCCGGCACA-1;G1_71_GTATGCATCGTGGCAT-1;G1_71_GTCAACATCCTCCGAC-1;G1_71_GTCACGCCAGTGACCC-1;G1_71_GTCATGGGTCATTAAG-1;G1_71_GTCCCATGTCCGAATG-1;G1_71_GTCCGATAGGGCATAG-1;G1_71_GTCCTCTCAATTCAGC-1;G1_71_GTCGAGTTCATCAATA-1;G1_71_GTCGCATAGCTGTACA-1;G1_71_GTCGTCTGTAGCGGTC-1;G1_71_GTCTATGAGCACAATT-1;G1_71_GTCTCCGGTACCCGTT-1;G1_71_GTCTGTAAGGCGTAGA-1;G1_71_GTGACTATCAAACCAT-1;G1_71_GTGACTATCCTGGGTG-1;G1_71_GTGATTTAGAACCCAC-1;G1_71_GTGCCTTGTCATTTCG-1;G1_71_GTGCGAAAGAACGTGG-1;G1_71_GTGCGAGCACAGTAAG-1;G1_71_GTGCGAGCAGGTAAAT-1;G1_71_GTGCGGACAGGTGCGA-1;G1_71_GTGCTGTAGGGGAGCT-1;G1_71_GTGGACGCAGCAGGCA-1;G1_71_GTGTAAGCAAACACTC-1;G1_71_GTGTAGTGTGGTCTAG-1;G1_71_GTGTCGGTCAGCCTCC-1;G1_71_GTTAGGTGTCCGATAG-1;G1_71_GTTCACGCACTCGCAA-1;G1_71_GTTCGCTGTGTGGCCG-1;G1_71_GTTCGGGTCGTGACTA-1;G1_71_GTTCTCAGTAACGCCA-1;G1_71_GTTGAAGCACATGCGC-1;G1_71_GTTGGAGAGCGTGGTT-1;G1_71_GTTGGCGTCAACATTA-1;G1_71_GTTGGTCAGCCATGGT-1",577,"A_最高优先（显著扩增）","Ready","Multi_Allele"
"G1_84","CAVSANSGTYQRF_CASSIKTGGYAEQFF","TRAV3-3","TRBV19","CAVSANSGTYQRF","CASSIKTGGYAEQFF","TRAJ13","TRBJ2-1",263,"GEQVEQRPPHLSVREGDSAFITCTYT","DPNSYY","FFWYKQEPGASLQLLMK","VFSSTEI","NEGQGFTVLLNKKDKRLSLNLTAAHPGDSAAYF","GTGTKLQVVP","GGIITQTPKFLIGQEGQKLTLKCQQN","FNHDT","MYWYRQDSGKGLRLIYY","SITEND","LQKGDLSEGYDASREKKSSFSLTVTSAQKNEMAVFL","GPGTRLTVL","G1_84_AAACCCCAGGGACGAC-1;G1_84_AAACGTAAGGTGATTT-1;G1_84_AAACTAACAAGTCCGC-1;G1_84_AAAGCCTGTACGCTTC-1;G1_84_AAAGCTCGTGGTTAGT-1;G1_84_AACGGCAAGAGTATTC-1;G1_84_AACGTCGGTCGTCTTA-1;G1_84_AACTAGCGTACTTAAG-1;G1_84_AACTAGCGTGCGAGAG-1;G1_84_AAGGGTAGTCTCCGGC-1;G1_84_AAGTAACCAACGAACA-1;G1_84_AAGTCTAGTCGGTATG-1;G1_84_AATCGTGTCCGGTAAC-1;G1_84_AATCTCCTCCGATAGC-1;G1_84_AATCTGTAGCCGCGTA-1;G1_84_AATGACGCACAGGTAA-1;G1_84_AATGCGACAAATTGGG-1;G1_84_AATGTCAGTATCTGGG-1;G1_84_AATTACCAGACCCAAC-1;G1_84_ACAACATTCACTCCAT-1;G1_84_ACAAGACAGCAACAGG-1;G1_84_ACAGACGAGGCAACGA-1;G1_84_ACAGACGAGGTGTTAT-1;G1_84_ACAGCCTAGGCGTTTA-1;G1_84_ACAGGTTGTCAGGTTG-1;G1_84_ACATAACTCCGACTAA-1;G1_84_ACATAAGAGAACTCAT-1;G1_84_ACATCCCGTGGTAGGG-1;G1_84_ACATTAATCGTGTATG-1;G1_84_ACCATCCGTAAATTCG-1;G1_84_ACCATGCAGATCCTAG-1;G1_84_ACCCCAGAGGCGCTTG-1;G1_84_ACGAAGCCAATTCGTA-1;G1_84_ACGAAGCCACTTAAAT-1;G1_84_ACGACGAAGCAGCTGT-1;G1_84_ACGATGGAGAACAGAC-1;G1_84_ACGCGCTCAGTAGCGG-1;G1_84_ACGGCAAAGAACGATA-1;G1_84_ACGTCTCGTCATCGCT-1;G1_84_ACGTTGGGTCCTCTCC-1;G1_84_ACTACAAGTGTAGCGC-1;G1_84_ACTATCACAGTATTAT-1;G1_84_ACTCAGCAGCCTAATG-1;G1_84_ACTCCATTCGTACATG-1;G1_84_ACTCGCACACCAAGCC-1;G1_84_ACTTCATGTCGCTGGG-1;G1_84_ACTTCTGGTATGCAGT-1;G1_84_ACTTTCATCCGACTCC-1;G1_84_AGACGTTGTAGTTATG-1;G1_84_AGACTCATCATCGGCG-1;G1_84_AGCAAGCCAGTAGTAG-1;G1_84_AGCAGTTGTAACCGTG-1;G1_84_AGCCCATAGCACAATT-1;G1_84_AGCCCCAAGCCTGGTG-1;G1_84_AGCCTTCGTCACTTAT-1;G1_84_AGCGGAGGTCCATGCT-1;G1_84_AGCGTATGTGTGGTCA-1;G1_84_AGCTGGGCAAAACCTC-1;G1_84_AGCTTACCAGGAGTTA-1;G1_84_AGGAGTTAGGCAAGGC-1;G1_84_AGGATAGGTCCGAAAT-1;G1_84_AGGATTAAGCAATTGT-1;G1_84_AGGCTCAGTCATTAAG-1;G1_84_AGGCTCCCAACAGGGT-1;G1_84_AGGCTCGTCAAAGGTA-1;G1_84_AGGGATTAGCCAAACC-1;G1_84_AGGGTCTTCAGCCTCC-1;G1_84_AGTAATGAGCAATGTT-1;G1_84_AGTACTGTCACCTACT-1;G1_84_AGTCCAGGTACGGGCT-1;G1_84_AGTCCATCAATGACCT-1;G1_84_AGTCGCGTCCCTTTAA-1;G1_84_AGTTATATCAGTACTG-1;G1_84_AGTTTACAGCCATGAC-1;G1_84_ATAACACTCAGGCTTA-1;G1_84_ATAACTTCAGGGGCTA-1;G1_84_ATAAGCTTCGCGCGTA-1;G1_84_ATAAGTACAACGAGAC-1;G1_84_ATCACGGGTACCTAGG-1;G1_84_ATCACTCTCATTGGCA-1;G1_84_ATCATCGAGAAACGTA-1;G1_84_ATCATCTGTGGTATTA-1;G1_84_ATCCCGACACTAAGCT-1;G1_84_ATCCTATGTGGGTATT-1;G1_84_ATCGACCAGCCTTAGA-1;G1_84_ATCGCGGTCAGCACGT-1;G1_84_ATCGGTCAGAGAGGAA-1;G1_84_ATGCAGCTCCAACTTC-1;G1_84_ATGCCGCCAAGTCCAT-1;G1_84_ATGCGTATCAGGGTCT-1;G1_84_ATGCTCAAGGCTCTAA-1;G1_84_ATGGAGTAGCGCCACA-1;G1_84_ATGTGGCTCACCAAGC-1;G1_84_ATGTTCGAGGTGATTT-1;G1_84_ATTACCACAAGGAATT-1;G1_84_ATTACCGAGATCACAT-1;G1_84_ATTACCGAGCGCATTA-1;G1_84_ATTCGGGGTGCCCCTA-1;G1_84_ATTGGTTAGACAACGG-1;G1_84_CAAGCCCCACAATACC-1;G1_84_CAAGCTATCCAAATTA-1;G1_84_CAATCAGTCGCAATTG-1;G1_84_CAATCCCGTATGGGTT-1;G1_84_CAATCGGGTCCTATGC-1;G1_84_CACAAGCTCGTACCTT-1;G1_84_CACACCCTCATCGGCG-1;G1_84_CACCCAGAGAGACGCA-1;G1_84_CACCTCCAGAATGTTC-1;G1_84_CACTCTCCAACAGGAC-1;G1_84_CACTGTAAGGGCGGAT-1;G1_84_CACTTCGTCGTCGCTC-1;G1_84_CAGCATATCAGTCGCG-1;G1_84_CAGTCCGAGCCGATTA-1;G1_84_CATAATCAGATGTTCG-1;G1_84_CATAGCCAGGGCTGAA-1;G1_84_CATAGCGGTCTACTGC-1;G1_84_CATAGTCCAATGCCGC-1;G1_84_CATCATCTCACTTCTA-1;G1_84_CATCTGTTCCACGTAA-1;G1_84_CATTCGTTCCAGTAAT-1;G1_84_CATTCTATCAATGGTT-1;G1_84_CCAAAGTGTCTAGCTC-1;G1_84_CCAAGATGTATATTGG-1;G1_84_CCAATAGTCGGCTAAC-1;G1_84_CCAATTACAATTGCTA-1;G1_84_CCACGATAGCAACCGT-1;G1_84_CCAGAATGTCACCCTG-1;G1_84_CCAGAGAAGAGGGGTC-1;G1_84_CCAGTAATCCTAGGGT-1;G1_84_CCATCATTCCCGACTC-1;G1_84_CCCAAGTAGCCTGCAG-1;G1_84_CCCAAGTAGCGGGTTT-1;G1_84_CCCAATCGTCGTACAG-1;G1_84_CCCTAGGAGCCGTGAT-1;G1_84_CCCTGTGGTGTCTTCA-1;G1_84_CCCTTATAGGCTCAAC-1;G1_84_CCGAAATGTCGATAGT-1;G1_84_CCGCAGTCACATGATC-1;G1_84_CCGCATACAAGTAAAC-1;G1_84_CCGGCTTTCACTATAA-1;G1_84_CCGTAGTAGGTTAATC-1;G1_84_CCGTATAAGGGGTAAT-1;G1_84_CCGTCAACAACACTTA-1;G1_84_CCTAGATCACCGCATA-1;G1_84_CCTAGCTGTCAGCCTT-1;G1_84_CCTCAGACAGTTGATC-1;G1_84_CCTCGATGTCCGCTAT-1;G1_84_CGACAAGAGCTAGTTG-1;G1_84_CGATGATGTGTGGTCA-1;G1_84_CGCAGCTCAAGTTACC-1;G1_84_CGCAGGACAACCATAC-1;G1_84_CGCATCGAGAGAATCA-1;G1_84_CGCATTAAGCATCGAC-1;G1_84_CGCCATTGTGGGTTAT-1;G1_84_CGCGAAGCAGCTTACG-1;G1_84_CGCGCATCAGTACAAG-1;G1_84_CGCGTCCGTGGCTTAG-1;G1_84_CGCTATAAGAATTGTC-1;G1_84_CGCTCGAAGAGACATA-1;G1_84_CGGAATTGTAAGGTCT-1;G1_84_CGGTTAGGTCGCGCTC-1;G1_84_CGTAGAACAGTGAAGC-1;G1_84_CGTCTAGCACGCAGTC-1;G1_84_CGTGGTTAGAGACGAT-1;G1_84_CGTTAAAGTCGAGTGC-1;G1_84_CGTTGTAAGGCCACAT-1;G1_84_CTAAAGGCACATATCA-1;G1_84_CTAACGGGTCCTTGCG-1;G1_84_CTAACGTCACGTCTAG-1;G1_84_CTAACTCTCCAATCGA-1;G1_84_CTAACTCTCCATCATC-1;G1_84_CTACAGCAGATGGTTT-1;G1_84_CTACTGAAGATGGTAA-1;G1_84_CTAGGTGGTATGCCTC-1;G1_84_CTAGTAAGTGGCTTGA-1;G1_84_CTATAACAGGTCTGCG-1;G1_84_CTATACCTCCATCATC-1;G1_84_CTATAGCCAGGTTCGC-1;G1_84_CTATCCAGTCACATGG-1;G1_84_CTATCCAGTGGTTTAA-1;G1_84_CTATGTGAGCCGCCAA-1;G1_84_CTCATATGTAGTTAGC-1;G1_84_CTCGACACAATACCCG-1;G1_84_CTGACATCACGTAGGG-1;G1_84_CTGATTGAGAAGCGTG-1;G1_84_CTGCACGAGACTCCAA-1;G1_84_CTGCTTCCAACACAAG-1;G1_84_CTGGCACCAATGACGA-1;G1_84_CTGGGAGCAACCTGCA-1;G1_84_CTGGGAGCACCAGTGC-1;G1_84_CTGGTAATCATGGTAT-1;G1_84_CTGTCGGAGCTGTACA-1;G1_84_CTTATAGCACAGGCGA-1;G1_84_CTTGTCAGTCTGACTC-1;G1_84_CTTGTCAGTCTGCATC-1;G1_84_CTTGTCGTCCAGCGCA-1;G1_84_GCAAAGTAGGCTAGAG-1;G1_84_GCAATCCAGCGATTGC-1;G1_84_GCAATCGGTATTGTAG-1;G1_84_GCACCCAAGCACTTAG-1;G1_84_GCACCCTTCACTATCC-1;G1_84_GCATTTACAACCCACA-1;G1_84_GCCATATCAATACGTC-1;G1_84_GCCCCAAAGGTGAGTG-1;G1_84_GCCTGCTTCGCCATAA-1;G1_84_GCGAAACCAGTACGAA-1;G1_84_GCGAGAGGTAGAATGG-1;G1_84_GCGCATTAGCATCAAT-1;G1_84_GCGCTACCAGCAAGAC-1;G1_84_GCGTAGGCAATCGACT-1;G1_84_GCTATCGCAGGCGACA-1;G1_84_GCTCCGTTCGGTGTTA-1;G1_84_GCTCCTGGTCTGTCTA-1;G1_84_GCTTAGGGTCGTAGGC-1;G1_84_GCTTCCCAGAGAGAGA-1;G1_84_GCTTTAACAACGAGAC-1;G1_84_GGAAATCAGAGCCCAT-1;G1_84_GGAATACAGGCACCAT-1;G1_84_GGAATTAAGCTCTGGG-1;G1_84_GGACATCTCCCACAGG-1;G1_84_GGAGCTCGTCGCTGCC-1;G1_84_GGATGGGGTGCTTGGA-1;G1_84_GGATTGCTCCCTGCTA-1;G1_84_GGCAAGGGTCCATGCT-1;G1_84_GGCAAGGGTGCTAGTG-1;G1_84_GGCCTTCTCAGTGAAA-1;G1_84_GGCGAAATCCACTACT-1;G1_84_GGCGTCATCCGATGGT-1;G1_84_GGCGTTCCACTTGACG-1;G1_84_GGGACGTAGCAAGTTT-1;G1_84_GGGCTAGCACCCAAGC-1;G1_84_GGGTCTAGTATGAGGA-1;G1_84_GGTAGCAAGCTAGTGC-1;G1_84_GGTAGCCGTGCAATCG-1;G1_84_GGTATTGTCAGTTTAA-1;G1_84_GGTCGTCCACCTCATC-1;G1_84_GGTGGTTTCCTATGCT-1;G1_84_GGTTAGACACAGGTCC-1;G1_84_GGTTGTATCGTTATAA-1;G1_84_GTAAGGTAGCTATGGC-1;G1_84_GTAATAGAGATCCACA-1;G1_84_GTAATGAAGGCAATTT-1;G1_84_GTATACGTCCTCTGCA-1;G1_84_GTATAGGCAACGAGAC-1;G1_84_GTATCTCTCCCTTTAA-1;G1_84_GTATGTCCAGCACGGA-1;G1_84_GTCACGTAGATATTGC-1;G1_84_GTCATCAAGCTGGGTT-1;G1_84_GTCCACACAGTGGGAT-1;G1_84_GTCCCTATCCTACTAC-1;G1_84_GTCCGCCGTGGTTTCC-1;G1_84_GTCGATGGTGGGTTTG-1;G1_84_GTCTTCAGTATACTAG-1;G1_84_GTGCTCACAAGAGGGA-1;G1_84_GTGGGCTGTCAGGGTC-1;G1_84_GTGTAGTGTCAAGGCC-1;G1_84_GTGTTCGCAATAAGGT-1;G1_84_GTGTTCGCAATGGGGT-1;G1_84_GTGTTCGCAGTAATCC-1;G1_84_GTTATGGTCCTTCTAA-1;G1_84_GTTCGTTTCGGATCCG-1;G1_84_GTTGCCCTCCTCCAAT-1;G1_84_GTTGCTTTCAGGAATA-1",263,"A_最高优先（显著扩增）","Ready","Single"
"G1_71","CAMRENQGGRALIF_CASSPGTGGTLYF","TRAV6-3","TRBV19","CAMRENQGGRALIF","CASSPGTGGTLYF","TRAJ15","TRBJ2-4",116,"GDSVIQMQGQVTLSENDFLFINCTYS","TTGYPT","LFWYVQYSGEGPQLLLQ","VTTANNK","GSSRGFEATYDKGTTSFHLQKTSVQEIDSAVYY","GTGTTVSVSP","GGIITQTPKFLIGQEGQKLTLKCQQN","FNHDT","MYWYRQDSGKGLRLIYY","SITEND","LQKGDLSEGYDASREKKSSFSLTVTSAQKNEMAVFL","GAGTRLSVL","G1_71_AAACCAGCACTAGCGC-1;G1_71_AAATGACCAGTTGGGG-1;G1_71_AACAGACAGCCTCACC-1;G1_71_AACGAACAGCCCTAGG-1;G1_71_AAGGTAATCGGGTATC-1;G1_71_AATGGCACAATTAACT-1;G1_71_AATGGGAGTACTATGA-1;G1_71_ACAAGGAGTAGCGTAT-1;G1_71_ACAGCCCCAATTAATC-1;G1_71_ACAGGTTGTCCTTGCG-1;G1_71_ACCACAATCGGATTGC-1;G1_71_ACCCAACAGACCCGCA-1;G1_71_ACCTTAGAGGTTCAGC-1;G1_71_ACGAAAGGTGTCGTCT-1;G1_71_ACGAACGAGCGAATTT-1;G1_71_ACGCCACCAGGTTCAT-1;G1_71_ACGCGAGCACACAGCC-1;G1_71_ACGTCCACAGGACGCA-1;G1_71_ACGTGGTTCGTCACCC-1;G1_71_ACTACGGGTCGGCTGG-1;G1_71_ACTATATCACTACTCC-1;G1_71_ACTCCGACAACGCACC-1;G1_71_ACTGTTCTCCGGTCCT-1;G1_71_AGACATAAGCGTAGAG-1;G1_71_AGACGCTTCGCACTCC-1;G1_71_AGCAGGGGTGCCTTCG-1;G1_71_AGCCCCTTCAAGCAAA-1;G1_71_AGCGACAAGCATGTAT-1;G1_71_AGCTTCGCAGGGTTAA-1;G1_71_AGGAAACTCAATGTGT-1;G1_71_AGGAAATGTAAACGGA-1;G1_71_AGGACCGCAGTTGAGA-1;G1_71_AGGCATTGTAGGCCCG-1;G1_71_AGGCGGTAGATTACCG-1;G1_71_AGGGTCTTCGTAGTGC-1;G1_71_AGGTTAGCAAACGCAA-1;G1_71_AGTCTGGGTACTACCC-1;G1_71_AGTCTGGGTCCCTGTG-1;G1_71_AGTTGCCAGAGTGTAA-1;G1_71_AGTTGGGAGCAATATC-1;G1_71_ATACAGAAGAGTAAGC-1;G1_71_ATAGCGTGTCAGCCCC-1;G1_71_ATCACCCGTCTGGCCC-1;G1_71_ATCATTGCAATCGACT-1;G1_71_ATCCACAAGACCCGAT-1;G1_71_ATCCCCGGTCAGGCGT-1;G1_71_ATGCATTAGCGTTCCC-1;G1_71_ATGTCCTTCGCATCGG-1;G1_71_ATTATCCGTCGTTAGG-1;G1_71_CAAATGGCACCGACAC-1;G1_71_CAACGTCAGGGAGCTA-1;G1_71_CAATGGACAATCCCGA-1;G1_71_CAATTCGAGATTCAGT-1;G1_71_CAATTGGTCACCCTGC-1;G1_71_CACCCACTCCATAACG-1;G1_71_CACGCGGGTCTAGCTC-1;G1_71_CACTAACCACCCAGAC-1;G1_71_CACTATTGTCCTGTAC-1;G1_71_CACTCAGCACTGTAAC-1;G1_71_CACTTAACAAAGGGGA-1;G1_71_CAGCGTTAGACCACGT-1;G1_71_CAGGATCTCAGTCCTT-1;G1_71_CATTCCGTCAGCCGTG-1;G1_71_CCATTTGGTGGACCGT-1;G1_71_CCCATAGCAGTACTTA-1;G1_71_CCGTCGCGTATATTCC-1;G1_71_CCTAAACCAACTCACG-1;G1_71_CCTACATTCATAGCAT-1;G1_71_CCTACCTCACTGCAAT-1;G1_71_CGAATGGAGGCGGATA-1;G1_71_CGACTAGGTCGAAGCC-1;G1_71_CGAGGCTGTACCACAG-1;G1_71_CGATGTATCCAATTGG-1;G1_71_CGATTACCAATTCGTA-1;G1_71_CGCTTCGGTGTGTTAA-1;G1_71_CTAAACGTCAACGGCT-1;G1_71_CTAAGGGAGCTACGAC-1;G1_71_CTAAGTCCACCCATTC-1;G1_71_CTAATACAGACAACGG-1;G1_71_CTAGTGGGTACTTGGG-1;G1_71_CTCCTTCTCATGTAAC-1;G1_71_CTGGGTTAGCCATCGG-1;G1_71_CTGTTATGTGGAATTC-1;G1_71_CTTGGGTAGACGAGGC-1;G1_71_GCAAGACCACACAACT-1;G1_71_GCACCTCTCGTCCAAA-1;G1_71_GCATGCCCAGGGTATA-1;G1_71_GCGAAGCAGCCTTTCG-1;G1_71_GCGCATTAGGCGTGAA-1;G1_71_GCTCAGTAGAGAATCA-1;G1_71_GCTCCACTCGTTGGCG-1;G1_71_GCTGTTAAGGTAAGAC-1;G1_71_GGAACTACAGGCGTTC-1;G1_71_GGAGTCTTCCTTGTCG-1;G1_71_GGCACGTGTCTATCGC-1;G1_71_GGCGCATGTCAATTCT-1;G1_71_GGCTAATGTCAAGTTA-1;G1_71_GGCTGAAAGGTTGGAG-1;G1_71_GGGCTATTCCCATAAG-1;G1_71_GGGGTCTGTACCTCCG-1;G1_71_GGGTGTAAGCTGGTTA-1;G1_71_GGTGCCGGTGGACGCT-1;G1_71_GGTTATAGTCCAACCT-1;G1_71_GGTTCAATCCCATCGC-1;G1_71_GTACATGTCCAAGTGC-1;G1_71_GTACTCCGTGTTCGTC-1;G1_71_GTACTCGCACATTGGT-1;G1_71_GTACTCGCACCGCATA-1;G1_71_GTAGCATGTAGGCGCT-1;G1_71_GTATGGACAAGCAGTA-1;G1_71_GTATGTTAGATTGTGT-1;G1_71_GTCCGGGGTGTTGCGA-1;G1_71_GTCTGAGGTAAATCTG-1;G1_71_GTGTATGTCATAGTCG-1;G1_71_GTTAATTCAACGTCGC-1;G1_71_GTTGCGTAGAGGGATT-1",116,"A_最高优先（显著扩增）","Ready","Single"
"G1_87","CAVSANSGTYQRF_CASSMKTGGYAEQFF","TRAV3-3","TRBV19","CAVSANSGTYQRF","CASSMKTGGYAEQFF","TRAJ13","TRBJ2-1",74,"GEQVEQRPPHLSVREGDSAFITCTYT","DPNSYY","FFWYKQEPGASLQLLMK","VFSSTEI","NEGQGFTVLLNKKDKRLSLNLTAAHPGDSAAYF","GTGTKLQVVP","GGIITQTPKFLIGQEGQKLTLKCQQN","FNHDT","MYWYRQDSGKGLRLIYY","SITEND","LQKGDLSEGYDASREKKSSFSLTVTSAQKNEMAVFL","GPGTRLTVL","G1_87_AAACCAAAGCGATTTG-1;G1_87_AAACGCTGTAAGGGAC-1;G1_87_AACCGTGGTATCGAGT-1;G1_87_AACGTTCCAACTTCAA-1;G1_87_AACTGAAAGGGGTACA-1;G1_87_AAGCTTCCAAAGTCTC-1;G1_87_AATATTCCAACGGGAT-1;G1_87_ACAATGAAGCCACTTT-1;G1_87_ACAATTTCACCTTACC-1;G1_87_ACAGCCTAGCACAGCT-1;G1_87_ACATGTTAGGCATGGA-1;G1_87_ACATTAATCCTAGTCT-1;G1_87_ACCCTAGCAACTTCGG-1;G1_87_ACCTTAGAGCGTGCAT-1;G1_87_ACTCGCTGTAGGCAGG-1;G1_87_ACTGCAATCCTAGGGT-1;G1_87_ACTTAATCACACGCAC-1;G1_87_AGCCCATAGGCGCATT-1;G1_87_AGGAAACTCACTGTTC-1;G1_87_AGGCCCGGTGGCCTGG-1;G1_87_ATAGCATTCGTAGTTG-1;G1_87_ATCAATGGTCGGTTAG-1;G1_87_ATCAGCGGTAGCGGTC-1;G1_87_ATCGGGGCACTGGAGG-1;G1_87_ATGAGGTAGGCGGATA-1;G1_87_ATGGTTAGTCTCTAGC-1;G1_87_ATGTGTCCAGGTAAGC-1;G1_87_ATGTGTTAGAGAGTTA-1;G1_87_ATTCAGAGTAGCGTCA-1;G1_87_CAAAGCTGTCGTCTTA-1;G1_87_CAAGCGAAGGCAGGGT-1;G1_87_CAATCGATCCTGTTAC-1;G1_87_CACAGCAGTGGGAGAT-1;G1_87_CACTCAGCAAATTGAA-1;G1_87_CACTCTGTCCTAAACG-1;G1_87_CACTGTAAGAGCGGAC-1;G1_87_CCAATACCAAGGAGGA-1;G1_87_CCACCTATCAAGGGGC-1;G1_87_CCCACAGAGGTAACCC-1;G1_87_CCGAAATGTGTCCGCC-1;G1_87_CCGCCAAAGATGGGCA-1;G1_87_CCGGCAATCGCATCGG-1;G1_87_CCTCTTACAGGGACAT-1;G1_87_CGAATGCTCATGACCA-1;G1_87_CGATGTTCAAAGTCTC-1;G1_87_CGGGATTTCATGTCGA-1;G1_87_CGTCTGTGTGCTGCCC-1;G1_87_CGTGCCCGTCAGCTCT-1;G1_87_CTCGCTGGTGCTGGGT-1;G1_87_CTCGGTTGTCATGGAT-1;G1_87_CTTAAATCACGAACGG-1;G1_87_CTTGATTGTATGCGCA-1;G1_87_GCATTAGTCGGTGTTA-1;G1_87_GCGTAGAAGAACGAAC-1;G1_87_GCGTCATAGAAGGCTG-1;G1_87_GCTACCTGTCATCTTG-1;G1_87_GCTAGGGCACTTAGCG-1;G1_87_GGAGTATAGGGAGATT-1;G1_87_GGGACCTGTCACACCT-1;G1_87_GGGACTCGTGCTCGTT-1;G1_87_GGGTTCGTCATCCTAC-1;G1_87_GGTAGCAAGAGTAAGC-1;G1_87_GGTAGGCAGACTGCAC-1;G1_87_GTATGCTCACATAACC-1;G1_87_GTCGTAATCATGCTTC-1;G1_87_GTCTGCACACTTATCT-1;G1_87_GTTAATCAGGTTATGT-1;G1_87_GTTACCGCAAGTCTCG-1;G1_87_GTTACTTGTATACAGC-1;G1_87_GTTCACGCACCACACA-1;G1_87_GTTCGCTGTGGAACCC-1;G1_87_GTTCGGGTCGTGATAT-1;G1_87_GTTGCAGGTGGGCGTT-1;G1_87_GTTGTCTTCGTCGAAC-1",74,"A_最高优先（显著扩增）","Ready","Single"
"G1_87","CAARGGYQNFYF_CASGDVGADSDYTF","TRAV4-2","TRBV12-2+TRBV13-2","CAARGGYQNFYF","CASGDVGADSDYTF","TRAJ49","TRBJ1-2",64,"GMPVEQNPPALSLYEGADSGLRCNFS","TTMKS","VQWFQQNHRGRLITLFY","LAQGT","KENGRLKSTFNSKERYSTLHIKDAQLEDSGTYF","GKGTSLTVIP","EAAVTQSPRNKVAVTGGKVTLSCNQT","NNHNN","MYWYRQDTGHGLRLIHY","SYGAGS","TEKGDIPDGYKASRPSQENFSLILELATPSQTSVYF","GSGTRLLVI","G1_87_AAACCCCAGAAGGTGT-1;G1_87_AAACTAGAGGGGTACA-1;G1_87_AAACTGCGTACCCTTA-1;G1_87_AAACTGCGTGTTAGGT-1;G1_87_AAAGTGCAGGGACGGT-1;G1_87_AACTGCATCGCGGTTG-1;G1_87_AAGGTTAAGGGCTCAT-1;G1_87_AATTTCGCAGCTTCAG-1;G1_87_ACAAGTCGTACATCCC-1;G1_87_ACACGGAAGCACCACG-1;G1_87_ACAGGTTGTAGTTGCG-1;G1_87_ACGATAGCACGGTATT-1;G1_87_ACGTTCGCAATGGTCT-1;G1_87_ACTACCCGTGCCATTC-1;G1_87_ACTCAGCAGCGATGGA-1;G1_87_ACTGCGCCAACCTATA-1;G1_87_ACTTACCTCCACATCT-1;G1_87_ACTTCTATCCGACTCC-1;G1_87_AGAGATGGTGTGTCGA-1;G1_87_AGCGGTAAGAAATCAG-1;G1_87_AGCGTAGAGCAAAGCG-1;G1_87_ATCAGGACAGCGCACT-1;G1_87_ATCCAATAGCAAAGTA-1;G1_87_ATCCGAGGTCGGTTAG-1;G1_87_ATCCTGAAGATAGCGG-1;G1_87_ATGCCGAGTAGGCTTG-1;G1_87_ATGCTTCTCAAACCGC-1;G1_87_ATGGGGCAGGGTACAG-1;G1_87_ATGTATCAGGTGCTGT-1;G1_87_ATTACAATCATCTCTA-1;G1_87_ATTCATGCACACGTCA-1;G1_87_ATTCTCATCCTTCGCA-1;G1_87_CAAAGCGAGCCCATGG-1;G1_87_CACTATTGTCGTCTGT-1;G1_87_CAGTCAATCGCCTACC-1;G1_87_CATTCTATCGTCCATT-1;G1_87_CATTTAGCACAATTCA-1;G1_87_CCAACATCAAAGGGGA-1;G1_87_CCGAAACTCAATGGTT-1;G1_87_CCTCATAGTCTGTCTA-1;G1_87_CCTCGAGAGCCTCACC-1;G1_87_CGAAACCTCCGAATTG-1;G1_87_CGAATCTCACTAGCAT-1;G1_87_CGACTAGGTCAGTGCA-1;G1_87_CGATCAGGTCATATTC-1;G1_87_CGCCAACCAATGTGAG-1;G1_87_CGGGGATAGAACGTAA-1;G1_87_CGTAACATCAGTGGTC-1;G1_87_CTATCGCGTGGATATC-1;G1_87_CTTGTGAAGGCTGGTT-1;G1_87_GCAGTGAAGGGTTCCG-1;G1_87_GCATCATCAGCAACGG-1;G1_87_GCCAAGGCACTATCCC-1;G1_87_GCCCACAAGCACTCCC-1;G1_87_GCTTACGCAGGACACG-1;G1_87_GCTTACTTCACGCCTC-1;G1_87_GGGCTATTCAACCTCT-1;G1_87_GGTACAACAACTTCGG-1;G1_87_GTATACCCAGCATTCG-1;G1_87_GTATCCAAGGCTACAC-1;G1_87_GTATGCTCAGCGGGTA-1;G1_87_GTCATGGGTGTGCAAT-1;G1_87_GTCTTCAGTATCCCCG-1;G1_87_GTTCGCACAAGCGGCA-1",64,"A_最高优先（显著扩增）","Ready","Multi_Allele"
"G1_71","CAVSGYSNNRLTL_CASSPGTGGTLYF","TRAV3-3","TRBV19","CAVSGYSNNRLTL","CASSPGTGGTLYF","TRAJ7","TRBJ2-4",53,"GEQVEQRPPHLSVREGDSAFITCTYT","DPNSYY","FFWYKQEPGASLQLLMK","VFSSTEI","NEGQGFTVLLNKKDKRLSLNLTAAHPGDSAAYF","GKGTQVVVLP","GGIITQTPKFLIGQEGQKLTLKCQQN","FNHDT","MYWYRQDSGKGLRLIYY","SITEND","LQKGDLSEGYDASREKKSSFSLTVTSAQKNEMAVFL","GAGTRLSVL","G1_71_AACCCTTTCATCCTAC-1;G1_71_AACGTTTAGGTAATTC-1;G1_71_AACTCTCTCATTACAA-1;G1_71_AATACGTTCCACGAGT-1;G1_71_ACAACCATCATTACTT-1;G1_71_ACAGTCTCAGCTAGGG-1;G1_71_ACCAGATGTAATCAGC-1;G1_71_ACCCTGCTCACTCTTA-1;G1_71_ACCTAGTCAATTATCG-1;G1_71_ACGAGGTCACTCGGAC-1;G1_71_ACGATAGCACTGGCAC-1;G1_71_ACGGAGCAGGTCCAGT-1;G1_71_ACGGGATCAGCAGCGA-1;G1_71_ACTATCACACTGGAGG-1;G1_71_ACTCATCTCCATCATC-1;G1_71_ACTTAACAGAGCGATG-1;G1_71_AGGAGTTAGAAATGGC-1;G1_71_AGGCTGAAGCAAAGGT-1;G1_71_AGTCGCAGTGTCATCC-1;G1_71_AGTCTTGAGGTCTGGT-1;G1_71_AGTTTGGTCCGCCTAC-1;G1_71_ATACCCGCAATTCAGC-1;G1_71_ATACGAAAGCTAGGAG-1;G1_71_ATCAACCCACGCGACT-1;G1_71_ATCAATGGTCTGGCCC-1;G1_71_ATCTCTTCACCATTCC-1;G1_71_ATGGGCCGTCCATAGG-1;G1_71_ATTGTGGTCCACCCAC-1;G1_71_CAAAGCGAGCTTGTGA-1;G1_71_CAAGGCGCAACCTAGT-1;G1_71_CAGCAATGTCCTGATC-1;G1_71_CATAACTAGAATGCAA-1;G1_71_CATGGTCAGCATATGT-1;G1_71_CCTAGCGAGGCTTGCG-1;G1_71_CCTGCACTCATTGGCA-1;G1_71_CGACTAATCATTCAAA-1;G1_71_CGCTGGGGTAATGTGC-1;G1_71_CTAAGGGAGCCTGGCA-1;G1_71_CTACAGCAGCTAGTAT-1;G1_71_CTCGGCTTCAATCTCC-1;G1_71_CTGTTGCGTATAGTGC-1;G1_71_CTTGTATGTACGCTGA-1;G1_71_GCCATAGGTCTTCAAT-1;G1_71_GCGACAGCACATATCA-1;G1_71_GCTAAGACAAGTCCGC-1;G1_71_GGGTCCATCGTTCGTT-1;G1_71_GGTAAGTAGATAGGGT-1;G1_71_GGTCATTCACGGCAAG-1;G1_71_GGTGTTCAGGGGAGCT-1;G1_71_GTACTTACAGTGTAAG-1;G1_71_GTCATGGGTAAGGTAG-1;G1_71_GTCTCCGGTCCAGTTC-1;G1_71_GTTAATCAGACAGAAC-1",53,"A_最高优先（显著扩增）","Ready","Single"
"G1_87","CILKTGNYKYVF_CASTSGSGQLYF","TRAV21-DV12","TRBV5","CILKTGNYKYVF","CASTSGSGQLYF","TRAJ40","TRBJ2-2",51,"DAKTTQPDSMESTEGETVHLPCSHA","TISGNEY","IYWYRQVPLQGPEYVTH","GLQQN","TTNSMAFLAIASDRKSSTLILTHVSLRDAAVYH","GAGTRLKVIA","NTKITQSPRYLILGRANKSLECEQH","LGHNA","MYWYKQSAEKPPELMFL","YNLKQL","IRNETVPSRFIPECPDSSKLLLHISAVDPEDSAVYF","GEGSKLTVL","G1_87_AAATCAGAGAGGTATA-1;G1_87_AACAGACAGGTATGTT-1;G1_87_ACATGGACACACAACT-1;G1_87_ACCACTCGTGTCATCC-1;G1_87_ACGAACCTCATCTCTA-1;G1_87_ACGGGGTAGGGATGAT-1;G1_87_AGACGACCAAGCGCAG-1;G1_87_AGGGTGCAGGTCCTTT-1;G1_87_AGGTTGGAGGCTTGAC-1;G1_87_AGGTTGTGTCTAACTT-1;G1_87_AGTACTGTCGTGTAAT-1;G1_87_AGTCAGGAGCAGGCTT-1;G1_87_ATAAGCAAGGCGGATA-1;G1_87_ATCGACCAGCGGTTCG-1;G1_87_ATGCGGCGTGTGCGTA-1;G1_87_CAAAGGAGTAACCGTG-1;G1_87_CAACTTACAAAGGGGA-1;G1_87_CAATCCAAGGTCCAAC-1;G1_87_CAATTGGTCCCTTCTC-1;G1_87_CACTATGAGACATCAT-1;G1_87_CAGCAGTTCACTAATA-1;G1_87_CAGCTGTAGGTATGTT-1;G1_87_CATGTGGGTCAGCGGT-1;G1_87_CCATCGCTCCATGGGT-1;G1_87_CCGCACTTCGTCCATT-1;G1_87_CCTCTGGGTAGGGGCA-1;G1_87_CGCGTGGGTAGGGGCA-1;G1_87_CGCTCGAAGACATTCG-1;G1_87_CTAATGGTCACATCAG-1;G1_87_CTATAATCACTCTCCG-1;G1_87_CTCTCGGGTGGTCCCC-1;G1_87_CTCTGGCTCATATGTA-1;G1_87_CTGTCATTCGGCGATT-1;G1_87_GCAAACCTCGTGGCCA-1;G1_87_GCGCATTAGGCTACCG-1;G1_87_GCTTCTGTCATAACAC-1;G1_87_GGAATACAGCCGCACA-1;G1_87_GGAATTCGTGCTATCC-1;G1_87_GGCGCTATCGGCTCTC-1;G1_87_GGGTCAGCACTGCTTC-1;G1_87_GTAATCGTCCTGCTAT-1;G1_87_GTACTTACACCTACTC-1;G1_87_GTATCCAAGACACATT-1;G1_87_GTCGGAGCAAGCCGTC-1;G1_87_GTCTCCGGTCCGCTTG-1;G1_87_GTCTCTGTCACTCGGG-1;G1_87_GTCTGGTAGCGCCCAA-1;G1_87_GTCTTCAGTATATCCT-1;G1_87_GTGTCAGGTGCTTTCA-1;G1_87_GTTACTACACATAGCT-1;G1_87_GTTGGAGAGGTAGTTT-1",51,"A_最高优先（显著扩增）","Ready","Single"
"G1_87","CILQGGSAKLIF_CASSDFYEQYF","TRAV21-DV12","TRBV13-1","CILQGGSAKLIF","CASSDFYEQYF","TRAJ57","TRBJ2-7",46,"DAKTTQPDSMESTEGETVHLPCSHA","TISGNEY","IYWYRQVPLQGPEYVTH","GLQQN","TTNSMAFLAIASDRKSSTLILTHVSLRDAAVYH","GEGTKLTVSS","EAAVTQSPRNKVTVTGGNVTLSCRQT","NSHNY","MYWYRQDTGHGLRLIHY","SYGAGN","LQIGDVPDGYKATRTTQEDFFLLLELASPSQTSLYF","GPGTRLTVL","G1_87_AAACGGAGTCGACGGT-1;G1_87_AACATTATCGCGTGTG-1;G1_87_AAGCGTTGTCTTAGCC-1;G1_87_AAGGTCTGTGGACCGT-1;G1_87_AATCTCACAGCATTAC-1;G1_87_AATTTCGCAATTCGAC-1;G1_87_ACAGTCTCAGCTACAT-1;G1_87_ACCCGCTTCAAGCACC-1;G1_87_ACCTGCGAGACGTGTC-1;G1_87_ACGCCCTTCATAGTCG-1;G1_87_ACTAATGGTGCCCTAT-1;G1_87_ACTTAGCCAGTGTAAG-1;G1_87_ACTTCGTTCCTTGTAC-1;G1_87_AGCTTCCGTCCTTATG-1;G1_87_AGGTACGAGCGTTGCG-1;G1_87_AGTATCCCACAATCAC-1;G1_87_AGTATTATCACAATAC-1;G1_87_AGTCCACAGACAACCC-1;G1_87_AGTCCACAGGCATACC-1;G1_87_ATAAGCAAGCGGATTC-1;G1_87_ATAAGTGAGCCCATTT-1;G1_87_ATATTCGCACGGACCT-1;G1_87_ATCGCTCGTCGAGTGC-1;G1_87_ATCGTACCAACTGCAT-1;G1_87_ATGCCGCCAGCCTCTT-1;G1_87_ATTCATGCAACTGCGC-1;G1_87_ATTCTCATCATGTAAC-1;G1_87_CAAGTTAGTCTAATTC-1;G1_87_CAATGCATCCTAGCTT-1;G1_87_CACACCTGTGGGTGAG-1;G1_87_CAGTCAATCCATCGGG-1;G1_87_CAGTCGCCAACCAAGA-1;G1_87_CCAGGGTGTGGACGCT-1;G1_87_CCCTAATTCGGCGTTG-1;G1_87_CGCCGTCGTACTCCCG-1;G1_87_CGGGTTGTCAGTATTA-1;G1_87_CGTCGGTCACCTCTAC-1;G1_87_CTATTCTCAATGGCCC-1;G1_87_GCAGGGTAGGCCCTGA-1;G1_87_GGAAATCAGGCGGAGT-1;G1_87_GGAGCGAGTGGCTGTA-1;G1_87_GGCCTTCTCCATCGGG-1;G1_87_GGCGCAACAACTTAGC-1;G1_87_GTCCACACACGGCAAG-1;G1_87_GTCTCGACAAATTTCG-1;G1_87_GTGCACCCACGAGCGA-1",46,"B_高优先（中等扩增）","Ready","Single"
"G1_87","CAALNSGGSNAKLTF_CASSDRGYAEQFF","TRAV7D-4","TRBV13-1","CAALNSGGSNAKLTF","CASSDRGYAEQFF","TRAJ42","TRBJ2-1",42,"QQKVQQSPESLSVPEGGMASLNCTSS","DRNFQY","FWWYRQHSGEGPKALMS","IFSDGD","KKEGRFTAHLNKASLHVSLHIRDSQPSDSALYF","GKGTKLSVKS","EAAVTQSPRNKVTVTGGNVTLSCRQT","NSHNY","MYWYRQDTGHGLRLIHY","SYGAGN","LQIGDVPDGYKATRTTQEDFFLLLELASPSQTSLYF","GPGTRLTVL","G1_87_AACTCCCGTACAGCAT-1;G1_87_AATCCTCTCCATCTGT-1;G1_87_AATCTGTAGCGGGTTT-1;G1_87_AATCTTCGTCCGAATG-1;G1_87_ACAATTTCAGCGGTCT-1;G1_87_ACGCACCCAACTCGCA-1;G1_87_ACTTCAGAGCTGCGTG-1;G1_87_AGCATTTAGGGTTAGG-1;G1_87_AGCTTGCAGGGTTTCA-1;G1_87_AGTCCACAGAGCGTGA-1;G1_87_AGTCTTACAAAACTCC-1;G1_87_AGTGCCCCAGCCATAT-1;G1_87_ATAACAGAGGGTGATG-1;G1_87_ATATCAGGTCTTGTGC-1;G1_87_ATATTACCACGCTCAA-1;G1_87_ATCGTGGGTCAGCAAT-1;G1_87_ATCTGCCGTAAACTGC-1;G1_87_ATGAGGAGTCATCTCA-1;G1_87_ATGGTCATCACTTCTA-1;G1_87_ATGTCGATCGCTCATT-1;G1_87_ATTCAGCCAACCAACT-1;G1_87_CAAGTTTAGCCGCGTA-1;G1_87_CATCTATGTCTCGCAT-1;G1_87_CATTCGGCACAGTCGC-1;G1_87_CCACAGGTCCGTTTAC-1;G1_87_CCCATGGAGAGGGCGT-1;G1_87_CCTCTGGGTCACGGGT-1;G1_87_CGAATTTAGAGACATA-1;G1_87_CGGGCATGTACTTGCC-1;G1_87_CGGTTTCGTCGCTATC-1;G1_87_CTAACCCGTAGCTGAT-1;G1_87_CTAACCCGTCCTCATA-1;G1_87_CTCCGACTCAAGGGTG-1;G1_87_CTCTAACTCCAACAGC-1;G1_87_GCAGCCTCAGCCTTTC-1;G1_87_GCGGTTTAGCTAGCGT-1;G1_87_GCTTGCTGTAGAGAAT-1;G1_87_GGCGAACAGAACGGGC-1;G1_87_GGGACGTAGGCAAGGC-1;G1_87_GGTGGTTTCAAGGGGC-1;G1_87_GTCCTGCTCGGGCTAT-1;G1_87_GTGCCCAAGCCATAGC-1",42,"B_高优先（中等扩增）","Ready","Single"
"G1_84","CILRDGNEKITF_CATGTGDERLFF","TRAV21-DV12","TRBV13-1","CILRDGNEKITF","CATGTGDERLFF","TRAJ48","TRBJ1-4",41,"DAKTTQPDSMESTEGETVHLPCSHA","TISGNEY","IYWYRQVPLQGPEYVTH","GLQQN","TTNSMAFLAIASDRKSSTLILTHVSLRDAAVYH","GAGTKLTIKP","EAAVTQSPRNKVTVTGGNVTLSCRQT","NSHNY","MYWYRQDTGHGLRLIHY","SYGAGN","LQIGDVPDGYKATRTTQEDFFLLLELASPSQTSLYF","GHGTKLSVL","G1_84_AAATGGGGTGTCGAGC-1;G1_84_AAATGTCTCCCACCGT-1;G1_84_AACTAGAAGATATACC-1;G1_84_AACTCACCACAGTCAT-1;G1_84_AACTCGGGTAACTGCG-1;G1_84_ACAAGATCAGCTTCAG-1;G1_84_ACATGGGAGGGAAACT-1;G1_84_ACCCGTACACCAATAC-1;G1_84_ACCTCATTCCGGACAT-1;G1_84_ACGAACCTCCTAGGGT-1;G1_84_ACTTACCTCCGCACTC-1;G1_84_AGTATAGAGATCTCGA-1;G1_84_ATAGCCTCACGATGTT-1;G1_84_ATAGCGCTCGGGCTTG-1;G1_84_ATCAAGGCAAGCCGAG-1;G1_84_CAGCTTCGTATCGCGA-1;G1_84_CAGGTTGGTGCTGCCC-1;G1_84_CCACTATTCACTCCAT-1;G1_84_CCAGCCTTCCTAGTTC-1;G1_84_CCCAATCGTAAGTAGG-1;G1_84_CCGAATTCAAGGTAAT-1;G1_84_CCTCGAGAGGCGAGTA-1;G1_84_CCTCTTGAGGTTAATC-1;G1_84_CCTGACGAGCAGCTAC-1;G1_84_CGAACACTCCATCGTT-1;G1_84_CGAAGTACAGGACATA-1;G1_84_CGGTCGTCAGGCATTT-1;G1_84_CGTCTATTCCGTCTAT-1;G1_84_CTATAACAGAAAGTCA-1;G1_84_CTATGGTCAATACGGA-1;G1_84_CTCTCCAAGATTCAAC-1;G1_84_CTGATATAGCATTCGA-1;G1_84_CTTATGTGTGCCATAG-1;G1_84_GCAAAGGTCCGAATCA-1;G1_84_GCACGTTAGCCCTGGA-1;G1_84_GCAGTGAAGCGTGAAG-1;G1_84_GCTGTTAAGGCCATTA-1;G1_84_GCTTGTCGTAACTTCT-1;G1_84_GTCATCAAGATTCGAT-1;G1_84_GTCGATGGTGCTTAGG-1;G1_84_GTCTGCACAGTGCTCA-1",41,"B_高优先（中等扩增）","Ready","Single"
"G1_87","CALVPSNTGYQNFYF_CASSFDRAQDTQYF","TRAV17","TRBV3","CALVPSNTGYQNFYF","CASSFDRAQDTQYF","TRAJ49","TRBJ2-5",41,"AQSVDQPDAHVTLYEGASLELRCSYS","YSAAPY","LFWYVQYPGQSLQFLLK","YITGDAVV","KGTKGFEAEFRKSNSSFNLKKSPAHWSDSAKYF","GKGTSLTVIP","GPKVLQIPSHQIIDMGQMVTLNCDPV","SNHLY","FYWYKQILGQQMEFLVN","FYNGKV","MEKSKLFKDQFSVERPDGSYFTLKIQPTALEDSAVYF","GPGTRLLVL","G1_87_AATTGAACAACATCAC-1;G1_87_ACAAGTAAGGGGCTTT-1;G1_87_ACAGCGCGTCGCAGTA-1;G1_87_ACCCGTGAGCCATGGT-1;G1_87_ACCTAGTCACATGATC-1;G1_87_ACCTATGAGAATGATG-1;G1_87_ACCTGCTGTCATTCTG-1;G1_87_ACTGCAATCGGCGTTG-1;G1_87_ACTTCGTTCGTATAAC-1;G1_87_AGCCTTCGTATAGGGA-1;G1_87_AGCCTTCGTCTAAATG-1;G1_87_AGGGACATCCGCCCAT-1;G1_87_AGGTTCATCCGAGCAT-1;G1_87_AGTTATATCATTAAGC-1;G1_87_ATGTAACTCAGTTGGC-1;G1_87_CACCTAAAGCACTTTC-1;G1_87_CCATTTCAGAAGTACA-1;G1_87_CCGCTGAAGCATAGCC-1;G1_87_CCGGTAAGTGTGGATT-1;G1_87_CGCGGATGTAGGAGGT-1;G1_87_CGCTAAATCGTCATCT-1;G1_87_CGGCAATTCGTATCTC-1;G1_87_CTACGGAGTATAGTGC-1;G1_87_CTCCAGCTCACAACGC-1;G1_87_CTCGTTCCAAACATGG-1;G1_87_CTCTGAAAGATTAAGG-1;G1_87_CTGGCCCGTGTGTGAT-1;G1_87_CTTATACGTCCTGATC-1;G1_87_CTTGTCGTCGTTAGGC-1;G1_87_GCGCAATTCGTAGCGT-1;G1_87_GCGCTGGGTGGTCCCC-1;G1_87_GCGGCTATCCGGACCA-1;G1_87_GCTTCAGCAGGCATTT-1;G1_87_GGACGGTAGACAAGCG-1;G1_87_GGCAAGGGTCGCTTCG-1;G1_87_GGCGCATGTCGAGGGA-1;G1_87_GGGGTTAAGAAATTGG-1;G1_87_GGGTAATAGAGCGTAG-1;G1_87_GTCGCACCACCACTGA-1;G1_87_GTGATAGCAGGCTCTA-1;G1_87_GTTCGCGAGAACTAAG-1",41,"B_高优先（中等扩增）","Ready","Single"
"G1_87","CAMVTDKVVF_CASRDRDSGNTLYF","TRAV13-1","TRBV14","CAMVTDKVVF","CASRDRDSGNTLYF","TRAJ34","TRBJ1-3",41,"GQQVQQSPASLVLQEGENAELQCNFS","TSLNS","MQWFYQRPEGSLVSLFY","NPSGT","KQSGRLTSTTVIKERRSSLHISSSQITDSGTYL","GTGTRLQVSP","EAGVTQSPRYAVLQEGQAVSFWCDPI","SGHDT","LYWYQQPRDQGPQLLVY","FRDEAV","IDNSQLPSDRFSAVRPKGTNSTLKIQSAKQGDTATYL","GEGSRLIVV","G1_87_AAAGTTACAGCATAAG-1;G1_87_AACGAACAGCACCTAA-1;G1_87_AAGGGGCTCGTAGATT-1;G1_87_ACATTATCACAAGGGT-1;G1_87_AGTTTACAGGGGTAGC-1;G1_87_ATAACAGAGGCTGGAA-1;G1_87_ATCCGGAGTAGTGATC-1;G1_87_ATGGAGAGTAAGCGCC-1;G1_87_ATTATCGCAGCACGCT-1;G1_87_CACAGGAAGAGACGAT-1;G1_87_CACGTCACAACCCCAA-1;G1_87_CATCACGCAACTGCCA-1;G1_87_CATGGCGTCGCTAACA-1;G1_87_CATTAAGGTCGTTCCG-1;G1_87_CCAGAATGTACGCATG-1;G1_87_CCCTGATGTCCAACAG-1;G1_87_CCGAAATGTCGACTAG-1;G1_87_CCGTCTGGTAACCGTG-1;G1_87_CCTAATCTCGTATAAC-1;G1_87_CGACGGTGTCAGGTGC-1;G1_87_CGATGATGTGTTATGA-1;G1_87_CGCTTCATCGGGCTCA-1;G1_87_CGTCTAAAGACAGACG-1;G1_87_CTAGCCGAGAAATGGC-1;G1_87_CTCTGGGAGAGTACGG-1;G1_87_GCACACCCAACACGCC-1;G1_87_GCATGGAAGGCAAGCA-1;G1_87_GCATTCCGTAAGTCCG-1;G1_87_GCTAATCCAGTGCGGA-1;G1_87_GCTATTGAGCTATTGG-1;G1_87_GGACACGCAATTGTAT-1;G1_87_GGGTTAGAGCAAACGG-1;G1_87_GGTATCCAGAGCGTGA-1;G1_87_GGTTAGTGTCGTGCCC-1;G1_87_GTACGCCCACCACGTA-1;G1_87_GTCGAAGAGCTTGTGA-1;G1_87_GTCGTCTGTAGAGATG-1;G1_87_GTGACCCCACAAATGG-1;G1_87_GTGCACCCACTGAAAG-1;G1_87_GTGCCGGGTATTGCGG-1;G1_87_GTTAGAGCAATAGCGA-1",41,"B_高优先（中等扩增）","Ready","Single"
"G1_87","CAVNYGGSGNKLIF_CASSPRLGGPTGQLYF","TRAV7-3","TRBV5","CAVNYGGSGNKLIF","CASSPRLGGPTGQLYF","TRAJ32","TRBJ2-2",37,"QQNVQQSPESLIVPEGARTSLNCTFS","DSASQY","FWWYRQHSGKAPKALMS","IFSNGE","KEEGRFTIHLNKASLHFSLHIRDSQPSDSALYL","GTGTLLSVKP","NTKITQSPRYLILGRANKSLECEQH","LGHNA","MYWYKQSAEKPPELMFL","YNLKQL","IRNETVPSRFIPECPDSSKLLLHISAVDPEDSAVYF","GEGSKLTVL","G1_87_AACATAGAGACTACAT-1;G1_87_ACAGTTTAGCGGTTTA-1;G1_87_ACCCGTACAACGAGGT-1;G1_87_ACGACAGAGCGTTTGA-1;G1_87_ACGTACTCACGCGTTA-1;G1_87_ACGTTCCGTGCTTCCG-1;G1_87_ACTCGCACAAAGGAGG-1;G1_87_ACTGCGTAGCTAATCG-1;G1_87_AGGTGATAGCTACGCG-1;G1_87_AGTTGCGGTACGTGCA-1;G1_87_ATACCCAAGCCACGAT-1;G1_87_ATACCCTTCGTACGTA-1;G1_87_ATCTCGCGTGTTCGTC-1;G1_87_ATGGGCAAGGTGCCAT-1;G1_87_ATGTGAGCACCAAGCC-1;G1_87_ATTACTTTCACCTTCG-1;G1_87_CAGCATTCAATAGCCT-1;G1_87_CAGTAGTGTGCTACAG-1;G1_87_CATACATAGAGCGATG-1;G1_87_CATCGTTTCGGTTGTA-1;G1_87_CATGGATGTCCGGTAA-1;G1_87_CCGACACCAGCGTGAG-1;G1_87_CCGTCGAAGGCTTTAG-1;G1_87_CGAGTGTTCGTTCGTT-1;G1_87_CGATGGCGTGTTCAGG-1;G1_87_CTAAATTCACTCACCT-1;G1_87_CTTGTATGTCGAGTCA-1;G1_87_GCATAATTCCGAACAC-1;G1_87_GCCTGGGGTAATTGGC-1;G1_87_GCGCTTACACCAATTA-1;G1_87_GCGTCCAAGAATGCCC-1;G1_87_GGAGTAAGTGCAAGCC-1;G1_87_GGCTCCTTCCTAGCTT-1;G1_87_GGGCTAGCACCAAGCC-1;G1_87_GGTTAGCTCGGACCTG-1;G1_87_GTTCGACAGGCGAGTA-1;G1_87_GTTGGTTCACTGCAAT-1",37,"B_高优先（中等扩增）","Ready","Single"
"G1_87","CAASEPGSWQLIF_CASSITAGINQAPLF","TRAV7D-4","TRBV19","CAASEPGSWQLIF","CASSITAGINQAPLF","TRAJ22","TRBJ1-5",33,"QQKVQQSPESLSVPEGGMASLNCTSS","DRNFQY","FWWYRQHSGEGPKALMS","IFSDGD","KKEGRFTAHLNKASLHVSLHIRDSQPSDSALYF","GSGTQLTVMP","GGIITQTPKFLIGQEGQKLTLKCQQN","FNHDT","MYWYRQDSGKGLRLIYY","SITEND","LQKGDLSEGYDASREKKSSFSLTVTSAQKNEMAVFL","GEGTRLSVL","G1_87_AAACTGCGTACTGTGG-1;G1_87_AAAGCCGAGCTGGTCG-1;G1_87_AATCGCATCGTAGATT-1;G1_87_AATGACAAGCTCATGA-1;G1_87_ACTCGCACAAATTACT-1;G1_87_ACTGTCTTCACCTCAT-1;G1_87_AGAGTTAAGACAAGCG-1;G1_87_AGCTGATGTGGTGTCA-1;G1_87_AGGCACAAGCGTTTGA-1;G1_87_AGGCTCAGTGTTAGCG-1;G1_87_ATAAGCAAGGTGATTT-1;G1_87_ATATCACAGCATCACA-1;G1_87_ATATTCCGTCTAAGTA-1;G1_87_ATCGTTGAGAAGCTTT-1;G1_87_ATGACGGAGAGTGATA-1;G1_87_ATTACACAGCCTGGCA-1;G1_87_CACAACTCAGCCTCTT-1;G1_87_CACTCTCCAGGACCTC-1;G1_87_CATCGCACAACTTCGG-1;G1_87_CCAACGAGTATCCCCG-1;G1_87_CCGCATCTCGGATCCG-1;G1_87_CGACACCCAACATCCG-1;G1_87_CGATGTTCAATCACTA-1;G1_87_CGCAGCATCACATTAA-1;G1_87_CGCGTTACAGCGCTTA-1;G1_87_CGTACAATCCATACCT-1;G1_87_CTACGCCTCCTGTATC-1;G1_87_GCACGCTCAATGACCT-1;G1_87_GGATAGCCACTAGAAG-1;G1_87_GGTTGTATCCGCCCAT-1;G1_87_GTAGCTATCGTACGTA-1;G1_87_GTCGCGGGTAGTGATC-1;G1_87_GTGCTCCTCATACTCC-1",33,"B_高优先（中等扩增）","Ready","Single"
"G1_71","CALSRTGGYKVVF_CASSERDTYAEQFF","TRAV12N-2","TRBV13-1","CALSRTGGYKVVF","CASSERDTYAEQFF","TRAJ12","TRBJ2-1",28,"GDSVTQTEGLVTLTKGLPVMLNCTYQ","TTYSPF","LFWYVQHLNEAPKLLLK","SSTDNKR","TEHQGFYATLHKSSSSFHLQKSSVQLSDSALYF","GSGTRLLVSP","EAAVTQSPRNKVTVTGGNVTLSCRQT","NSHNY","MYWYRQDTGHGLRLIHY","SYGAGN","LQIGDVPDGYKATRTTQEDFFLLLELASPSQTSLYF","GPGTRLTVL","G1_71_AAGGACCCACCGTCAA-1;G1_71_AATACAACAAGACGAC-1;G1_71_AATCCTCTCATACTCC-1;G1_71_AATGTGCGTCACACTC-1;G1_71_ACAGCATGTCTTAGCC-1;G1_71_ACCCCTATCGTACTTC-1;G1_71_ACGACTATCGGCGAAA-1;G1_71_ACTCCTGTCGGAAAGT-1;G1_71_ACTCGGGTCCTGTTAC-1;G1_71_AGTTGTGTCCCGCGTT-1;G1_71_ATATGAGAGGTTCAGC-1;G1_71_ATATGGTTCAGTTTGG-1;G1_71_ATGGCGTTCCTCGGGA-1;G1_71_ATGGGTGAGGTTCATG-1;G1_71_CATATGTAGCAACAGG-1;G1_71_CCTCTCCGTGTCGATG-1;G1_71_CGAACGGCAAAGGGGA-1;G1_71_CGCAGTCCAGGAAGGA-1;G1_71_CGCGTGGGTCTGTGGA-1;G1_71_CGTTACTTCGCATAGC-1;G1_71_GGAACCCGTCAACCCT-1;G1_71_GGACATCTCAAACTAC-1;G1_71_GGCTAGCGTATTATCC-1;G1_71_GGGCTCTCAAGGAGGA-1;G1_71_GGGTTATGTAAGGGAC-1;G1_71_GTAGGTCTCAACTGCA-1;G1_71_GTGCCCCGTCGCATCT-1;G1_71_GTGCGTTAGATCATCG-1",28,"B_高优先（中等扩增）","Ready","Single"
"G1_71","CAAPNSGGSNYKLTF_CASSETGKIEQYF","TRAV3-4","TRBV13-1","CAAPNSGGSNYKLTF","CASSETGKIEQYF","TRAJ53","TRBJ2-7",24,"GEQVEQRPPHLSVPEGDSAVIICTYT","DSATAY","FYWYKQEPGAGLQLLMS","VFSNVDR","KEEQGLTVLLNKKDKQLSLNLTAAHPGDSAVYF","GKGTLLTVTP","EAAVTQSPRNKVTVTGGNVTLSCRQT","NSHNY","MYWYRQDTGHGLRLIHY","SYGAGN","LQIGDVPDGYKATRTTQEDFFLLLELASPSQTSLYF","GPGTRLTVL","G1_71_AAACGATCACAAACCT-1;G1_71_AAAGCCACACAGCATT-1;G1_71_AACCTACCAGTGCATT-1;G1_71_AAGCCAACACAGCTCA-1;G1_71_AATATCTCAGCTAGGG-1;G1_71_AATTCCCTCATAAGCT-1;G1_71_ACCCGTGAGCGTGGTT-1;G1_71_AGTCCGAGTCCCTAGT-1;G1_71_ATATCCCTCACCATCT-1;G1_71_ATCCGCACAAGTCCAT-1;G1_71_ATCGCAGGTCATTCTG-1;G1_71_CCAGGCTCAATGGCGG-1;G1_71_CCTGTAAAGATGATGA-1;G1_71_CTAGGTGGTATGCGCA-1;G1_71_CTCACCCAGGTTCATG-1;G1_71_GCAGCCTCAGCAAGAC-1;G1_71_GCAGTACTCAATATCA-1;G1_71_GGACGGAGTCTGCATC-1;G1_71_GTATTATCAGTTGGTT-1;G1_71_GTATTCGAGCTACTGA-1;G1_71_GTCAATGTCACGACAC-1;G1_71_GTGTAGCTCCACGAGT-1;G1_71_GTTACCCGTAAGGGTA-1;G1_71_GTTCGCACAAGGACAC-1",24,"B_高优先（中等扩增）","Ready","Single"
"G1_71","CAVSRGNMGYKLTF_CASSPGQGGERLFF","TRAV3-1","TRBV10","CAVSRGNMGYKLTF","CASSPGQGGERLFF","TRAJ9","TRBJ1-4",24,"GEQVEQRPPHLSVREGDSAIIICTYT","DSATAY","FSWYKQEAGAGLQLLMS","VLSNVDR","KEEQGLTVLLNKKDKRLSLNLTAAHPGDSAVYF","GTGTSLLVDP","ETAVFQTPNYHVTQVGNEVSFNCKQT","LGHDT","MYWYKQDSKKLLKIMFS","YNNKQL","IVNETVPRRFSPQSSDKAHLNLRIKSVEPEDSAVYL","GHGTKLSVL","G1_71_AAGCATGCAGCGTGTC-1;G1_71_ACACATGTCCAGCTAA-1;G1_71_ACAGCGAAGACGTCAC-1;G1_71_ACCACAGGTATCGCAG-1;G1_71_ACTACATAGACAAGTA-1;G1_71_ACTATAATCCGTTTAC-1;G1_71_ACTCGTTTCACTCATC-1;G1_71_AGCCATTCAGCTATCG-1;G1_71_AGGTTCATCACTCTGT-1;G1_71_ATCTCTATCCAATACG-1;G1_71_ATTGGGTGTGGTTAGT-1;G1_71_CAAATGGCAACAGAGC-1;G1_71_CAATGTGTCACGACAC-1;G1_71_CACGAAGAGGTAATTC-1;G1_71_CATGCGCCACTACTCC-1;G1_71_CCGTAGTAGCATTAGT-1;G1_71_CGATAATTCAGTAATC-1;G1_71_CGCGTGGGTGTAACGT-1;G1_71_GCAATTGTCATCTCCG-1;G1_71_GGAGCAGGTAAGCGTT-1;G1_71_GGTGCATTCGCATCAA-1;G1_71_GTATAGAAGAACACCC-1;G1_71_GTATCACCAACAATCC-1;G1_71_GTCATTCTCGGTTCGG-1",24,"B_高优先（中等扩增）","Ready","Single"
"G1_71","CAARESSSFSKLVF_CASSPGPSDYTF","TRAV7-4","TRBV2","CAARESSSFSKLVF","CASSPGPSDYTF","TRAJ50","TRBJ1-2",22,"QQKVQQSPESLSVPEGGMASFNCTSS","DRNFQY","FWWYRQHSGEGPKALMS","IFSDGD","KKEGRFTAHLNKASLHVSLHIRDSQPSDSALYF","GQGTSLSVVP","DPKIIQKPKYLVAVTGSEKILICEQY","LGHNA","MYWYRQSAKKPLEFMFS","YSYQKL","MDNQTASSRFQPQSSKKNHLDLQITALKPDDSATYF","GSGTRLLVI","G1_71_AAATTGGAGAGGCAGC-1;G1_71_ACATAGGCACTGATTA-1;G1_71_ACCTGCGAGCCGACAT-1;G1_71_ATATCCTGTCAGGGTC-1;G1_71_ATCCTGAAGCGGGATA-1;G1_71_ATCGCGGTCCCGGTTC-1;G1_71_ATGTTCTGTCCGTGTT-1;G1_71_ATTAATCCAAGTCCAT-1;G1_71_ATTCGGTCAGCCCTAA-1;G1_71_CAAGTAGCACCCTAGA-1;G1_71_CACAGCAGTATCTCAT-1;G1_71_CATGCACAGGTCTATG-1;G1_71_CCGGCAATCGGGGTAA-1;G1_71_CCTTACCCAACGTTCG-1;G1_71_CGATAGTGTAGTGATC-1;G1_71_CGTTTACTCGTAGCTA-1;G1_71_CTGTCGCTCAATCCCT-1;G1_71_CTTATAGCAAGTCGAA-1;G1_71_GCCAATATCATGTAAC-1;G1_71_GCCACTTGTGCCATAG-1;G1_71_GGAAGGACACGTGCTA-1;G1_71_GTGCAGGCAAACATGG-1",22,"B_高优先（中等扩增）","Ready","Single"
"G1_84","CAARGTNTGKLTF_CASSLPGDYEQYF","TRAV14-1","TRBV5","CAARGTNTGKLTF","CASSLPGDYEQYF","TRAJ27","TRBJ2-7",19,"QQQVRQSPQSLTVWEGGTTVLTCSYE","DSTFNY","FPCYQQFPGEGPALLIS","ILSVSDK","KEDGRFTIFFNKREKKLSLHIIDSQPGDSATYF","GDGTVLTVKP","NTKITQSPRYLILGRANKSLECEQH","LGHNA","MYWYKQSAEKPPELMFL","YNLKQL","IRNETVPSRFIPECPDSSKLLLHISAVDPEDSAVYF","GPGTRLTVL","G1_84_AACATGCGTCAGCCTT-1;G1_84_AAGCGATAGAATGGGT-1;G1_84_AAGTATACAATAAGGT-1;G1_84_AAGTCCGGTAGCTTGG-1;G1_84_AATCGAGCAAAGTTCC-1;G1_84_ACGATAGCAACATCCG-1;G1_84_ACGTCCACACATGATC-1;G1_84_AGGGTTACACCGCAGT-1;G1_84_ATGCTCAAGCTAATAC-1;G1_84_CAACATCCAGTCGGAG-1;G1_84_CATTGTCTCACACGTA-1;G1_84_CCAGGTAGTCCGTTGT-1;G1_84_CCCATGCTCACTTAAA-1;G1_84_CGAAGGTCACCAACGC-1;G1_84_CTGTCGCTCCTCGAAA-1;G1_84_GCGCACTCACAATGGA-1;G1_84_GGACCTGTCAAACCGC-1;G1_84_GGCTAGCGTACATTAG-1;G1_84_GTTGAGACACTCGGGT-1",19,"C_中优先（低度扩增）","Ready","Single"
"G1_87","CAVRDTNAYKVIF_CASSRTGGGETLYF","TRAV1","TRBV19","CAVRDTNAYKVIF","CASSRTGGGETLYF","TRAJ30","TRBJ2-3",18,"GQGVEQPDNLMSVEGTFARVNCTYS","TSGFNG","LSWYQQREGHAPVFLSY","VVLDGL","KDSGHFSTFLSRSNGYSYLLLTELQIKDSASYL","GKGTHLHVLP","GGIITQTPKFLIGQEGQKLTLKCQQN","FNHDT","MYWYRQDSGKGLRLIYY","SITEND","LQKGDLSEGYDASREKKSSFSLTVTSAQKNEMAVFL","GSGTRLTVL","G1_87_AAAGTGGGTATGCGCA-1;G1_87_AACCAATTCGCTGTGG-1;G1_87_ACTCCATTCCCAAATG-1;G1_87_AGCTATCCACCTACCT-1;G1_87_AGTGTTAGTGGTCAAT-1;G1_87_ATGCAGACACCAAATC-1;G1_87_ATGCCCACACTAACCG-1;G1_87_CACAACTCACTAGTTA-1;G1_87_CACGAATGTGCCAAAT-1;G1_87_CCCAGACCAACCCACA-1;G1_87_CCGCATACAACGAAGC-1;G1_87_CCTTGCGGTATCCGTC-1;G1_87_CGCAACCCAAAGCCAA-1;G1_87_CGTCAGTAGATCGGAG-1;G1_87_CGTTAGGGTCCTGTCG-1;G1_87_CTCCTCTTCCGAAGTC-1;G1_87_CTTAGTGAGACGATGG-1;G1_87_GGCTAATGTATGAAGG-1",18,"C_中优先（低度扩增）","Ready","Single"
"G1_84","CAARNSGGSNYKLTF_CASSDRSYAEQFF","TRAV7-4","TRBV13-1","CAARNSGGSNYKLTF","CASSDRSYAEQFF","TRAJ53","TRBJ2-1",17,"QQKVQQSPESLSVPEGGMASFNCTSS","DRNFQY","FWWYRQHSGEGPKALMS","IFSDGD","KKEGRFTAHLNKASLHVSLHIRDSQPSDSALYF","GKGTLLTVTP","EAAVTQSPRNKVTVTGGNVTLSCRQT","NSHNY","MYWYRQDTGHGLRLIHY","SYGAGN","LQIGDVPDGYKATRTTQEDFFLLLELASPSQTSLYF","GPGTRLTVL","G1_84_ACAGGGTCAAGGGACT-1;G1_84_ACATATATCCCGCGTT-1;G1_84_ACGTGTCAGCCGTATA-1;G1_84_AGAGAACTCCAACATG-1;G1_84_ATCACCCGTAGGCTCA-1;G1_84_ATGTATCAGATAAGTG-1;G1_84_CACCCATGTCAGGTTG-1;G1_84_CAGGTTATCGCAGTAC-1;G1_84_CATTGCAAGGCTAAGG-1;G1_84_CCACATAAGAACACCC-1;G1_84_CCATGCTGTGGCTAGC-1;G1_84_CCATTGAAGCTCTAGA-1;G1_84_CCGTTGTGTACTCCCG-1;G1_84_CGAATTGTCACGCCTC-1;G1_84_GCCATTAAGAGGACAT-1;G1_84_GGTGCGTGTCAAGTTA-1;G1_84_GTTGTCTTCCCTTCCT-1",17,"C_中优先（低度扩增）","Ready","Single"
"G1_87","CAVRDGAGNKLTF_CASGGQGDSGNTLYF","TRAV1","TRBV12-2+TRBV13-2","CAVRDGAGNKLTF","CASGGQGDSGNTLYF","TRAJ17","TRBJ1-3",16,"GQGVEQPDNLMSVEGTFARVNCTYS","TSGFNG","LSWYQQREGHAPVFLSY","VVLDGL","KDSGHFSTFLSRSNGYSYLLLTELQIKDSASYL","GIGTRVLVRP","EAAVTQSPRNKVAVTGGKVTLSCNQT","NNHNN","MYWYRQDTGHGLRLIHY","SYGAGS","TEKGDIPDGYKASRPSQENFSLILELATPSQTSVYF","GEGSRLIVV","G1_87_AACTCCGCAGGAGTCG-1;G1_87_ACACTACCAATGTGTC-1;G1_87_ACTGGGGCAGGAAACC-1;G1_87_ACTTGTCTCAGGCACT-1;G1_87_AGCTATGTCAATCTGG-1;G1_87_CCGCTTATCAATTGTA-1;G1_87_CCTCGTCAGGTCGGAA-1;G1_87_CGCACTCTCGTAAATC-1;G1_87_CTAGTAAGTCTCGAAG-1;G1_87_CTCGCTATCCGTACTT-1;G1_87_GGACAATAGCCTAGAC-1;G1_87_GGTCTAGGTACTTCTG-1;G1_87_GTATAACTCGTCAAAT-1;G1_87_GTGTTATAGCGCTGAT-1;G1_87_GTTAAGTTCCAAGCTA-1;G1_87_GTTGGAACACCGTAAT-1",16,"C_中优先（低度扩增）","Ready","Multi_Allele"
"G1_87","CILITGNYKYVF_CASSQELGYEQYF","TRAV21-DV12","TRBV5","CILITGNYKYVF","CASSQELGYEQYF","TRAJ40","TRBJ2-7",16,"DAKTTQPDSMESTEGETVHLPCSHA","TISGNEY","IYWYRQVPLQGPEYVTH","GLQQN","TTNSMAFLAIASDRKSSTLILTHVSLRDAAVYH","GAGTRLKVIA","NTKITQSPRYLILGRANKSLECEQH","LGHNA","MYWYKQSAEKPPELMFL","YNLKQL","IRNETVPSRFIPECPDSSKLLLHISAVDPEDSAVYF","GPGTRLTVL","G1_87_AATCTAGGTATACAGC-1;G1_87_ACCCCTGGTGGTGGAG-1;G1_87_AGACGTACAAAGTATA-1;G1_87_CACCTCCAGCGAAGAT-1;G1_87_CAGTACATCGGATGTC-1;G1_87_CCACAACAGGCTGTTA-1;G1_87_CCATAACCAGGCGTTC-1;G1_87_CCATGACAGCCTCGTC-1;G1_87_CGACCCTTCCATGGCG-1;G1_87_CGCTTGTGTCTACTGC-1;G1_87_CGTCGGTCACAAGGCG-1;G1_87_CTCGAGCCAGTCATAC-1;G1_87_GGAGCGTAGGCTTGTA-1;G1_87_GTCATTCTCGTTAAGT-1;G1_87_GTCGGTCCAACAGCCC-1;G1_87_GTGCTGTAGGTCTGTA-1",16,"C_中优先（低度扩增）","Ready","Single"
"G1_84","CAVSGNSGTYQRF_CASSIKLGGYAEQFF","TRAV3-3","TRBV19","CAVSGNSGTYQRF","CASSIKLGGYAEQFF","TRAJ13","TRBJ2-1",15,"GEQVEQRPPHLSVREGDSAFITCTYT","DPNSYY","FFWYKQEPGASLQLLMK","VFSSTEI","NEGQGFTVLLNKKDKRLSLNLTAAHPGDSAAYF","GTGTKLQVVP","GGIITQTPKFLIGQEGQKLTLKCQQN","FNHDT","MYWYRQDSGKGLRLIYY","SITEND","LQKGDLSEGYDASREKKSSFSLTVTSAQKNEMAVFL","GPGTRLTVL","G1_84_AATTACCAGAGTTTCG-1;G1_84_ACACCCTGTATCCGAG-1;G1_84_ACTGCGCCACTGCTTC-1;G1_84_AGCAAGTAGCCTGATA-1;G1_84_ATCTCATGTCATCTTG-1;G1_84_ATTATCCGTAGCTTCC-1;G1_84_CAATGTCCACAAATGG-1;G1_84_CATACAAGTACTACGG-1;G1_84_CATATCCTCGCAACGT-1;G1_84_CATTCCCCAACATATT-1;G1_84_CCCATTGTCAGCATCA-1;G1_84_CGACGGTGTGGTATGT-1;G1_84_CTCACCCAGAAGCGGC-1;G1_84_GCAGCCTCAACCAACT-1;G1_84_GGTCTAGGTCTTAGCC-1",15,"C_中优先（低度扩增）","Ready","Single"
"G1_87","CAVSVPSGSWQLIF_CAWRSDNSPLYF","TRAV7-3","TRBV31","CAVSVPSGSWQLIF","CAWRSDNSPLYF","TRAJ22","TRBJ1-6",15,"QQNVQQSPESLIVPEGARTSLNCTFS","DSASQY","FWWYRQHSGKAPKALMS","IFSNGE","KEEGRFTIHLNKASLHFSLHIRDSQPSDSALYL","GSGTQLTVMP","AQTIHQWPVAEIKAVGSPLSLGCTIK","GKSSPN","LYWYWQATGGTLQQLFY","SITVG","QVESVVQLNLSASRPKDDQFILSTEKLLLSHSGFYL","AAGTRLTVT","G1_87_AAACCGCTCATGGTTG-1;G1_87_AAGGTCTGTACCACGA-1;G1_87_AAGTTCCCAACTTAGC-1;G1_87_AATTCCGAGCTTGAAT-1;G1_87_ACCTCAGCACGTAAAG-1;G1_87_AGCTGGGCACCTAAAC-1;G1_87_AGGACTTGTGTGCGCG-1;G1_87_ATACAACTCCAATTAA-1;G1_87_CAATTAGGTGGTAGGG-1;G1_87_CATGCACAGCCCAGCA-1;G1_87_CCGTCAGAGGGGTAAT-1;G1_87_CGCTTGCTCGTTGCTT-1;G1_87_CGTCAAATCGCGTGTG-1;G1_87_GCTGGCATCGTATTCC-1;G1_87_GTAGCTCAGGGGCTAA-1",15,"C_中优先（低度扩增）","Ready","Single"
"G1_87","CALSPFNTGNYKYVF_CASTSLGTGYEQYF","TRAV12-3","TRBV19","CALSPFNTGNYKYVF","CASTSLGTGYEQYF","TRAJ40","TRBJ2-7",14,"GDSVTQTEGLVTLTEGLPVMLNCTYQ","TIYSNPF","LFWYVHYLNESPRLLLK","SSTDNKR","TEHQGFHATLHKSSSSFHLQKSSAQLSDSALYY","GAGTRLKVIA","GGIITQTPKFLIGQEGQKLTLKCQQN","FNHDT","MYWYRQDSGKGLRLIYY","SITEND","LQKGDLSEGYDASREKKSSFSLTVTSAQKNEMAVFL","GPGTRLTVL","G1_87_AACCAGGAGGCGGTAA-1;G1_87_ACAGACCTCCGTACAA-1;G1_87_ATCGCCCTCGCAGTAC-1;G1_87_CACGTTCGTCAACTCC-1;G1_87_CAGCGTAGTGCTATAA-1;G1_87_CCTCGGTTCGTGTTGA-1;G1_87_CGTTAGCAGAGTGATA-1;G1_87_GCATAATTCCAGTACA-1;G1_87_GCCCCAAAGCGCTGCA-1;G1_87_GGACGCACAAAGGCAC-1;G1_87_GGGTAGCAGCCTGTAA-1;G1_87_GGGTTGCGTCCAGGGT-1;G1_87_GGTGGAGGTATAGCGT-1;G1_87_GTATGTCCAATGCTCG-1",14,"C_中优先（低度扩增）","Ready","Single"
"G1_71","CALSAGNKLTF_CASSRDRPNTEVFF","TRAV6D-6","TRBV17","CALSAGNKLTF","CASSRDRPNTEVFF","TRAJ17","TRBJ1-1",13,"GDSVTQTEGQVTVSESKSLIINCTYS","ATSIAYPN","LFWYVRYPGEGLQLLLK","VITAGQK","GSSRGFEATYNKETTSFHLQKASVQESDSAVYY","GIGTRVLVRP","DTTVKQNPRYKLARVGKPVNLICSQT","MNHDT","MYWYQKKPNQAPKLLLF","YYDKIL","NREADTFEKFQSSRPNNSFCSLYIGSAGLEYSAMYL","GKGTRLTVV","G1_71_AACGAACAGACAGCCT-1;G1_71_AATCAGCGTCAGGTGC-1;G1_71_ACACCCTGTCTCCTGG-1;G1_71_ACAGAAGGTGGGTTGC-1;G1_71_ATATTCGCAACGTCCA-1;G1_71_ATCAGGGAGGCGCTTG-1;G1_71_ATCGCGCCAACGTGCC-1;G1_71_ATGCGGAAGACGCCCA-1;G1_71_CCGTCTATCACTCGCC-1;G1_71_CTAGTTGAGCGCACAT-1;G1_71_CTCGAAATCAACAGGG-1;G1_71_CTGCTTCCAGTATGGA-1;G1_71_GGCGAGTAGCGATTTG-1",13,"C_中优先（低度扩增）","Ready","Single"
"G1_71","CALSRGSALGRLHF_CASSSTGSAETLYF","TRAV6N-7","TRBV17","CALSRGSALGRLHF","CASSSTGSAETLYF","TRAJ18","TRBJ2-3",13,"GDSVTQTEGQVALSEEDFLTIHCNYS","ASGYPA","LFWYVQYPGEGPQFLFR","ASRDKEK","GSSRGFEATYNKEATSFHLQKASVQESDSAVYY","GAGTQLIVIP","DTTVKQNPRYKLARVGKPVNLICSQT","MNHDT","MYWYQKKPNQAPKLLLF","YYDKIL","NREADTFEKFQSSRPNNSFCSLYIGSAGLEYSAMYL","GSGTRLTVL","G1_71_AAACTCCCAGCTACAT-1;G1_71_AAATGCTTCCTATGTC-1;G1_71_AACATTTCAACCTAAC-1;G1_71_AGGAAATGTGTTGGGC-1;G1_71_AGGGACATCGTCCTGC-1;G1_71_ATCTGCCGTCGGTTTC-1;G1_71_ATGGGCGCAAATCCCG-1;G1_71_CACCCAACACTGCGTA-1;G1_71_CGCCCATTCACCAATG-1;G1_71_CGGTTACAGCCGCACA-1;G1_71_GGAAGGACACACCGTA-1;G1_71_GGCAATCTCAGGGCTT-1;G1_71_GTGGTCAGTCACTAGG-1",13,"C_中优先（低度扩增）","Ready","Single"
"G1_87","CALSDSGGSNYKLTF_CASSRRDPSAETLYF","TRAV12-3","TRBV17","CALSDSGGSNYKLTF","CASSRRDPSAETLYF","TRAJ53","TRBJ2-3",13,"GDSVTQTEGLVTLTEGLPVMLNCTYQ","TIYSNPF","LFWYVHYLNESPRLLLK","SSTDNKR","TEHQGFHATLHKSSSSFHLQKSSAQLSDSALYY","GKGTLLTVTP","DTTVKQNPRYKLARVGKPVNLICSQT","MNHDT","MYWYQKKPNQAPKLLLF","YYDKIL","NREADTFEKFQSSRPNNSFCSLYIGSAGLEYSAMYL","GSGTRLTVL","G1_87_AACCGGGCACCTGCTT-1;G1_87_ACGAGGCAGCTAGATT-1;G1_87_ACTCACTTCGTTGGGT-1;G1_87_AGGCATTGTCCGAAAT-1;G1_87_AGTTATGGTGGGTAGG-1;G1_87_ATATCAGGTCGCCTAT-1;G1_87_CGGCCTAAGAGTTTCG-1;G1_87_CTGGTCGAGACCCTAA-1;G1_87_GCTAACATCACGGTCG-1;G1_87_GCTTTGAAGCTCAGCG-1;G1_87_GGACACAAGATCCACA-1;G1_87_GGGCTTTAGGGAGCTA-1;G1_87_GTCCATCGTGTTAGTA-1",13,"C_中优先（低度扩增）","Ready","Single"
"G1_87","CALVTSNTDKVVF_CASSLSWGGTSYEQYF","TRAV6D-4","TRBV29","CALVTSNTDKVVF","CASSLSWGGTSYEQYF","TRAJ34","TRBJ2-7",13,"GDSVTQKQGQVTLSEDDFLFINCTYS","TTTYPT","LFWYVQYPGQGPQLLLK","VTTANNK","GISRGFEATYDKGTTSFHLQKASVQESDSAVYF","GTGTRLQVSP","DMKVTQMPRYLIKRMGENVLLECGQD","MSHET","MYWYRQDPGLGLQLIYI","SYDVDS","NSEGDIPKGYRVSRKKREHFSLILDSAKTNQTSVYF","GPGTRLTVL","G1_87_AATATCATCGTATCTC-1;G1_87_AATATCATCGTCTCTG-1;G1_87_AATCCCTTCGTTAGCA-1;G1_87_AGGCACGCAGCATCCA-1;G1_87_AGGGCGTAGACAAGCG-1;G1_87_CAGCTCTGTGCCTATC-1;G1_87_CGGCTCCGTCCTTGCG-1;G1_87_CTCCTCAAGCACGGAA-1;G1_87_GCGTTTAAGACCCACG-1;G1_87_GTACGTCAGCGACCAT-1;G1_87_GTTATAGGTACAGCGC-1;G1_87_GTTCAATAGCTCGTGG-1;G1_87_GTTCTACTCCGATAAT-1",13,"C_中优先（低度扩增）","Ready","Single"
"G1_71","CILSTGYQNFYF_CAGGQGAYEQYF","TRAV21-DV12","TRBV13-1","CILSTGYQNFYF","CAGGQGAYEQYF","TRAJ49","TRBJ2-7",12,"DAKTTQPDSMESTEGETVHLPCSHA","TISGNEY","IYWYRQVPLQGPEYVTH","GLQQN","TTNSMAFLAIASDRKSSTLILTHVSLRDAAVYH","GKGTSLTVIP","EAAVTQSPRNKVTVTGGNVTLSCRQT","NSHNY","MYWYRQDTGHGLRLIHY","SYGAGN","LQIGDVPDGYKATRTTQEDFFLLLELASPSQTSLYF","GPGTRLTVL","G1_71_AAGGGCCAGGTAGCAG-1;G1_71_ACATTCTGTCAACCCT-1;G1_71_ATCAGGCTCGTAGCAC-1;G1_71_CAAGACCTCCTGAACA-1;G1_71_CATTAACAGGGAGCTA-1;G1_71_CCCATTCCAATAGTAA-1;G1_71_CGGGTAGCAAGCACAA-1;G1_71_CTTAGCCGTAATGGTC-1;G1_71_CTTGTCAGTGTCTGAG-1;G1_71_GGAGCGTAGATAGGGT-1;G1_71_GGCATAGAGCGATTAT-1;G1_71_GGCTTTCGTCCTATGC-1",12,"C_中优先（低度扩增）","Ready","Single"
"G1_87","CALGSRNNYAQGLTF_CASSESGANTEVFF","TRAV6D-6","TRBV13-1","CALGSRNNYAQGLTF","CASSESGANTEVFF","TRAJ26","TRBJ1-1",12,"GDSVTQTEGQVTVSESKSLIINCTYS","TTSIAYPN","LFWYVRYPGEGLQLLLK","VITAGQK","GSSRGFEATYNKETTSFHLQKASVQESDSAVYY","GLGTRVSVFP","EAAVTQSPRNKVTVTGGNVTLSCRQT","NSHNY","MYWYRQDTGHGLRLIHY","SYGAGN","LQIGDVPDGYKATRTTQEDFFLLLELASPSQTSLYF","GKGTRLTVV","G1_87_AAAGCCCTCCGTAAAT-1;G1_87_AAGCCATGTCTTCTCT-1;G1_87_AAGCTTTAGGCTGTCG-1;G1_87_AGGAATTCACTAACGT-1;G1_87_AGTTGGCTCGTTATGG-1;G1_87_CACACTCGTGCCTGCC-1;G1_87_CATTCAACACAGGTAA-1;G1_87_CGAGTCAGTGGGGCTT-1;G1_87_CGCGACTCACCTAGGC-1;G1_87_CTAAAGCGTGTCTTAT-1;G1_87_GCTGTCGAGGCACCCA-1;G1_87_GTTAGCTCAACGTGGG-1",12,"C_中优先（低度扩增）","Ready","Single"
"G1_87","CAMREGMTTASLGKLQF_CASSLGTGEYEQYF","TRAV16N","TRBV3","CAMREGMTTASLGKLQF","CASSLGTGEYEQYF","TRAJ24","TRBJ2-7",12,"AQKVTQTQTSISVMEKTTVTMDCVYE","TQDSSYF","LFWYKQTASGEIVFLIR","QDSYKKEN","ATVGHYSLNFQKPKSSIGLIITATQIEDSAVYF","GTGTQVVVTP","GPKVLQIPSHQIIDMGQMVTLNCDPV","SNHLY","FYWYKQILGQQMEFLVN","FYNGKV","MEKSKLFKDQFSVERPDGSYFTLKIQPTALEDSAVYF","GPGTRLTVL","G1_87_AACGAGAGTATGGGCC-1;G1_87_ACATTAATCCTATTGC-1;G1_87_ATGCTACCAGTTAGTC-1;G1_87_ATGGTTTAGCCGGTAT-1;G1_87_CGGTTAGGTGTGCCTT-1;G1_87_CTATTGGAGGGAGAGG-1;G1_87_CTCAGTAAGATGAGGT-1;G1_87_CTCTCGATCCTAGGGT-1;G1_87_GGTTCAGGTCTTAGTT-1;G1_87_GTATTGTAGCTGTGGT-1;G1_87_GTCCTTTAGACTCAGC-1;G1_87_GTTGGCGTCAGCACGT-1",12,"C_中优先（低度扩增）","Ready","Single"
"G1_84","CAASGNTGYQNFYF_CASSGGQSEVFF","TRAV7D-4","TRBV13-1","CAASGNTGYQNFYF","CASSGGQSEVFF","TRAJ49","TRBJ1-1",11,"QQKVQQSPESLSVPEGGMASLNCTSS","DRNFQY","FWWYRQHSGEGPKALMS","IFSDGD","KKEGRFTAHLNKASLHVSLHIRDSQPSDSALYF","GKGTSLTVIP","EAAVTQSPRNKVTVTGGNVTLSCRQT","NSHNY","MYWYRQDTGHGLRLIHY","SYGAGN","LQIGDVPDGYKATRTTQEDFFLLLELASPSQTSLYF","GKGTRLTVV","G1_84_ACTATATCAGCGCGAA-1;G1_84_ACTCGGGTCAATGGTT-1;G1_84_AGAGGGTGTAGCGGTC-1;G1_84_AGGTACGAGATAAGTG-1;G1_84_ATCTCGCGTAGCTGAT-1;G1_84_CAACTTCTCACAACAT-1;G1_84_CAGCAATGTGTCGCCC-1;G1_84_CAGGATTGTCTAGCAG-1;G1_84_CCAACATCACACTTAA-1;G1_84_GTAGAAGGTACGTTGG-1;G1_84_GTATGGGAGGCTCACG-1",11,"C_中优先（低度扩增）","Ready","Single"
"G1_84","CIVTDINNNNRIFF_CASSPTGNYAEQFF","TRAV2","TRBV10","CIVTDINNNNRIFF","CASSPTGNYAEQFF","TRAJ31","TRBJ2-1",11,"LAKTTQPPSMEAYEGQEVNVSCSHT","NIATSEY","IYWYRQVPHQGPQFIIQ","GYKDYVV","NEVASLFISADRKLSTLSLPWVSLRDAAVYY","GDGTQLVVKP","ETAVFQTPNYHVTQVGNEVSFNCKQT","LGHDT","MYWYKQDSKKLLKIMFS","YNNKQL","IVNETVPRRFSPQSSDKAHLNLRIKSVEPEDSAVYL","GPGTRLTVL","G1_84_AATCCTCTCCGTATTC-1;G1_84_AATGTTGGTGTGCATG-1;G1_84_ACCAAATTCCAGCGCA-1;G1_84_ACGCGCATCACTCTTA-1;G1_84_AGACGACCAATGCGGG-1;G1_84_ATATGTTCAAGGTTAG-1;G1_84_CCATTCCCACCTATAA-1;G1_84_CCGTAAATCGCATTAG-1;G1_84_CGTAACTCACCAATTA-1;G1_84_GCTCTAAAGATCGATT-1;G1_84_GTATTCACAAGCGTTT-1",11,"C_中优先（低度扩增）","Ready","Single"
"G1_87","CAARTGNTRKLIF_CAWSLAGARSDYTF","TRAV14N-1","TRBV31","CAARTGNTRKLIF","CAWSLAGARSDYTF","TRAJ37","TRBJ1-2",11,"QQQVRQSPQSLTVWEGETAILNCSYE","DSTFNY","FPWYQQFPGEGPALLIS","ISSVSDK","KEDGRFTIFFNKREKKLSLHITDSQPGDSATYF","GLGTTLQVQP","AQTIHQWPVAEIKAVGSPLSLGCTIK","GKSSPN","LYWYWQATGGTLQQLFY","SITVG","QVESVVQLNLSASRPKDDQFILSTEKLLLSHSGFYL","GSGTRLLVI","G1_87_AACGTGGAGGTTGGAG-1;G1_87_AGGTACGAGGCGATAG-1;G1_87_ATGTTAATCAAGTTCG-1;G1_87_CACCACGAGCAGGGTA-1;G1_87_CCTTATCAGACATGCC-1;G1_87_CGCTGACCACCCAGAC-1;G1_87_CTCCTGGGTAAGCATC-1;G1_87_GCATTCGCACAGCGGA-1;G1_87_GCCATAATCGCGTGCA-1;G1_87_GTACGTATCCATTCAC-1;G1_87_GTCTCGCTCGCTTAAG-1",11,"C_中优先（低度扩增）","Ready","Single"
"G1_71","CAVSPSSGSWQLIF_CAWSRTGGAVGSDYTF","TRAV7-3","TRBV31","CAVSPSSGSWQLIF","CAWSRTGGAVGSDYTF","TRAJ22","TRBJ1-2",10,"QQNVQQSPESLIVPEGARTSLNCTFS","DSASQY","FWWYRQHSGKAPKALMS","IFSNGE","KEEGRFTIHLNKASLHFSLHIRDSQPSDSALYL","GSGTQLTVMP","AQTIHQWPVAEIKAVGSPLSLGCTIK","GKSSPN","LYWYWQATGGTLQQLFY","SITVG","QVESVVQLNLSASRPKDDQFILSTEKLLLSHSGFYL","GSGTRLLVI","G1_71_AAGCGTTGTAGCTGTG-1;G1_71_AAGGGTTAGCTCGAAC-1;G1_71_AGAGGTAGTCGCAGTA-1;G1_71_AGGCTGAAGCACAATT-1;G1_71_ATAACAGAGGTAGTTT-1;G1_71_CAAGCGTTCCTATTGC-1;G1_71_CACCATTTCGGTCAGT-1;G1_71_CGTTTCGTCCCTAGTT-1;G1_71_GCAAAGTAGCTACTTC-1;G1_71_GCTAAGTGTCACCCTG-1",10,"C_中优先（低度扩增）","Ready","Single"
"G1_87","CAARSDTNAYKVIF_CTCSAVQGAGNTLYF","TRAV9-4","TRBV1","CAARSDTNAYKVIF","CTCSAVQGAGNTLYF","TRAJ30","TRBJ1-3",10,"AQSVTQPDARVTVSEGASLQLRCKYS","YSGTPY","LFWYVQYPRQGLQLLLK","YYSGDPVV","QGVNGFEAEFSKSDSSFHLRKASVHWSDSAVYF","GKGTHLHVLP","VTLLEQNPRWRLVPRGQAVNLRCILK","NSQYPW","MSWYQQDLQKQLQWLFT","LRSPGD","KEVKSLPGADYLATRVTDTELRLQVANMSQGRTLY","GEGSRLIVV","G1_87_ACCATACCACTAAAGG-1;G1_87_ACCTCTGTCCTCCAGC-1;G1_87_AGCGCGACAACATGTC-1;G1_87_ATAAGCTTCAACTCCT-1;G1_87_ATTCTGTGTCAGGATT-1;G1_87_CATCGGGTCCAGCGCA-1;G1_87_CCAGAACTCGGTTATG-1;G1_87_CCGATACAGCTAGCGT-1;G1_87_GGAGGTATCCCGGCTT-1;G1_87_GTTATGAGTATAAGGG-1",10,"C_中优先（低度扩增）","Ready","Single"
"G1_87","CAASTGSGGKLTL_CASSQVLGGPTGQLYF","TRAV7D-4","TRBV5","CAASTGSGGKLTL","CASSQVLGGPTGQLYF","TRAJ44","TRBJ2-2",9,"QQKVQQSPESLSVPEGGMASLNCTSS","DRNFQY","FWWYRQHSGEGPKALMS","IFSDGD","KKEGRFTAHLNKASLHVSLHIRDSQPSDSALYF","GTGTRLQVNL","NTKITQSPRYLILGRANKSLECEQH","LGHNA","MYWYKQSAEKPPELMFL","YNLKQL","IRNETVPSRFIPECPDSSKLLLHISAVDPEDSAVYF","GEGSKLTVL","G1_87_ACAAGGAGTATGTGCG-1;G1_87_ACCCCATGTATCAATG-1;G1_87_AGGACACCAGGTCATT-1;G1_87_AGTACGGAGCCATCAA-1;G1_87_ATGGCGAAGCATTTGG-1;G1_87_CAGCTTCGTATCTCTG-1;G1_87_CCAACATCAATCCAAC-1;G1_87_GGACAACCAAGAGGTC-1;G1_87_GGCTTGGTCAGTTTCC-1",9,"D_低优先（轻微扩增）","Ready","Single"
"G1_87","CAVRAFYNTNTGKLTF_CASSLRGGAETLYF","TRAV3-3","TRBV17","CAVRAFYNTNTGKLTF","CASSLRGGAETLYF","TRAJ27","TRBJ2-3",9,"GEQVEQRPPHLSVREGDSAFITCTYT","DPNSYY","FFWYKQEPGASLQLLMK","VFSSTEI","NEGQGFTVLLNKKDKRLSLNLTAAHPGDSAAYF","GDGTVLTVKP","DTTVKQNPRYKLARVGKPVNLICSQT","MNHDT","MYWYQKKPNQAPKLLLF","YYDKIL","NREADTFEKFQSSRPNNSFCSLYIGSAGLEYSAMYL","GSGTRLTVL","G1_87_ACATAAGAGCATGCCG-1;G1_87_ACCACAATCGCGGCTA-1;G1_87_ACGCGCGGTGGGTGAG-1;G1_87_AGCTTGCAGCGGTCAT-1;G1_87_ATACGTCCAATTAACT-1;G1_87_ATCCAATAGGCTACAC-1;G1_87_ATCGTCGCACACTAAC-1;G1_87_CGCGTCAAGCTTCTAC-1;G1_87_CGTTTGAAGGTCCATA-1",9,"D_低优先（轻微扩增）","Ready","Single"
"G1_71","CAVSPNTGYQNFYF_CASRSDRGPDTEVFF","TRAV9-4","TRBV17","CAVSPNTGYQNFYF","CASRSDRGPDTEVFF","TRAJ49","TRBJ1-1",8,"AQSVTQPDARVTVSEGASLQLRCKYS","YSATPY","LFWYVQYPRQGLQLLLK","YYSGDPVV","QGVNGFEAEFSKSNSSFHLRKASVHWSDSAVYF","GKGTSLTVIP","DTTVKQNPRYKLARVGKPVNLICSQT","MNHDT","MYWYQKKPNQAPKLLLF","YYDKIL","NREADTFEKFQSSRPNNSFCSLYIGSAGLEYSAMYL","GKGTRLTVV","G1_71_AGACAATCACGAGCGA-1;G1_71_AGCTGTATCGTATTGG-1;G1_71_AGGACCGCACCGTTAG-1;G1_71_ATCCGCCTCCGGAAAG-1;G1_71_CTCCTTACAGCGACAG-1;G1_71_CTGCATTTCCCAACCC-1;G1_71_GGAGCAGGTCAGGCCG-1;G1_71_GGTTTACCAAATATAG-1",8,"D_低优先（轻微扩增）","Ready","Single"
"G1_84","CALGGSAKLIF_CASRVRGSNERLFF","TRAV12N-2","TRBV17","CALGGSAKLIF","CASRVRGSNERLFF","TRAJ57","TRBJ1-4",8,"GDSVTQTEGLVTLTEGLPVMLNCTYQ","TAYSTF","LFWYVQHLNEAPKLLLK","SSTDNKR","TEHQGFHATLHKSSSSFHLQKSSAQLSDSALYY","GEGTKLTVSS","DTTVKQNPRYKLARVGKPVNLICSQT","MNHDT","MYWYQKKPNQAPKLLLF","YYDKIL","NREADTFEKFQSSRPNNSFCSLYIGSAGLEYSAMYL","GHGTKLSVL","G1_84_ACCCTTAGTCACGCGG-1;G1_84_AGCCCCTTCGTGGCCA-1;G1_84_AGTGTAAAGAAAGTGC-1;G1_84_CAAGGCAAGGGCGATA-1;G1_84_CTCTAGAAGGTATTGT-1;G1_84_GCATAGACAATGGGAC-1;G1_84_GTAATAGAGATGAAGC-1;G1_84_GTGTCGAGTAGGATTC-1",8,"D_低优先（轻微扩增）","Ready","Single"
"G1_84","CALSPMATGGNNKLTF_CASSRQNTLYF","TRAV12N-2","TRBV2","CALSPMATGGNNKLTF","CASSRQNTLYF","TRAJ56","TRBJ2-4",8,"GDSVTQTEGLVTLTEGLPVMLNCTYQ","TAYSTF","LFWYVQHLNEAPKLLLK","SSTDNKR","TEHQGFHATLHKSSSSFHLQKSSAQLSDSALYY","GQGTVLSVIP","DPKIIQKPKYLVAVTGSEKILICEQY","LGHNA","MYWYRQSAKKPLEFMFS","YSYQKL","MDNQTASSRFQPQSSKKNHLDLQITALKPDDSATYF","GAGTRLSVL","G1_84_AACCAATTCAGCTTAG-1;G1_84_AGAATAGTCCACTACT-1;G1_84_AGCGGTCGTAGTTGCG-1;G1_84_CTCGTAAAGACGACAG-1;G1_84_CTGACATCACATAGTC-1;G1_84_GCCAATATCCGGTCCT-1;G1_84_GCGCATTAGGCAACGA-1;G1_84_GGATCAACAGCGCGAA-1",8,"D_低优先（轻微扩增）","Ready","Single"
"G1_84","CAMRDRRASSSFSKLVF_CASSTGTGLAPLF","TRAV6-3","TRBV19","CAMRDRRASSSFSKLVF","CASSTGTGLAPLF","TRAJ50","TRBJ1-5",8,"GDSVIQMQGQVTLSENDFLFINCTYS","TTGYPT","LFWYVQYSGEGPQLLLQ","VTTANNK","GSSRGFEATYDKGTTSFHLQKTSVQEIDSAVYY","GQGTSLSVVP","GGIITQTPKFLIGQEGQKLTLKCQQN","FNHDT","MYWYRQDSGKGLRLIYY","SITEND","LQKGDLSEGYDASREKKSSFSLTVTSAQKNEMAVFL","GEGTRLSVL","G1_84_AGAGAGAAGCTGTTGA-1;G1_84_CAATATGGTAATTCAG-1;G1_84_CAGGTGCGTCCTATGC-1;G1_84_CCTGCACTCGGCTAAC-1;G1_84_CGACAAGAGCGACGTT-1;G1_84_CGAGTGCGTCTAAGTA-1;G1_84_CGCATACAGAATGGCG-1;G1_84_GCCCCAAAGCGTTATG-1",8,"D_低优先（轻微扩增）","Ready","Single"
"G1_84","CAVGTGGYKVVF_CASSMAGGYAEQFF","TRAV3-3","TRBV19","CAVGTGGYKVVF","CASSMAGGYAEQFF","TRAJ12","TRBJ2-1",8,"GEQVEQRPPHLSVREGDSAVITCTYT","DPNSYY","FFWYKQEPGASLQLLMK","VFSSTEI","NEGQGFTVLLNKKDKRLSLNLTAAHPGDSAAYF","GSGTRLLVSP","GGIITQTPKFLIGQEGQKLTLKCQQN","FNHDT","MYWYRQDSGKGLRLIYY","SITEND","LQKGDLSEGYDASREKKSSFSLTVTSAQKNEMAVFL","GPGTRLTVL","G1_84_AAGCATTTCCACCGCT-1;G1_84_AAGCTTGTCAAATCAC-1;G1_84_AATTCCCTCCATTCTA-1;G1_84_ACTATATCAAGGCGCA-1;G1_84_CCACGTACACTGCAAT-1;G1_84_CCATGCACACGATTTA-1;G1_84_CGGTTCTGTCACTTTG-1;G1_84_GCGTCATAGCAACAGG-1",8,"D_低优先（轻微扩增）","Ready","Single"
"G1_84","CAVRDTNAYKVIF_CASSKTGGAETLYF","TRAV1","TRBV19","CAVRDTNAYKVIF","CASSKTGGAETLYF","TRAJ30","TRBJ2-3",8,"GQGVEQPDNLMSVEGTFARVNCTYS","TSGFNG","LSWYQQREGHAPVFLSY","VVLDGL","KDSGHFSTFLSRSNGYSYLLLTELQIKDSASYL","GKGTHLHVLP","GGIITQTPKFLIGQEGQKLTLKCQQN","FNHDT","MYWYRQDSGKGLRLIYY","SITEND","LQKGDLSEGYDASREKKSSFSLTVTSAQKNEMAVFL","GSGTRLTVL","G1_84_ACGTGGTTCCAATATA-1;G1_84_AGGGTCGCACACTCGA-1;G1_84_ATCAGGGAGCCTCGTC-1;G1_84_ATCCGCTGTATCCTAT-1;G1_84_CCGTCTATCAATCGCA-1;G1_84_CCTAGTAAGCATACAT-1;G1_84_CTAATCTGTCAGGGTC-1;G1_84_CTATCCCCAGCCTTAG-1",8,"D_低优先（轻微扩增）","Ready","Single"
"G1_87","CALSEETGANTGKLTF_CASSGGVEQYF","TRAV12-1","TRBV13-1","CALSEETGANTGKLTF","CASSGGVEQYF","TRAJ52","TRBJ2-7",8,"GDSVTQTEGLVTVTEGLPVKLNCTYQ","TTYLTIA","FFWYVQYLNEAPQVLLR","SSTDNKR","TEHQGFHATLHKSSSSFHLQKSSAQLSDSALYY","GHGTILRVHP","EAAVTQSPRNKVTVTGGNVTLSCRQT","NSHNY","MYWYRQDTGHGLRLIHY","SYGAGN","LQIGDVPDGYKATRTTQEDFFLLLELASPSQTSLYF","GPGTRLTVL","G1_87_AGCCAACTCCTGCATT-1;G1_87_AGTGCAACAAAACCGA-1;G1_87_CTGCACACAGTCGCAC-1;G1_87_CTGTTGAAGAACCCCG-1;G1_87_CTTCATTCAAGTGCAA-1;G1_87_GGGATAAGTATACTTC-1;G1_87_GGGGCATAGAGAGAGA-1;G1_87_GTGTAGCTCCGGTCAG-1",8,"D_低优先（轻微扩增）","Ready","Single"
"G1_87","CATGFASALTF_CASSQDIISNERLFF","TRAV8D-1","TRBV5","CATGFASALTF","CASSQDIISNERLFF","TRAJ35","TRBJ1-4",8,"SQLAEENPWALSVHEGESVTVNCSYK","TSITA","LQWYRQKSGEGPAQLIL","IRSNERE","KRNGRLRATLDTSSQSSSLSITATRCEDTAVYF","GSGTKVIVLPY","NTKITQSPRYLILGRANKSLECEQH","LGHNA","MYWYKQSAEKPPELMFL","YNLKQL","IRNETVPSRFIPECPDSSKLLLHISAVDPEDSAVYF","GHGTKLSVL","G1_87_AAAGGGGCACTAGGCC-1;G1_87_AACGGCTTCATGGCCG-1;G1_87_AATCGAGCAACAGGGT-1;G1_87_AGGCTTGGTCTCCTGG-1;G1_87_AGGGGAACACTATCCC-1;G1_87_AGTCCGCCAGCATGAA-1;G1_87_CGGTTAGGTCACACCT-1;G1_87_GCTTGTAAGGGGTAGC-1",8,"D_低优先（轻微扩增）","Ready","Single"
"G1_87","CINQGGSAKLIF_CASSRFYEQYF","TRAV21-DV12","TRBV13-3","CINQGGSAKLIF","CASSRFYEQYF","TRAJ57","TRBJ2-7",8,"DAKTTQPDSMESTEGETVHLPCSHA","TISGNEY","IYWYRQVPLQGPEYVTH","GLQQN","TTNSMAFLAIASDRKSSTLILTHVSLRDAAVYH","GEGTKLTVSS","EAAVTQSPRSKVAVTGGKVTLSCHQT","NNHDY","MYWYRQDTGHGLRLIHY","SYVADS","TEKGDIPDGYKASRPSQENFSLILELASLSQTAVYF","GPGTRLTVL","G1_87_AAGGGGCTCCAGTCCC-1;G1_87_AGGTTTCCAGGAACGT-1;G1_87_CAGTTGGGTATCCGAG-1;G1_87_CTGAAAGCAAGGCACG-1;G1_87_GCCTTGCTCCATACCT-1;G1_87_GGATTTAGTCGAAGGG-1;G1_87_GTATTCGAGCCCTAGG-1;G1_87_GTTCAGTCACCTCGAA-1",8,"D_低优先（轻微扩增）","Ready","Single"
"G1_71","CAASAWNNAGAKLTF_CASSDPLLTSAETLYF","TRAV14D-3-DV8","TRBV13-3","CAASAWNNAGAKLTF","CASSDPLLTSAETLYF","TRAJ39","TRBJ2-3",7,"QQQVRQSPQSLTVWEGETAILNCSYE","NSAFDY","FPWYQQFPGEGPALLIS","ILSVSNK","KEDGRFTIFFNKREKKLSLHIADSQPGDSATYF","GGGTRLTVRP","EAAVTQSPRSKVAVTGGKVTLSCHQT","NNHDY","MYWYRQDTGHGLRLIHY","SYVADS","TEKGDIPDGYKASRPSQENFSLILELASLSQTAVYF","GSGTRLTVL","G1_71_AGCCGTCCAATCGGGG-1;G1_71_CCATGGTAGCTCGATA-1;G1_71_CCGATAGGTAGCAATC-1;G1_71_CGTTGGAGTACGGTCA-1;G1_71_GCGCATGTCCTCGCAC-1;G1_71_GCGTTAATCGGTGCAT-1;G1_71_GTGTTAAGTCGTAGTG-1",7,"D_低优先（轻微扩增）","Ready","Single"
"G1_71","CAASQNTGYQNFYF_CASRPTGAYEQYF","TRAV5N-4","TRBV14","CAASQNTGYQNFYF","CASRPTGAYEQYF","TRAJ49","TRBJ2-7",7,"GEQVEQLPSILRVQEGSSASINCTYE","NSASNY","FPWYKQEPGENPKLIID","IRSNMER","KQTQGLIVLLDKKAKRFSLHITDTQPGDSAMYF","GKGTSLTVIP","EAGVTQSPRYAVLQEGQAVSFWCDPI","SGHDT","LYWYQQPRDQGPQLLVY","FRDEAV","IDNSQLPSDRFSAVRPKGTNSTLKIQSAKQGDTATYL","GPGTRLTVL","G1_71_ACCTTAACAGTTGGGG-1;G1_71_ATGGCCGTCCGCACTC-1;G1_71_CATTACCTCACGACAC-1;G1_71_CGTGTTAAGGGTGAAT-1;G1_71_CTCATTATCCCGCATC-1;G1_71_CTGGTCTGTAAGGCCC-1;G1_71_GGGTTAGAGCGCGTCA-1",7,"D_低优先（轻微扩增）","Ready","Single"
"G1_71","CAATSGGNYKPTF_CASRTDFSNERLFF","TRAV7D-2","TRBV12-2+TRBV13-2","CAATSGGNYKPTF","CASRTDFSNERLFF","TRAJ6","TRBJ1-4",7,"QQKVQQSPESLIVPEGGMASLNCTSS","DRNVDY","FWWYRQHSGKSPKMLMS","IFSNGE","KEEGRFTVHLNKASLHTSLHIRDSQPSDSALYL","GKGTSLVVHP","EAAVTQSPRNKVAVTGGKVTLSCNQT","NNHNN","MYWYRQDTGHGLRLIHY","SYGAGS","TEKGDIPDGYKASRPSQENFSLILELATPSQTSVYF","GHGTKLSVL","G1_71_AGGCAGGGTCCACGTT-1;G1_71_CACTATACAATAGTAA-1;G1_71_CGATTTACAAGAGATT-1;G1_71_CGTTATGAGCACCACG-1;G1_71_CTAGGTCAGATCGGAG-1;G1_71_CTCCACATCAGGCCAT-1;G1_71_GTTCTATGTATGTCTT-1",7,"D_低优先（轻微扩增）","Ready","Multi_Allele"
"G1_71","CAKDTGSGGKLTL_CASSDAGDWGDEQYF","TRAV10D","TRBV13-1","CAKDTGSGGKLTL","CASSDAGDWGDEQYF","TRAJ44","TRBJ2-7",7,"GEKVEQHESTLSVREGDSAVINCTYT","DTASSY","FPWYKQEAGKGLHFVID","IRSNVDR","KQSQRLIVLLDKKAKRFSLHITATQPEDSAIYF","GTGTRLQVNL","EAAVTQSPRNKVTVTGGNVTLSCRQT","NSHNY","MYWYRQDTGHGLRLIHY","SYGAGN","LQIGDVPDGYKATRTTQEDFFLLLELASPSQTSLYF","GPGTRLTVL","G1_71_AAACTACTCGGTATAT-1;G1_71_AGCCTCTGTCGCTGGG-1;G1_71_ATACAAGAGGTCGGTT-1;G1_71_CGGTCGATCATGGCGT-1;G1_71_GGAATGGTCCTCGGCT-1;G1_71_GGCTAATGTAACAGGA-1;G1_71_GGGAGATGTGGGTTAT-1",7,"D_低优先（轻微扩增）","Ready","Single"
"G1_71","CAPSSSGSWQLIF_CAWSLVAEISSYEQYF","TRAV3-4","TRBV31","CAPSSSGSWQLIF","CAWSLVAEISSYEQYF","TRAJ22","TRBJ2-7",7,"GEQVEQRPPHLSVPEGDSAVIICTYT","DSATAY","FYWYKQEPGAGLQLLMS","VFSNVDR","KEEQGLTVLLNKKDKQLSLNLTAAHPGDSAVYF","GSGTQLTVMP","AQTIHQWPVAEIKAVGSPLSLGCTIK","GKSSPN","LYWYWQATGGTLQQLFY","SITVG","QVESVVQLNLSASRPKDDQFILSTEKLLLSHSGFYL","GPGTRLTVL","G1_71_AGCGGACAGACAGAAC-1;G1_71_ATGCCGAGTAGGCTCA-1;G1_71_CCTGCACTCCGCCGTT-1;G1_71_GCCCACAAGCGACAAG-1;G1_71_GCGAAGCAGGGCTAAG-1;G1_71_GGGATTACAGGTTCGC-1;G1_71_GTATGGACACACTCTC-1",7,"D_低优先（轻微扩增）","Ready","Single"
"G1_71","CILRDSNTDKVVF_CASSIAGQDTQYF","TRAV21-DV12","TRBV19","CILRDSNTDKVVF","CASSIAGQDTQYF","TRAJ34","TRBJ2-5",7,"DAKTTQPDSMESTEGETVHLPCSHA","TISGNEY","IYWYRQVPLQGPEYVTH","GLQQN","TTNSMAFLAIASDRKSSTLILTHVSLRDAAVYH","GTGTRLQVSP","GGIITQTPKFLIGQEGQKLTLKCQQN","FNHDT","MYWYRQDSGKGLRLIYY","SITEND","LQKGDLSEGYDASREKKSSFSLTVTSAQKNEMAVFL","GPGTRLLVL","G1_71_AGGGCGAGTCCGTTTA-1;G1_71_ATCGTTGAGACGTGTC-1;G1_71_CCGACATAGAACCCAC-1;G1_71_CTAACTTGTCTAATGA-1;G1_71_GCTAGATGTCCGAAAT-1;G1_71_GCTTACTTCCTTAACC-1;G1_71_GTGCCCAAGACCCGCA-1",7,"D_低优先（轻微扩增）","Ready","Single"
"G1_84","CAASNNRIFF_CASSLPGQGYEQYF","TRAV14N-1","TRBV5","CAASNNRIFF","CASSLPGQGYEQYF","TRAJ31","TRBJ2-7",7,"QQQVRQSPQSLTVWEGETAILNCSYE","DSTFNY","FPWYQQFPGEGPALLIS","ISSVSDK","KEDGRFTIFFNKREKKLSLHITDSQPGDSATYF","GDGTQLVVKP","NTKITQSPRYLILGRANKSLECEQH","LGHNA","MYWYKQSAEKPPELMFL","YNLKQL","IRNETVPSRFIPECPDSSKLLLHISAVDPEDSAVYF","GPGTRLTVL","G1_84_ATAATTGTCCAGCCTC-1;G1_84_ATATCTGCAATGAATA-1;G1_84_ATGTTAGGTATTGCTT-1;G1_84_CAACATCCACGGGTCT-1;G1_84_CTAGGTGGTAAGTTTG-1;G1_84_GGCAAGGGTCATGTGG-1;G1_84_GGGACTCGTACGCTTC-1",7,"D_低优先（轻微扩增）","Ready","Single"
"G1_84","CILHTGNYKYVF_CASSGTGGSYEQYF","TRAV21-DV12","TRBV17","CILHTGNYKYVF","CASSGTGGSYEQYF","TRAJ40","TRBJ2-7",7,"DAKTTQPDSMESTEGETVHLPCSHA","TISGNEY","IYWYRQVPLQGPEYVTH","GLQQN","TTNSMAFLAIASDRKSSTLILTHVSLRDAAVYH","GAGTRLKVIA","DTTVKQNPRYKLARVGKPVNLICSQT","MNHDT","MYWYQKKPNQAPKLLLF","YYDKIL","NREADTFEKFQSSRPNNSFCSLYIGSAGLEYSAMYL","GPGTRLTVL","G1_84_ACAATCCCAATGTGAG-1;G1_84_AGTATCCCACCCAGAC-1;G1_84_ATGCCTTTCACAACGC-1;G1_84_CACCGCAAGCATTCAG-1;G1_84_CGGCTTACACCAACGC-1;G1_84_CGTTCCGGTCTGCAAG-1;G1_84_GCATAGACAACTGCAT-1",7,"D_低优先（轻微扩增）","Ready","Single"
"G1_87","CALGEGATGGNNKLTF_CASSQELGGYYAEQFF","TRAV6D-6","TRBV2","CALGEGATGGNNKLTF","CASSQELGGYYAEQFF","TRAJ56","TRBJ2-1",7,"GDSVTQTEGQVTVSESKSLIINCTYS","TTSIAYPN","LFWYVRYPGEGLQLLLK","VITAGQK","GSSRGFEATYNKETTSFHLQKASVQESDSAVYY","GQGTVLSVIP","DPKIIQKPKYLVAVTGSEKILICEQY","LGHNA","MYWYRQSAKKPLEFMFS","YSYQKL","MDNQTASSRFQPQSSKKNHLDLQITALKPDDSATYF","GPGTRLTVL","G1_87_AAGGTCTGTGGTGCCG-1;G1_87_ACACCGTAGGGCTAAG-1;G1_87_AGGCTCGTCCGGTCAG-1;G1_87_CTCGTTCCAGTGCGTC-1;G1_87_GGTAGCTTCAACCCTT-1;G1_87_GTATAGGCAGTAGTAG-1;G1_87_GTCCATAAGCCGTCAG-1",7,"D_低优先（轻微扩增）","Ready","Single"
"G1_71","CALSDQGNAPRF_CASSIRTGGYAEQFF","TRAV6N-7","TRBV19","CALSDQGNAPRF","CASSIRTGGYAEQFF","TRAJ43","TRBJ2-1",6,"GDSVTQTEGQVALSEEDFLTIHCNYS","ASGYPA","LFWYVQYPGEGPQFLFR","ASRDKEK","GSSRGFEATYNKEATSFHLQKASVQESDSAVYY","GAGTKLTVKP","GGIITQTPKFLIGQEGQKLTLKCQQN","FNHDT","MYWYRQDSGKGLRLIYY","SITEND","LQKGDLSEGYDASREKKSSFSLTVTSAQKNEMAVFL","GPGTRLTVL","G1_71_AAAGCTCGTGGTGTAT-1;G1_71_ATTCAAATCGCAAGCT-1;G1_71_CTGCACACAACCAGAA-1;G1_71_CTGGAGGCACTGGGAG-1;G1_71_GGCCATGTCCGAATGC-1;G1_71_GTTGGAGAGCATGTTG-1",6,"D_低优先（轻微扩增）","Ready","Single"
"G1_71","CAMREGMNYGGSGNKLIF_CTCSADRQRAEQFF","TRAV16N","TRBV1","CAMREGMNYGGSGNKLIF","CTCSADRQRAEQFF","TRAJ32","TRBJ2-1",6,"AQKVTQTQTSISVMEKTTVTMDCVYE","TQDSSYF","LFWYKQTASGEIVFLIR","QDSYKKEN","ATVGHYSLNFQKPKSSIGLIITATQIEDSAVYF","GTGTLLSVKP","VTLLEQNPRWRLVPRGQAVNLRCILK","NSQYPW","MSWYQQDLQKQLQWLFT","LRSPGD","KEVKSLPGADYLATRVTDTELRLQVANMSQGRTLY","GPGTRLTVL","G1_71_AATCTCTGTAGCGTCA-1;G1_71_AGTCTTGAGGGCGAAC-1;G1_71_CTAGTGCAGAGGACAT-1;G1_71_CTATCGCGTCTCGTCG-1;G1_71_GGCGAAGGTCGCGCTC-1;G1_71_GGTTGTATCGCGCAAT-1",6,"D_低优先（轻微扩增）","Ready","Single"
"G1_71","CAMREGMTTASLGKLQF_CASSLGTGDYEQYF","TRAV16N","TRBV3","CAMREGMTTASLGKLQF","CASSLGTGDYEQYF","TRAJ24","TRBJ2-7",6,"AQKVTQTQTSISVMEKTTVTMDCVYE","TQDSSYF","LFWYKQTASGEIVFLIR","QDSYKKEN","ATVGHYSLNFQKPKSSIGLIITATQIEDSAVYF","GTGTQVVVTP","GPKVLQIPSHQIIDMGQMVTLNCDPV","SNHLY","FYWYKQILGQQMEFLVN","FYNGKV","MEKSKLFKDQFSVERPDGSYFTLKIQPTALEDSAVYF","GPGTRLTVL","G1_71_AACCCCGAGCCATACA-1;G1_71_ACTTGCCGTATGCTGG-1;G1_71_AGGAGGACACCAGAGG-1;G1_71_ATTACGCCACTGGCAC-1;G1_71_CATAGCATCACAGTTG-1;G1_71_GTGCAATGTCACTAGG-1",6,"D_低优先（轻微扩增）","Ready","Single"
"G1_71","CAVSMPSGSWQLIF_CAWSPGTNTEVFF","TRAV7-3","TRBV31","CAVSMPSGSWQLIF","CAWSPGTNTEVFF","TRAJ22","TRBJ1-1",6,"QQNVQQSPESLIVPEGARTSLNCTFS","DSASQY","FWWYRQHSGKAPKALMS","IFSNGE","KEEGRFTIHLNKASLHFSLHIRDSQPSDSALYL","GSGTQLTVMP","AQTIHQWPVAEIKAVGSPLSLGCTIK","GKSSPN","LYWYWQATGGTLQQLFY","SITVG","QVESVVQLNLSASRPKDDQFILSTEKLLLSHSGFYL","GKGTRLTVV","G1_71_AAGGCTCTCCTAGTCT-1;G1_71_AGGAGTAGTACAGCAT-1;G1_71_AGGATTCGTGGGATAA-1;G1_71_CAGCAGTTCCCCAGCT-1;G1_71_CCGCCTAGTCTAGTAA-1;G1_71_CTCATTTCAATTCAGC-1",6,"D_低优先（轻微扩增）","Ready","Single"
"G1_71","CILKDGGSNYKLTF_CASSDGKYEQYF","TRAV21-DV12","TRBV13-1","CILKDGGSNYKLTF","CASSDGKYEQYF","TRAJ53","TRBJ2-7",6,"DAKTTQPDSMESTEGETVHLPCSHA","TISGNEY","IYWYRQVPLQGPEYVTH","GLQQN","TTNSMAFLAIASDRKSSTLILTHVSLRDAAVYH","GKGTLLTVTP","EAAVTQSPRNKVTVTGGNVTLSCRQT","NSHNY","MYWYRQDTGHGLRLIHY","SYGAGN","LQIGDVPDGYKATRTTQEDFFLLLELASPSQTSLYF","GPGTRLTVL","G1_71_AACCAGACAACTCCGA-1;G1_71_ATACAGAAGCTACTGA-1;G1_71_CCTAGTCGTATCAATG-1;G1_71_GGAATCGAGAAGGCTG-1;G1_71_GGAGTTACACTAATAT-1;G1_71_GTCCACGAGCTAAGCC-1",6,"D_低优先（轻微扩增）","Ready","Single"
"G1_84","CARDSNYQLIW_CAWSLTGAGERLFF","TRAV13N-2","TRBV31","CARDSNYQLIW","CAWSLTGAGERLFF","TRAJ33","TRBJ1-4",6,"GQQVQQSPSSLVLQEGENAELQCNFS","STATQ","LQWFYQSPGGSLVSLLS","NPSGT","KHTGRLTSTTVTKERRSSLHISSSQTTDSGTYL","GSGTKLIIKP","AQTIHQWPVAEIKAVGSPLSLGCTIK","GKSSPN","LYWYWQATGGTLQQLFY","SITVG","QVESVVQLNLSASRPKDDQFILSTEKLLLSHSGFYL","GHGTKLSVL","G1_84_AGGTTAAAGCTAGTAT-1;G1_84_AGTTTCGAGAAACCAA-1;G1_84_CAACGCCCAACAGAGC-1;G1_84_CAATGTTAGAGGGCGT-1;G1_84_CGCATCGAGAAGTAGC-1;G1_84_GTACCCGAGGCCATTA-1",6,"D_低优先（轻微扩增）","Ready","Single"
"G1_84","CAVSAPSGSWQLIF_CAWSLAGGGSDYTF","TRAV3-3","TRBV31","CAVSAPSGSWQLIF","CAWSLAGGGSDYTF","TRAJ22","TRBJ1-2",6,"GEQVEQRPPHLSVREGDSAFITCTYT","DPNSYY","FFWYKQEPGASLQLLMK","VFSSTEI","NEGQGFTVLLNKKDKRLSLNLTAAHPGDSAAYF","GSGTQLTVMP","AQTIHQWPVAEIKAVGSPLSLGCTIK","GKSSPN","LYWYWQATGGTLQQLFY","SITVG","QVESVVQLNLSASRPKDDQFILSTEKLLLSHSGFYL","GSGTRLLVI","G1_84_ATTCGCTTCACTTGCT-1;G1_84_CCCAAAGGTCGCATTC-1;G1_84_CGGGTATTCGTTAAGT-1;G1_84_GGGATGGGTAATGTGC-1;G1_84_GGGTTCGTCAGGTGTC-1;G1_84_GTTACTACACGTCAGC-1",6,"D_低优先（轻微扩增）","Ready","Single"
"G1_87","CAAEAEGGSAKLIF_CTCSGGQGIEQYF","TRAV4-4-DV10","TRBV1","CAAEAEGGSAKLIF","CTCSGGQGIEQYF","TRAJ57","TRBJ2-7",6,"GDQVEQSPSALSLHEGTDSALRCNFT","TTMRS","VQWFRQNSRGSLISLFY","LASGT","KENGRLKSAFDSKERRYSTLHIRDAQLEDSGTYF","GEGTKLTVSS","VTLLEQNPRWRLVPRGQAVNLRCILK","NSQYPW","MSWYQQDLQKQLQWLFT","LRSPGD","KEVKSLPGADYLATRVTDTELRLQVANMSQGRTLY","GPGTRLTVL","G1_87_ACATCCAAGCATGCGT-1;G1_87_ACCTTTGGTCCGCCGT-1;G1_87_ATCTGTTGTAACGCTG-1;G1_87_ATTGACCCAAGGAATT-1;G1_87_GGCATATGTATCTCTG-1;G1_87_GTTGGGTTCGTCGTAA-1",6,"D_低优先（轻微扩增）","Ready","Single"
"G1_87","CAIDRGNNRIFF_CAWSLGATANSDYTF","TRAV13-2","TRBV31","CAIDRGNNRIFF","CAWSLGATANSDYTF","TRAJ31","TRBJ1-2",6,"GQQVQQSPASLVLQEGENAELQCNFS","STATR","LQWFYQHPGGRLVSLFY","NPSGT","KHTGRLTSTTVTNERRGSLHISSSQTTDSGTYF","GDGTQLVVKP","AQTIHQWPVAEIKAVGSPLSLGCTIK","GKSSPN","LYWYWQATGGTLQQLFY","SITVG","QVESVVQLNLSASRPKDDQFILSTEKLLLSHSGFYL","GSGTRLLVI","G1_87_AACGAAATCCGATGTA-1;G1_87_ACCACAGGTAGCATCG-1;G1_87_CCATCAAAGACCTTAG-1;G1_87_CCCACAGAGCGGCCTA-1;G1_87_GCAAGCTTCGGGTTCG-1;G1_87_GGACGACAGGGGTAAT-1",6,"D_低优先（轻微扩增）","Ready","Single"
"G1_87","CALPNVGDNSKLIW_CASSLRGGAETLYF","TRAV12-3","TRBV17","CALPNVGDNSKLIW","CASSLRGGAETLYF","TRAJ38","TRBJ2-3",6,"GDSVTQTEGLVTLTEGLPVMLNCTYQ","TIYSNAF","LFWYVHYLNESPWLLLR","SSTDNKR","TEHQGFHATLHKSSSSFHLQKSSAQLSDSALYY","GLGTSLVVNP","DTTVKQNPRYKLARVGKPVNLICSQT","MNHDT","MYWYQKKPNQAPKLLLF","YYDKIL","NREADTFEKFQSSRPNNSFCSLYIGSAGLEYSAMYL","GSGTRLTVL","G1_87_AGTGAAATCGCAATAT-1;G1_87_ATGGTAGCAATAGGCA-1;G1_87_CCTGATTTCCCGGTTC-1;G1_87_CGAAGCAAGGTCTAGC-1;G1_87_CTAGCAGGTATTACAG-1;G1_87_GTCATGCAGATCCACA-1",6,"D_低优先（轻微扩增）","Ready","Single"
"G1_87","CALSGAGTGGYKVVF_CASSDGRASYNSPLYF","TRAV6D-6","TRBV13-1","CALSGAGTGGYKVVF","CASSDGRASYNSPLYF","TRAJ12","TRBJ1-6",6,"GDSVTQTEGQVTVSESKSLIINCTYS","ATSIAYPN","LFWYVRYPGEGLQLLLK","VITAGQK","GSSRGFEATYNKETTSFHLQKASVQESDSAVYY","GSGTRLLVSP","EAAVTQSPRNKVTVTGGNVTLSCRQT","NSHNY","MYWYRQDTGHGLRLIHY","SYGAGN","LQIGDVPDGYKATRTTQEDFFLLLELASPSQTSLYF","AAGTRLTVT","G1_87_ACCCGCAAGCCTGGCA-1;G1_87_ATATTCCGTAGTGTGT-1;G1_87_GCGTGCTCACAACATC-1;G1_87_GTAACTGTCGTCGCTC-1;G1_87_GTCAAATTCAATATGC-1;G1_87_GTGTCGTAGGCTTTAG-1",6,"D_低优先（轻微扩增）","Ready","Single"
"G1_87","CASSSFSKLVF_CASPGTGAQDTQYF","TRAV6N-5","TRBV15","CASSSFSKLVF","CASPGTGAQDTQYF","TRAJ50","TRBJ2-5",6,"DSVTQTEGPVTLSEGTSLTVNCSYET","KQYPTL","FWYVQYPGEGPQLLFKV","PKANEKG","SSRGFEATYNKEATSFHLQKASVQESDSAVYY","GQGTSLSVVP","DAGVTQTPRHEVAEKGQTIILKCEPV","SGHND","LFWYRQTKIQGLELLSY","FRSKSL","MEDGGAFKDRFKAEMLNSSFSTLKIQPTEPKDSAVYL","GPGTRLLVL","G1_87_ACGGATTGTATCACGG-1;G1_87_AGACGACCAAGGAATT-1;G1_87_AGGACTCTCATCCTTA-1;G1_87_GGCATTATCACATCTC-1;G1_87_GTAGTGGAGGTTATGT-1;G1_87_GTATAGAAGACGCGAA-1",6,"D_低优先（轻微扩增）","Ready","Single"
"G1_87","CAVSAGTGSNRLTF_CAWSTGEAPLF","TRAV3-3","TRBV31","CAVSAGTGSNRLTF","CAWSTGEAPLF","TRAJ28","TRBJ1-5",6,"GEQVEQRPPHLSVREGDSAVITCTYT","DPNSYY","FFWYKQEPGASLQLLMK","VFSSTEI","NEGQGFTVLLNKKDKRLSLNLTAAHPGDSAAYF","GKGTKFSLIP","AQTIHQWPVAEIKAVGSPLSLGCTIK","GKSSPN","LYWYWQATGGTLQQLFY","SITVG","QVESVVQLNLSASRPKDDQFILSTEKLLLSHSGFYL","GEGTRLSVL","G1_87_AAGCGTGAGACATCAT-1;G1_87_ACATCTCTCAATGTAC-1;G1_87_ACGAGACCACCTATAA-1;G1_87_CAACTCGCAAGGAGGA-1;G1_87_GGGGTCTGTAAACGCT-1;G1_87_GTCAATGTCCGCATAA-1",6,"D_低优先（轻微扩增）","Ready","Single"
"G1_87","CAVSLPSGSWQLIF_CASGSGVTSAETLYF","TRAV7-3","TRBV12-2+TRBV13-2","CAVSLPSGSWQLIF","CASGSGVTSAETLYF","TRAJ22","TRBJ2-3",6,"QQNVQQSPESLIVPEGARTSLNCTFS","DSASQY","FWWYRQHSGKAPKALMS","IFSNGE","KEEGRFTIHLNKASLHFSLHIRDSQPSDSALYL","GSGTQLTVMP","EAAVTQSPRNKVAVTGGKVTLSCNQT","NNHNN","MYWYRQDTGHGLRLIHY","SYGAGS","TEKGDIPDGYKASRPSQENFSLILELATPSQTSVYF","GSGTRLTVL","G1_87_ACCCTGCTCACGGGTT-1;G1_87_ATCCGCTGTCAGCCTT-1;G1_87_CAAACGGAGGCAACGA-1;G1_87_CAGTAGGAGAATTCCG-1;G1_87_CCTCTACCAGTTCTCC-1;G1_87_CTTGTGCGTGCTTGCT-1",6,"D_低优先（轻微扩增）","Ready","Multi_Allele"
"G1_87","CIVTDSYAQGLTF_CASSYGSIYNSPLYF","TRAV2","TRBV10","CIVTDSYAQGLTF","CASSYGSIYNSPLYF","TRAJ26","TRBJ1-6",6,"LAKTTQPPSMEAYEGQEVNVSCSHT","NIATSEY","IYWYRQVPHQGPQFIIQ","GYKDYVV","NEVASLFISADRKLSTLSLPWVSLRDAAVYY","GLGTRVSVFP","ETAVFQTPNYHVTQVGNEVSFNCKQT","LGHDT","MYWYKQDSKKLLKIMFS","YNNKQL","IVNETVPRRFSPQSSDKAHLNLRIKSVEPEDSAVYL","AAGTRLTVT","G1_87_AAAGGGTTCGCACCCT-1;G1_87_ACTTGTGAGGTCGCCA-1;G1_87_ATACAAGAGAGTGGGC-1;G1_87_CCGCTGAAGAAGGGTT-1;G1_87_GCAGTGAAGCAAGATA-1;G1_87_GTCATCTTCGTAGCAC-1",6,"D_低优先（轻微扩增）","Ready","Single"
"G1_71","CAAANTGANTGKLTF_CASSDRRGAVAETLYF","TRAV14D-3-DV8","TRBV13-1","CAAANTGANTGKLTF","CASSDRRGAVAETLYF","TRAJ52","TRBJ2-3",5,"QQQVRQSPQSLTVWEGETAILNCSYE","NSAFDY","FPWYQQFPGEGPALLIS","ILSVSNK","KEDGRFTIFFNKREKKLSLHIADSQPGDSATYF","GHGTILRVHP","EAAVTQSPRNKVTVTGGNVTLSCRQT","NSHNY","MYWYRQDTGHGLRLIHY","SYGAGN","LQIGDVPDGYKATRTTQEDFFLLLELASPSQTSLYF","GSGTRLTVL","G1_71_AGGAATTCACCCACAA-1;G1_71_CACGTAATCAGTGGCT-1;G1_71_CATCACTTCCTAATCC-1;G1_71_CCGAAATGTATCTGTT-1;G1_71_CGACGGTGTATCACGG-1",5,"D_低优先（轻微扩增）","Ready","Single"
"G1_71","CALGESNRIFF_CTCSVRDRASERLFF","TRAV6D-6","TRBV1","CALGESNRIFF","CTCSVRDRASERLFF","TRAJ31","TRBJ1-4",5,"GDSVTQTEGQVTVSESKSLIINCTYS","TTSIAYPN","LFWYVRYPGEGLQLLLK","VITAGQK","GSSRGFEATYNKETTSFHLQKASVQESDSAVYY","GDGTQLVVKP","VTLLEQNPRWRLVPRGQAVNLRCILK","NSQYPW","MSWYQQDLQKQLQWLFT","LRSPGD","KEVKSLPGADYLATRVTDTELRLQVANMSQGRTLY","GHGTKLSVL","G1_71_ACCAACATCGTGCATA-1;G1_71_ATTAATCCAATTGTAT-1;G1_71_CTCTAGGCAATCACGT-1;G1_71_GCTAGCCCAACTGTCG-1;G1_71_GCTATCTTCGTCAATG-1",5,"D_低优先（轻微扩增）","Ready","Single"
"G1_71","CALSAKGYQNFYF_CASKDWGGGEQYF","TRAV6-5","TRBV14","CALSAKGYQNFYF","CASKDWGGGEQYF","TRAJ49","TRBJ2-7",5,"GDSVTQTEGPVTLSEGTSLTVNCSYE","TKQYPT","LFWYVQYPGEGPQLLFK","VPKANEK","GSSRGFEATYNKEATSFHLQKASVQESDSAVYY","GKGTSLTVIP","EAGVTQSPRYAVLQEGQAVSFWCDPI","SGHDT","LYWYQQPRDQGPQLLVY","FRDEAV","IDNSQLPSDRFSAVRPKGTNSTLKIQSAKQGDTATYL","GPGTRLTVL","G1_71_ACATGCTCACCTTGAG-1;G1_71_AGTTAAGAGAGTTTCG-1;G1_71_ATCAACCCAATCGAAG-1;G1_71_GCTTTGAAGATCGGTC-1;G1_71_GGCTTAGGTAGTTGCG-1",5,"D_低优先（轻微扩增）","Ready","Single"
"G1_71","CAMSGGNYKPTF_CASSLVGDWGYAEQFF","TRAV16N","TRBV15","CAMSGGNYKPTF","CASSLVGDWGYAEQFF","TRAJ6","TRBJ2-1",5,"AQKVTQTQTSISVMEKTTVTMDCVYE","TQDSSYF","LFWYKQTASGEIVFLIR","QDSYKKEN","ATVGHYSLNFQKPKSSIGLIITATQIEDSAVYF","GKGTSLVVHP","DAGVTQTPRHEVAEKGQTIILKCEPV","SGHND","LFWYRQTKIQGLELLSY","FRSKSL","MEDGGAFKDRFKAEMLNSSFSTLKIQPTEPKDSAVYL","GPGTRLTVL","G1_71_AGCAGTCTCAGCGCCA-1;G1_71_CTGGTGAGTGCTACAG-1;G1_71_GCATAGTGTACCTGTC-1;G1_71_GGCGCTATCATCGCGG-1;G1_71_GTATACTAGGTCATGC-1",5,"D_低优先（轻微扩增）","Ready","Single"
"G1_71","CAQNTGYQNFYF_CASSQDRGGTSETLYF","TRAV8N-2","TRBV2","CAQNTGYQNFYF","CASSQDRGGTSETLYF","TRAJ49","TRBJ2-3",5,"SQWGEENLQALSIQEGEDVTMNCSYK","TYTTV","VQWYRQKSGKGPALIIL","IRSNERE","KRSGRLRATLDTSSQSSSLSITGTLATDTAVYF","GKGTSLTVIP","DPKIIQKPKYLVAVTGSEKILICEQY","LGHNA","MYWYRQSAKKPLEFMFS","YSYQKL","MDNQTASSRFQPQSSKKNHLDLQITALKPDDSATYF","GSGTRLTVL","G1_71_ACTATGTAGACCCACG-1;G1_71_AGACGCAAGGTCCTTT-1;G1_71_ATGTCGATCCGGTAAC-1;G1_71_CATGCAGGTGCATTGG-1;G1_71_CTACGCTGTAATCAGC-1",5,"D_低优先（轻微扩增）","Ready","Single"
"G1_71","CATGGADRLTF_CASSFRGGQDTQYF","TRAV8D-1","TRBV14","CATGGADRLTF","CASSFRGGQDTQYF","TRAJ45","TRBJ2-5",5,"SQLAEENLWALSVHEGESVTVNCSYK","TSITA","LQWYRQKSGEGPAQLIL","IRSNERE","KRNGRLRATLDTSSQSSSLSITATRCEDTAVYF","GKGTQLIIQP","EAGVTQSPRYAVLQEGQAVSFWCDPI","SGHDT","LYWYQQPRDQGPQLLVY","FRDEAV","IDNSQLPSDRFSAVRPKGTNSTLKIQSAKQGDTATYL","GPGTRLLVL","G1_71_AATGGGAGTCCGTTTA-1;G1_71_CTAGCCCTCGTTGGCG-1;G1_71_GCAACGAAGGCTTCGG-1;G1_71_GGAACTACAACATGGA-1;G1_71_GGACGACAGCTAGCCG-1",5,"D_低优先（轻微扩增）","Ready","Single"
"G1_71","CIVTARNVGDNSKLIW_CASRTGGPQDTQYF","TRAV2","TRBV14","CIVTARNVGDNSKLIW","CASRTGGPQDTQYF","TRAJ38","TRBJ2-5",5,"LAKTTQPPSMEAYEGQEVNVSCSHT","NIATSEY","IYWYRQVPHQGPQFIIQ","GYKDYVV","NEVASLFISADRKLSTLSLPWVSLRDAAVYY","GLGTSLVVNP","EAGVTQSPRYAVLQEGQAVSFWCDPI","SGHDT","LYWYQQPRDQGPQLLVY","FRDEAV","IDNSQLPSDRFSAVRPKGTNSTLKIQSAKQGDTATYL","GPGTRLLVL","G1_71_ACGTGTCAGCGATTCA-1;G1_71_AGGAAACTCAGGGCAA-1;G1_71_GCCCGTAAGCCAAATT-1;G1_71_GGAGTCTTCGGAGGTA-1;G1_71_GGGCATTTCGTATTGG-1",5,"D_低优先（轻微扩增）","Ready","Single"
"G1_84","CAVSATGSGGKLTL_CASSLDPENSDYTF","TRAV9-1","TRBV16","CAVSATGSGGKLTL","CASSLDPENSDYTF","TRAJ44","TRBJ1-2",5,"TQTVSQSDAHVTVFEGDSVELRCNYS","YGGSIY","LSWYIQHHGRGLQFLLK","YYSGNPVV","QGVNGFEAEFSKSDSSFHLRKASVHWSDSAVYF","GTGTRLQVNL","NAGVIQTPRHKVTGKGQEATLWCEPI","SGHSA","VFWYRQTIVQGLEFLTY","FRNQAP","IDDSGMPKERFSAQMPNQSHSTLKIQSTQPQDSAVYL","GSGTRLLVI","G1_84_AATGGGTAGATCCGTA-1;G1_84_ACGGGATCACTCACTC-1;G1_84_ATAGGGTAGGGTAAGT-1;G1_84_ATCTCTTCACCACCAA-1;G1_84_GCGCATTAGCAAACTT-1",5,"D_低优先（轻微扩增）","Ready","Single"
"G1_87","CAAGGGYQNFYF_CASGDAGTPNSDYTF","TRAV4-2","TRBV12-2+TRBV13-2","CAAGGGYQNFYF","CASGDAGTPNSDYTF","TRAJ49","TRBJ1-2",5,"GMPVEQNPPALSLYEGADSGLRCNFS","TTMKS","VQWFQQNHRGRLITLFY","LAQGT","KENGRLKSTFNSKERYSTLHIKDAQLEDSGTYF","GKGTSLTVIP","EAAVTQSPRNKVAVTGGKVTLSCNQT","NNHNN","MYWYRQDTGHGLRLIHY","SYGAGS","TEKGDIPDGYKASRPSQENFSLILELATPSQTSVYF","GSGTRLLVI","G1_87_AACATTGGTACTCGCT-1;G1_87_CTATGACCAGTACAAG-1;G1_87_CTGCATCGTCAATGCG-1;G1_87_GTAATCCCAGCACCTA-1;G1_87_GTAGCGCGTGGACGGA-1",5,"D_低优先（轻微扩增）","Ready","Multi_Allele"
"G1_87","CIVTENNYAQGLTF_CAWTDRGVAETLYF","TRAV2","TRBV31","CIVTENNYAQGLTF","CAWTDRGVAETLYF","TRAJ26","TRBJ2-3",5,"LAKTTQPPSMEAYEGQEVNVSCSHT","NIATSEY","IYWYRQVPHQGPQFIIQ","GYKDYVV","NEVASLFISADRKLSTLSLPWVSLRDAAVYY","GLGTRVSVFP","AQTIHQWPVAEIKAVGSPLSLGCTIK","GKSSPN","LYWYWQATGGTLQQLFY","SITVG","QVESVVQLNLSASRPKDDQFILSTEKLLLSHSGFYL","GSGTRLTVL","G1_87_AAACCGGAGAATATCC-1;G1_87_ACAATTCAGACGCTGT-1;G1_87_ACGAACACAACTCACG-1;G1_87_CTACTTTCAGTACAAG-1;G1_87_GGTCCCTTCCGGAAAG-1",5,"D_低优先（轻微扩增）","Ready","Single"
"G1_71","CAAEARGGSNYKLTF_CASSQWGGEGAETLYF","TRAV4-4-DV10","TRBV5","CAAEARGGSNYKLTF","CASSQWGGEGAETLYF","TRAJ53","TRBJ2-3",4,"GDQVEQSPSALSLHEGTDSALRCNFT","TTMRS","VQWFRQNSRGSLISLFY","LASGT","KENGRLKSAFDSKERRYSTLHIRDAQLEDSGTYF","GKGTLLTVTP","NTKITQSPRYLILGRANKSLECEQH","LGHNA","MYWYKQSAEKPPELMFL","YNLKQL","IRNETVPSRFIPECPDSSKLLLHISAVDPEDSAVYF","GSGTRLTVL","G1_71_AGAAGGAAGGCTACCG-1;G1_71_CAACATGTCCCTAAAG-1;G1_71_CGTATGGGTGGATGGG-1;G1_71_GGTACTATCAGTCATG-1",4,"E_备选（极小扩增）","Ready","Single"
"G1_71","CAAEEWDSNYQLIW_CASSLAGNYAEQFF","TRAV4N-4","TRBV29","CAAEEWDSNYQLIW","CASSLAGNYAEQFF","TRAJ33","TRBJ2-1",4,"GDQVEQSPSALSLHEGTSSALRCNFT","TTTRS","VQWFRQNSRGSLINLFY","LASGT","KENGRLKSAFDSKELYSTLHIRDAQLEDSGTYF","GSGTKLIIKP","DMKVTQMPRYLIKRMGENVLLECGQD","MSHET","MYWYRQDPGLGLQLIYI","SYDVDS","NSEGDIPKGYRVSRKKREHFSLILDSAKTNQTSVYF","GPGTRLTVL","G1_71_ACGTCAGGTATTGCTT-1;G1_71_ACGTCGCCACTTAACA-1;G1_71_CAGCGGACACATCTCC-1;G1_71_GTGCTCCTCGGTGTTA-1",4,"E_备选（极小扩增）","Ready","Single"
"G1_71","CAAEQGTGSKLSF_CASSLHWGGAETLYF","TRAV4-3","TRBV3","CAAEQGTGSKLSF","CASSLHWGGAETLYF","TRAJ58","TRBJ2-3",4,"GDQVKQSPSALSLQEGTNSALRCNFS","IATTT","VQWFLQNPRGSLMNLFY","LVPGT","KENGRLKSTFNSKESYSTLHIRDAQLEDSGTYF","GKGAKLTVSP","GPKVLQIPSHQIIDMGQMVTLNCDPV","SNHLY","FYWYKQILGQQMEFLVN","FYNGKV","MEKSKLFKDQFSVERPDGSYFTLKIQPTALEDSAVYF","GSGTRLTVL","G1_71_AGGGCGAGTACTTCTG-1;G1_71_CATAACTAGCAAGTAA-1;G1_71_CCATACAAGCTGACGT-1;G1_71_CTATCGAAGATTGAGA-1",4,"E_备选（极小扩增）","Ready","Single"
"G1_71","CAVNRGSALGRLHF_CASSGSQNTLYF","TRAV9-1","TRBV13-3","CAVNRGSALGRLHF","CASSGSQNTLYF","TRAJ18","TRBJ2-4",4,"TQTVSQSDAHVTVFEGDSVELRCNYS","YGGSIY","LSWYIQHHGRGLQFLLK","YYSGNPVV","QGVNGFEAEFSKSDSSFHLRKASVHWSDSAVYF","GAGTQLIVIP","EAAVTQSPRSKVAVTGGKVTLSCHQT","NNHDY","MYWYRQDTGHGLRLIHY","SYVADS","TEKGDIPDGYKASRPSQENFSLILELASLSQTAVYF","GAGTRLSVL","G1_71_ACATGGACAGCTCTAG-1;G1_71_CCCAAGCCACACTTAA-1;G1_71_CGTCATAAGAACCCCG-1;G1_71_GTGTAATTCACACGTA-1",4,"E_备选（极小扩增）","Ready","Single"
"G1_71","CAVSYTGNYKYVF_CTCSAAGGASQNTLYF","TRAV9-4","TRBV1","CAVSYTGNYKYVF","CTCSAAGGASQNTLYF","TRAJ40","TRBJ2-4",4,"AQSVTQPDARVTVSEGASLQLRCKYS","YSATPY","LFWYVQYPRQGLQLLLK","YYSGDPVV","QGVNGFEAEFSKSNSSFHLRKASVHWSDSAVYF","GAGTRLKVIA","VTLLEQNPRWRLVPRGQAVNLRCILK","NSQYPW","MSWYQQDLQKQLQWLFT","LRSPGD","KEVKSLPGADYLATRVTDTELRLQVANMSQGRTLY","GAGTRLSVL","G1_71_ACACATGTCCGCACTC-1;G1_71_ATAGCCTCACTAAGTC-1;G1_71_CCTCTAGTCGGTTCGG-1;G1_71_CTAAGGTGTGCCATTC-1",4,"E_备选（极小扩增）","Ready","Single"
"G1_84","CAAEDSGGNNKLTF_CASSVTGAGNTLYF","TRAV4-4-DV10","TRBV13-3","CAAEDSGGNNKLTF","CASSVTGAGNTLYF","TRAJ56","TRBJ1-3",4,"GDQVEQSPSALSLHEGTDSALRCNFT","TTMRS","VQWFRQNSRGSLISLFY","LASGT","KENGRLKSAFDSKERRYSTLHIRDAQLEDSGTYF","GQGTVLSVIP","EAAVTQSPRSKVAVTGGKVTLSCHQT","NNHDY","MYWYRQDTGHGLRLIHY","SYVADS","TEKGDIPDGYKASRPSQENFSLILELASLSQTAVYF","GEGSRLIVV","G1_84_AAACTAGAGACAGCCT-1;G1_84_AGTCTCGCAAAAGTTA-1;G1_84_CTGTCATTCCTCGCAC-1;G1_84_GTGTTCCGTCAAGGCC-1",4,"E_备选（极小扩增）","Ready","Single"
"G1_84","CAARGNTGNYKYVF_CASSGWYQDTQYF","TRAV14N-1","TRBV13-3","CAARGNTGNYKYVF","CASSGWYQDTQYF","TRAJ40","TRBJ2-5",4,"QQQVRQSPQSLTVWEGETAILNCSYE","DSTFNY","FPWYQQFPGEGPALLIS","ISSVSDK","KEDGRFTIFFNKREKKLSLHITDSQPGDSATYF","GAGTRLKVIA","EAAVTQSPRSKVAVTGGKVTLSCHQT","NNHDY","MYWYRQDTGHGLRLIHY","SYVADS","TEKGDIPDGYKASRPSQENFSLILELASLSQTAVYF","GPGTRLLVL","G1_84_AGCGTATGTCCACGTT-1;G1_84_ATCGCCCTCACGTCAA-1;G1_84_ATCTTCGGTGTAGCGC-1;G1_84_CAACTCGCACGACCTA-1",4,"E_备选（极小扩增）","Ready","Single"
"G1_84","CALSLNNNRIFF_CASSMAGGYAEQFF","TRAV6D-6","TRBV19","CALSLNNNRIFF","CASSMAGGYAEQFF","TRAJ31","TRBJ2-1",4,"GDSVTQTEGQVTVSESKSLIINCTYS","ATSIAYPN","LFWYVRYPGEGLQLLLK","VITAGQK","GSSRGFEATYNKETTSFHLQKASVQESDSAVYY","GDGTQLVVKP","GGIITQTPKFLIGQEGQKLTLKCQQN","FNHDT","MYWYRQDSGKGLRLIYY","SITEND","LQKGDLSEGYDASREKKSSFSLTVTSAQKNEMAVFL","GPGTRLTVL","G1_84_AATTCGCCAGGGCTCT-1;G1_84_CCTGTCATCAGAAGTA-1;G1_84_CTGTACCGTATCGCAG-1;G1_84_CTGTGAGGTCATTAAG-1",4,"E_备选（极小扩增）","Ready","Single"
"G1_84","CAVSIPSGSWQLIF_CAWRNYNSPLYF","TRAV7-3","TRBV31","CAVSIPSGSWQLIF","CAWRNYNSPLYF","TRAJ22","TRBJ1-6",4,"QQNVQQSPESLIVPEGARTSLNCTFS","DSASQY","FWWYRQHSGKAPKALMS","IFSNGE","KEEGRFTIHLNKASLHFSLHIRDSQPSDSALYL","GSGTQLTVMP","AQTIHQWPVAEIKAVGSPLSLGCTIK","GKSSPN","LYWYWQATGGTLQQLFY","SITVG","QVESVVQLNLSASRPKDDQFILSTEKLLLSHSGFYL","AAGTRLTVT","G1_84_ACCACATCACACAGCC-1;G1_84_ACGACTATCGCTTCTG-1;G1_84_CCTATTATCGCACCTC-1;G1_84_GGAACTACACGCATCA-1",4,"E_备选（极小扩增）","Ready","Single"
"G1_87","CAASCQGGSAKLIF_CAWRDRGQQFF","TRAV5N-4","TRBV31","CAASCQGGSAKLIF","CAWRDRGQQFF","TRAJ57","TRBJ2-1",4,"GEQVEQLPSILRVQERSSASINCTYE","NSASNY","FPWYKQEPGENPKLIID","IRSNMER","KQIQGLIVLLDKKAKRFSLHITDTQPADSAMYF","GEGTKLTVSS","AQTIHQWPVAEIKAVGSPLSLGCTIK","GKSSPN","LYWYWQATGGTLQQLFY","SITVG","QVESVVQLNLSASRPKDDQFILSTEKLLLSHSGFYL","GPGTRLTVL","G1_87_AAACCGTGTGCAAGCC-1;G1_87_AAATGACCACTAGCGC-1;G1_87_ATGGGGCAGCACCATA-1;G1_87_CGGCCTAAGCCTACGG-1",4,"E_备选（极小扩增）","Ready","Single"
"G1_87","CAMRELYRGSALGRLHF_CASSQDRQNTEVFF","TRAV16N","TRBV2","CAMRELYRGSALGRLHF","CASSQDRQNTEVFF","TRAJ18","TRBJ1-1",4,"AQKVTQTQTSISVMEKTTVTMDCVYE","TQDSSYF","LFWYKQTASGEIVFLIR","QDSYKKEN","ATVGHYSLNFQKPKSSIGLIITATQIEDSAVYF","GAGTQLIVIP","DPKIIQKPKYLVAVTGSEKILICEQY","LGHNA","MYWYRQSAKKPLEFMFS","YSYQKL","MDNQTASSRFQPQSSKKNHLDLQITALKPDDSATYF","GKGTRLTVV","G1_87_ACAGCATGTCATCGAG-1;G1_87_ACGACGAAGCCTTAGA-1;G1_87_CTGGTCTGTGCACTCT-1;G1_87_GGGAGCAGTACATCCC-1",4,"E_备选（极小扩增）","Ready","Single"
"G1_87","CAVSMDYANKMIF_CTCSAAGGAQNTLYF","TRAV7-3","TRBV1","CAVSMDYANKMIF","CTCSAAGGAQNTLYF","TRAJ47","TRBJ2-4",4,"QQNVQQSPESLIVPEGARTSLNCTFS","DSASQY","FWWYRQHSGKAPKALMS","IFSNGE","KEEGRFTIHLNKASLHFSLHIRDSQPSDSALYL","GLGTILRVRP","VTLLEQNPRWRLVPRGQAVNLRCILK","NSQYPW","MSWYQQDLQKQLQWLFT","LRSPGD","KEVKSLPGADYLATRVTDTELRLQVANMSQGRTLY","GAGTRLSVL","G1_87_ACCATTCTCAGCCGCA-1;G1_87_ATTCAGCCACTTCGTC-1;G1_87_CCAACTCGTACGTGAT-1;G1_87_CTACGATCAAAGCGTA-1",4,"E_备选（极小扩增）","Ready","Single"
"G1_87","CAVSMGTGSKLSF_CASSIRLGGLQDTQYF","TRAV9-4","TRBV19","CAVSMGTGSKLSF","CASSIRLGGLQDTQYF","TRAJ58","TRBJ2-5",4,"AQSVTQPDARVTVSEGASLQLRCKYS","YSATPY","LFWYVQYPRQGLQLLLK","YYSGDPVV","QGVNGFEAEFSKSNSSFHLRKASVHWSDSAVYF","GKGAKLTVSP","GGIITQTPKFLIGQEGQKLTLKCQQN","FNHDT","MYWYRQDSGKGLRLIYY","SITEND","LQKGDLSEGYDASREKKSSFSLTVTSAQKNEMAVFL","GPGTRLLVL","G1_87_AAATCTATCATCCTTA-1;G1_87_AATTGGCGTGGCTAAT-1;G1_87_CACTAGCAGCTCTCCA-1;G1_87_CAGGTTGGTCAGTGCA-1",4,"E_备选（极小扩增）","Ready","Single"
"G1_87","CAVSPPSGSWQLIF_CASGDGGSSYEQYF","TRAV7-3","TRBV12-2+TRBV13-2","CAVSPPSGSWQLIF","CASGDGGSSYEQYF","TRAJ22","TRBJ2-7",4,"QQNVQQSPESLIVPEGARTSLNCTFS","DSASQY","FWWYRQHSGKAPKALMS","IFSNGE","KEEGRFTIHLNKASLHFSLHIRDSQPSDSALYL","GSGTQLTVMP","EAAVTQSPRNKVAVTGGKVTLSCNQT","NNHNN","MYWYRQDTGHGLRLIHY","SYGAGS","TEKGDIPDGYKASRPSQENFSLILELATPSQTSVYF","GPGTRLTVL","G1_87_ATCGGCGTCAGCACGT-1;G1_87_CATTTCGGTATGATGC-1;G1_87_CCTAGCGAGCGATTTG-1;G1_87_GCTACATCAATCAGCT-1",4,"E_备选（极小扩增）","Ready","Multi_Allele"
"G1_87","CILAGYQNFYF_CASSDGQYEQYF","TRAV21-DV12","TRBV13-1","CILAGYQNFYF","CASSDGQYEQYF","TRAJ49","TRBJ2-7",4,"DAKTTQPDSMESTEGETVHLPCSHA","TISGNEY","IYWYRQVPLQGPEYVTH","GLQQN","TTNSMAFLAIASDRKSSTLILTHVSLRDAAVYH","GKGTSLTVIP","EAAVTQSPRNKVTVTGGNVTLSCRQT","NSHNY","MYWYRQDTGHGLRLIHY","SYGAGN","LQIGDVPDGYKATRTTQEDFFLLLELASPSQTSLYF","GPGTRLTVL","G1_87_ACCAATGTCCCGAATA-1;G1_87_ACCTATACAGTTAACC-1;G1_87_AGTCCGGTCGCACCCT-1;G1_87_CACTATTGTCGTATGG-1",4,"E_备选（极小扩增）","Ready","Single"
"G1_87","CSANDNNNRIFF_CASGDVGGAREQYF","TRAV5-1","TRBV12-2+TRBV13-2","CSANDNNNRIFF","CASGDVGGAREQYF","TRAJ31","TRBJ2-7",4,"GEQVEQLPSSLIVQEGASVLINCSYT","DSASVY","FPWYKQEPGKRLQFIID","IRSNMER","KQNQRLTLLFDKKTKHLSLHITATQPGDSAIYF","GDGTQLVVKP","EAAVTQSPRNKVAVTGGKVTLSCNQT","NNHNN","MYWYRQDTGHGLRLIHY","SYGAGS","TEKGDIPDGYKASRPSQENFSLILELATPSQTSVYF","GPGTRLTVL","G1_87_AACATTGGTATATTCC-1;G1_87_CATACCTTCGCGTTAA-1;G1_87_GCACCCTTCAGTAATC-1;G1_87_GGGATAAGTGGCGATC-1",4,"E_备选（极小扩增）","Ready","Multi_Allele"
"G1_71","CAAEAPGGSAKLIF_CGARKDNEQYF","TRAV4-4-DV10","TRBV20","CAAEAPGGSAKLIF","CGARKDNEQYF","TRAJ57","TRBJ2-7",3,"GDQVEQSPSALSLHEGTDSALRCNFT","TTMRS","VQWFRQNSRGSLISLFY","LASGT","KENGRLKSAFDSKERRYSTLHIRDAQLEDSGTYF","GEGTKLTVSS","GALVYQYPRRTICKSGTSMRMECQAV","GFQATS","VAWYRQSPQKTFELIAL","STVNSAI","KYEQNFTQEKFPISHPNLSFSSMTVLNAYLEDRGLYL","GPGTRLTVL","G1_71_ACTATAGGTCCAGTAG-1;G1_71_AGCGTCAGTACAGCGC-1;G1_71_GCGTTAGGTGCGTATG-1",3,"E_备选（极小扩增）","Ready","Single"
"G1_71","CAAERNNNNAPRF_CASSSYAEQFF","TRAV4-4-DV10","TRBV13-3","CAAERNNNNAPRF","CASSSYAEQFF","TRAJ43","TRBJ2-1",3,"GDQVEQSPSALSLHEGTDSALRCNFT","TTMRS","VQWFRQNSRGSLISLFY","LASGT","KENGRLKSAFDSKERRYSTLHIRDAQLEDSGTYF","GAGTKLTVKP","EAAVTQSPRSKVAVTGGKVTLSCHQT","NNHDY","MYWYRQDTGHGLRLIHY","SYVADS","TEKGDIPDGYKASRPSQENFSLILELASLSQTAVYF","GPGTRLTVL","G1_71_AACTTCTGTCATATTC-1;G1_71_CAGCAACTCATGTTAA-1;G1_71_GCCTCTTCACCTGTAG-1",3,"E_备选（极小扩增）","Ready","Single"
"G1_71","CAAFDSNYQLIW_CASGSGTANSDYTF","TRAV4-4-DV10","TRBV12-2+TRBV13-2","CAAFDSNYQLIW","CASGSGTANSDYTF","TRAJ33","TRBJ1-2",3,"GDQVEQSPSALSLHEGTDSALRCNFT","TTMRS","VQWFRQNSRGSLISLFY","LASGT","KENGRLKSAFDSKERRYSTLHIRDAQLEDSGTYF","GSGTKLIIKP","EAAVTQSPRNKVAVTGGKVTLSCNQT","NNHNN","MYWYRQDTGHGLRLIHY","SYGAGS","TEKGDIPDGYKASRPSQENFSLILELATPSQTSVYF","GSGTRLLVI","G1_71_CAATGCTCAGCATTCG-1;G1_71_CCTCATTAGACGAGGC-1;G1_71_CGACGGACACCCTCAT-1",3,"E_备选（极小扩增）","Ready","Multi_Allele"
"G1_71","CAASSNTGYQNFYF_CASSDRGGQNTLYF","TRAV7-4","TRBV17","CAASSNTGYQNFYF","CASSDRGGQNTLYF","TRAJ49","TRBJ2-4",3,"QQKVQQSPESLSVPEGGMASFNCTSS","DRNFQY","FWWYRQHSGEGPKALMS","IFSDGD","KKEGRFTAHLNKASLHVSLHIRDSQPSDSALYF","GKGTSLTVIP","DTTVKQNPRYKLARVGKPVNLICSQT","MNHDT","MYWYQKKPNQAPKLLLF","YYDKIL","NREADTFEKFQSSRPNNSFCSLYIGSAGLEYSAMYL","GAGTRLSVL","G1_71_AATTCCTGTAAGTGAG-1;G1_71_CGAAGTTGTATGGGTT-1;G1_71_GCGTTTCGTGGTTTGG-1",3,"E_备选（极小扩增）","Ready","Single"
"G1_71","CALDSNYQLIW_CGARHNNQAPLF","TRAV6D-6","TRBV20","CALDSNYQLIW","CGARHNNQAPLF","TRAJ33","TRBJ1-5",3,"GDSVTQTEGQVTVSESKSLIINCTYS","TTSIAYPN","LFWYVRYPGEGLQLLLK","VITAGQK","GSSRGFEATYNKETTSFHLQKASVQESDSAVYY","GSGTKLIIKP","GALVYQYPRRTICKSGTSMRMECQAV","GFQATS","VAWYRQSPQKTFELIAL","STVNSAI","KYEQNFTQEKFPISHPNLSFSSMTVLNAYLEDRGLYL","GEGTRLSVL","G1_71_CAACAGGAGCCATCGG-1;G1_71_CACTCAGCAGCGGACA-1;G1_71_GGAATACAGAGAATCA-1",3,"E_备选（极小扩增）","Ready","Single"
"G1_71","CALGDRHSGGSNYKLTF_CAWSRGPGNTLYF","TRAV6N-7","TRBV31","CALGDRHSGGSNYKLTF","CAWSRGPGNTLYF","TRAJ53","TRBJ1-3",3,"GDSVTQTEGQVALSEEDFLTIHCNYS","ASGYPA","LFWYVQYPGEGPQFLFR","ASRDKEK","GSSRGFEATYNKETTSFHLQKASVQESDSAVYY","GKGTLLTVTP","AQTIHQWPVAEIKAVGSPLSLGCTIK","GKSSPN","LYWYWQATGGTLQQLFY","SITVG","QVESVVQLNLSASRPKDDQFILSTEKLLLSHSGFYL","GEGSRLIVV","G1_71_CAGCGTCCACCCTAAG-1;G1_71_CCGTTTAGTGCTGGGT-1;G1_71_GTACTTCTCCGCTCTA-1",3,"E_备选（极小扩增）","Ready","Single"
"G1_71","CALKGTGGYKVVF_CTCSASTGGEKTLYF","TRAV12N-2","TRBV1","CALKGTGGYKVVF","CTCSASTGGEKTLYF","TRAJ12","TRBJ2-3",3,"GDSVTQTEGLVTLTKGLPVMLNCTYQ","TTYSPF","LFWYVQHLNEAPKLLLK","SSTDNKR","TEHQGFYATLHKSSSSFHLQKSSVQLSDSALYF","GSGTRLLVSP","VTLLEQNPRWRLVPRGQAVNLRCILK","NSQYPW","MSWYQQDLQKQLQWLFT","LRSPGD","KEVKSLPGADYLATRVTDTELRLQVANMSQGRTLY","GSGTRLTVL","G1_71_ACTTTCCAGGGTTGTC-1;G1_71_GCGTATATCATTGTCC-1;G1_71_GGAGCTTTCCAGCATA-1",3,"E_备选（极小扩增）","Ready","Single"
"G1_71","CALSSNVGDNSKLIW_CTCSAGTGSYNSPLYF","TRAV6D-6","TRBV1","CALSSNVGDNSKLIW","CTCSAGTGSYNSPLYF","TRAJ38","TRBJ1-6",3,"GDSVTQTEGQVTVSESKSLIINCTYS","ATSIAYPN","LFWYVRYPGEGLQLLLK","VITAGQK","GSSRGFEATYNKETTSFHLQKASVQESDSAVYY","GLGTSLVVNP","VTLLEQNPRWRLVPRGQAVNLRCILK","NSQYPW","MSWYQQDLQKQLQWLFT","LRSPGD","KEVKSLPGADYLATRVTDTELRLQVANMSQGRTLY","AAGTRLTVT","G1_71_ACGTGGGCAATCATCA-1;G1_71_ATAACGAAGGCCTGCA-1;G1_71_CTACATGAGGGGATCA-1",3,"E_备选（极小扩增）","Ready","Single"
"G1_71","CAMGVNGGNNKLTF_CASSVGTRNYAEQFF","TRAV13-4-DV7","TRBV13-1","CAMGVNGGNNKLTF","CASSVGTRNYAEQFF","TRAJ56","TRBJ2-1",3,"GQQVQQSPASLVLQEGENAELQCNFS","STATQ","LQWFYQRPGGSLVSLLY","NPSGT","KHTGRLTSTTVTKERRSSLHISSSQITDSGTYF","GQGTVLSVIP","EAAVTQSPRNKVTVTGGNVTLSCRQT","NSHNY","MYWYRQDTGHGLRLIHY","SYGAGN","LQIGDVPDGYKATRTTQEDFFLLLELASPSQTSLYF","GPGTRLTVL","G1_71_AAATGGCAGAATGGCG-1;G1_71_CCCTGATGTACAGCAT-1;G1_71_GTGTCGAGTCGTGGTA-1",3,"E_备选（极小扩增）","Ready","Single"
"G1_71","CAMREVNNAGAKLTF_CASSQDGTGSQNTLYF","TRAV16N","TRBV5","CAMREVNNAGAKLTF","CASSQDGTGSQNTLYF","TRAJ39","TRBJ2-4",3,"AQKVTQTQTSISVMEKTTVTMDCVYE","TQDSSYF","LFWYKQTASGEIVFLIR","QDSYKKEN","ATVGHYSLNFQKPKSSIGLIITATQIEDSAVYF","GGGTRLTVRP","NTKITQSPRYLILGRANKSLECEQH","LGHNA","MYWYKQSAEKPPELMFL","YNLKQL","IRNETVPSRFIPECPDSSKLLLHISAVDPEDSAVYF","GAGTRLSVL","G1_71_AACCGCAGTCGGAATT-1;G1_71_AATCTCCTCATATGTA-1;G1_71_CCAAATGTCATCGCTT-1",3,"E_备选（极小扩增）","Ready","Single"
"G1_71","CAVMPNYNVLYF_CGARVGLGPQDTQYF","TRAV7-3","TRBV20","CAVMPNYNVLYF","CGARVGLGPQDTQYF","TRAJ21","TRBJ2-5",3,"QQNVQQSPESLIVPEGARTSLNCTFS","DSASQY","FWWYRQHSGKAPKALMS","IFSNGE","KEEGRFTIHLNKASLHFSLHIRDSQPSDSALYL","GSGTKLTVEP","GALVYQYPRRTICKSGTSMRMECQAV","GFQATS","VAWYRQSPQKTFELIAL","STVNSAI","KYEQNFTQEKFPISHPNLSFSSMTVLNAYLEDRGLYL","GPGTRLLVL","G1_71_ACTTCAGAGCGTGCAT-1;G1_71_CCACGGTCAGCTTAGT-1;G1_71_GCTTCCGGTCGTATGG-1",3,"E_备选（极小扩增）","Ready","Single"
"G1_71","CAVNSMGYKLTF_CASRGLQNTLYF","TRAV7D-3","TRBV13-1","CAVNSMGYKLTF","CASRGLQNTLYF","TRAJ9","TRBJ2-4",3,"QQKVQQSPESLIVPEGAMTSLNCTFS","DSASQY","FAWYRQHSGKAPKALMS","IFSNGE","KEEGRFTIHLNKASLHFSLHIRDSQPSDSALYL","GTGTSLLVDP","EAAVTQSPRNKVTVTGGNVTLSCRQT","NSHNY","MYWYRQDTGHGLRLIHY","SYGAGN","LQIGDVPDGYKATRTTQEDFFLLLELASPSQTSLYF","GAGTRLSVL","G1_71_AACGGGTCAGGTTACT-1;G1_71_ACACGGTTCGGCCCTT-1;G1_71_ATCCGCCTCACCACAA-1",3,"E_备选（极小扩增）","Ready","Single"
"G1_71","CAVSAQGTGSKLSF_CGASRDWGDTQYF","TRAV9-1","TRBV20","CAVSAQGTGSKLSF","CGASRDWGDTQYF","TRAJ58","TRBJ2-5",3,"TQTVSQSDAHVTVFEGDSVELRCNYS","YGGSIY","LSWYIQHHGRGLQFLLK","YYSGNPVV","QGVNGFEAEFSKSDSSFHLRKASVHWSDSAVYF","GKGAKLTVSP","GALVYQYPRRTICKSGTSMRMECQAV","GFQATS","VAWYRQSPQKTFELIAL","STVNSAI","KYEQNFTQEKFPISHPNLSFSSMTVLNAYLEDRGLYL","GPGTRLLVL","G1_71_AAACCCCAGGCGGGAT-1;G1_71_AAGGGTTAGCTATAAC-1;G1_71_AGTGGGTCAAACCGGG-1",3,"E_备选（极小扩增）","Ready","Single"
"G1_71","CAVSPGSSNTDKVVF_CASGDDTYNSPLYF","TRAV9N-2","TRBV12-2+TRBV13-2","CAVSPGSSNTDKVVF","CASGDDTYNSPLYF","TRAJ34","TRBJ1-6",3,"AQSVTQPDARVTVSEGASLQLRCKYS","SSVTPY","LFWYVQYPRQGLQLLLK","YYSGDPVV","QGVNGFEAEFSKSNSSFHLRKASVHWSDSAVYF","GTGTRLQVSP","EAAVTQSPRNKVAVTGGKVTLSCNQT","NNHNN","MYWYRQDTGHGLRLIHY","SYGAGS","TEKGDIPDGYKASRPSQENFSLILELATPSQTSVYF","AAGTRLTVT","G1_71_ATCAGGCTCGTAGTTG-1;G1_71_GGGTATGAGCTAGTTG-1;G1_71_GTAATTATCCACTTCG-1",3,"E_备选（极小扩增）","Ready","Multi_Allele"
"G1_71","CAVYTGANTGKLTF_CASSRAGGTYEQYF","TRAV3-3","TRBV17","CAVYTGANTGKLTF","CASSRAGGTYEQYF","TRAJ52","TRBJ2-7",3,"GEQVEQRPPHLSVREGDSAVITCTYT","DPNSYY","FFWYKQEPGASLQLLMK","VFSSTEI","NEGQGFTVLLNKKDKRLSLNLTAAHPGDSAAYF","GHGTILRVHP","DTTVKQNPRYKLARVGKPVNLICSQT","MNHDT","MYWYQKKPNQAPKLLLF","YYDKIL","NREADTFEKFQSSRPNNSFCSLYIGSAGLEYSAMYL","GPGTRLTVL","G1_71_AAATGGTCAATACACC-1;G1_71_CCGCTTGGTGGTAATC-1;G1_71_CGTTCGTGTCACGTAG-1",3,"E_备选（极小扩增）","Ready","Single"
"G1_71","CIVTDMNYGGSGNKLIF_CASSDPWGGGQNTLYF","TRAV2","TRBV13-3","CIVTDMNYGGSGNKLIF","CASSDPWGGGQNTLYF","TRAJ32","TRBJ2-4",3,"LAKTTQPPSMEAYEGQEVNVSCSHT","NIATSEY","IYWYRQVPHQGPQFIIQ","GYKDYVV","NEVASLFISADRKLSTLSLPWVSLRDAAVYY","GTGTLLSVKP","EAAVTQSPRSKVAVTGGKVTLSCHQT","NNHDY","MYWYRQDTGHGLRLIHY","SYVADS","TEKGDIPDGYKASRPSQENFSLILELASLSQTAVYF","GAGTRLSVL","G1_71_ACGTCGGTCCCGTGTC-1;G1_71_ATGGTTAGTAAAGCGA-1;G1_71_GGACCGACAGCAACCC-1",3,"E_备选（极小扩增）","Ready","Single"
"G1_71","CRASSSFSKLVF_CASSMRGNSYNSPLYF","TRAV13-1","TRBV19","CRASSSFSKLVF","CASSMRGNSYNSPLYF","TRAJ50","TRBJ1-6",3,"GQQVQQSPASLVLQEGENAELQCNFS","TSLNS","MQWFYQRPEGSLVSLFY","NPSGT","KQSGRLTSTTVIKERRSSLHISSSQITDSGTYL","GQGTSLSVVP","GGIITQTPKFLIGQEGQKLTLKCQQN","FNHDT","MYWYRQDSGKGLRLIYY","SITEND","LQKGDLSEGYDASREKKSSFSLTVTSAQKNEMAVFL","AAGTRLTVT","G1_71_ACGCATGGTCCTTATG-1;G1_71_GCGTAGCGTGCCTTCG-1;G1_71_GCTCAGTAGCACCTAA-1",3,"E_备选（极小扩增）","Ready","Single"
"G1_71","CSASKSGSWQLIF_CASSPGVDEQYF","TRAV5-1","TRBV13-1","CSASKSGSWQLIF","CASSPGVDEQYF","TRAJ22","TRBJ2-7",3,"GEQVEQLPSSLIVQEGASVLINCSYT","DSASVY","FPWYKQEPGKRLQFIID","IRSNMER","KQNQRLTLLFDKKTKHLSLHITATQPGDSAIYF","GSGTQLTVMP","EAAVTQSPRNKVTVTGGNVTLSCRQT","NSHNY","MYWYRQDTGHGLRLIHY","SYGAGN","LQIGDVPDGYKATRTTQEDFFLLLELASPSQTSLYF","GPGTRLTVL","G1_71_AGCAATTTCAGCTAAT-1;G1_71_CGCTTTCCAAGTCTTA-1;G1_71_CTTAGCGCACACAATC-1",3,"E_备选（极小扩增）","Ready","Single"
"G1_84","CALSDRDGGNNKLTF_CASTGGWGQAPLF","TRAV6-5","TRBV13-3","CALSDRDGGNNKLTF","CASTGGWGQAPLF","TRAJ56","TRBJ1-5",3,"GDSVTQTEGPVTLSEGTSLTVNCSYE","TKQYPT","LFWYVQYPGEGPQLLFK","VPKANEK","GSSRGFEATYNKEATSFHLQKASVQESDSAVYY","GQGTVLSVIP","EAAVTQSPRSKVAVTGGKVTLSCHQT","NNHDY","MYWYRQDTGHGLRLIHY","SYVADS","TEKGDIPDGYKASRPSQENFSLILELASLSQTAVYF","GEGTRLSVL","G1_84_CGGCTACCAAAGGCAC-1;G1_84_CGTCTCCAGATCCGAC-1;G1_84_GTCAACATCATAGTGT-1",3,"E_备选（极小扩增）","Ready","Single"
"G1_84","CALVLNYAQGLTF_CAWRQSQNTLYF","TRAV6D-6","TRBV31","CALVLNYAQGLTF","CAWRQSQNTLYF","TRAJ26","TRBJ2-4",3,"GDSVTQTEGQVTVSESKSLIINCTYS","TTSIAYPN","LFWYVRYPGEGLQLLLK","VITAGQK","GSSRGFEATYNKETTSFHLQKASVQESDSAVYY","GLGTRVSVFP","AQTIHQWPVAEIKAVGSPLSLGCTIK","GKSSPN","LYWYWQATGGTLQQLFY","SITVG","QVESVVQLNLSASRPKDDQFILSTEKLLLSHSGFYL","GAGTRLSVL","G1_84_AGCTTAGTCCAGCCTC-1;G1_84_AGTCCCGAGCGATTGC-1;G1_84_GTAGGCTTCCGCAGCA-1",3,"E_备选（极小扩增）","Ready","Single"
"G1_84","CATDPNYAQGLTF_CASRGQNTEVFF","TRAV8D-2","TRBV5","CATDPNYAQGLTF","CASRGQNTEVFF","TRAJ26","TRBJ1-1",3,"SQWGEENLQALSIQEGEDVTMNCSYK","TYTTV","VHWYRQDSGRGPALIIL","IRSNERE","KRSGRLRATLDTSSQSSSLSITAAQCEDTAVYF","GLGTRVSVFP","NTKITQSPRYLILGRANKSLECEQH","LGHNA","MYWYKQSAEKPPELMFL","YNLKQL","IRNETVPSRFIPECPDSSKLLLHISAVDPEDSAVYF","GKGTRLTVV","G1_84_CAACCGTAGAGGAGCC-1;G1_84_CTCGGGATCACTAAAC-1;G1_84_CTGGCTTGTACTCCCG-1",3,"E_备选（极小扩增）","Ready","Single"
"G1_84","CAVNSGGSNYKLTF_CAWSRGFSSYEQYF","TRAV7D-3","TRBV31","CAVNSGGSNYKLTF","CAWSRGFSSYEQYF","TRAJ53","TRBJ2-7",3,"QQKVQQSPESLIVPEGAMTSLNCTFS","DSASQY","FAWYRQHSGKAPKALMS","IFSNGE","KEEGRFTIHLNKASLHFSLHIRDSQPSDSALYL","GKGTLLTVTP","AQTIHQWPVAEIKAVGSPLSLGCTIK","GKSSPN","LYWYWQATGGTLQQLFY","SITVG","QVESVVQLNLSASRPKDDQFILSTEKLLLSHSGFYL","GPGTRLTVL","G1_84_ATTGGGCTCACCCATT-1;G1_84_CCGACTACAATTCAGC-1;G1_84_CTTCGTGTCCTACAAG-1",3,"E_备选（极小扩增）","Ready","Single"
"G1_84","CAVRDGHNRIFF_CASGGTGDNQAPLF","TRAV1","TRBV12-2+TRBV13-2","CAVRDGHNRIFF","CASGGTGDNQAPLF","TRAJ31","TRBJ1-5",3,"GQGVEQPDNLMSVEGTFARVNCTYS","TSGFNG","LSWYQQREGHAPVFLSY","VVLDGL","KDSGHFSTFLSRSNGYSYLLLTELQIKDSASYL","GDGTQLVVKP","EAAVTQSPRNKVAVTGGKVTLSCNQT","NNHNN","MYWYRQDTGHGLRLIHY","SYGAGS","TEKGDIPDGYKASRPSQENFSLILELATPSQTSVYF","GEGTRLSVL","G1_84_AGGCTGAAGACCTACA-1;G1_84_GCTTTCGTCAGCGCCA-1;G1_84_GTGAACCTCAGACGCT-1",3,"E_备选（极小扩增）","Ready","Multi_Allele"
"G1_84","CAVSASSGSWQLIF_CAWSLVGVSAETLYF","TRAV7-3","TRBV31","CAVSASSGSWQLIF","CAWSLVGVSAETLYF","TRAJ22","TRBJ2-3",3,"QQNVQQSPESLIVPEGARTSLNCTFS","DSASQY","FWWYRQHSGKAPKALMS","IFSNGE","KEEGRFTIHLNKASLHFSLHIRDSQPSDSALYL","GSGTQLTVMP","AQTIHQWPVAEIKAVGSPLSLGCTIK","GKSSPN","LYWYWQATGGTLQQLFY","SITVG","QVESVVQLNLSASRPKDDQFILSTEKLLLSHSGFYL","GSGTRLTVL","G1_84_AACATGGCAATCGAGA-1;G1_84_ACCCTGCTCACCTCAT-1;G1_84_CAGCACCCAAGTGTTC-1",3,"E_备选（极小扩增）","Ready","Single"
"G1_84","CILHTGNYKYVF_CASSQGTDTLYF","TRAV21-DV12","TRBV5","CILHTGNYKYVF","CASSQGTDTLYF","TRAJ40","TRBJ2-4",3,"DAKTTQPDSMESTEGETVHLPCSHA","TISGNEY","IYWYRQVPLQGPEYVTH","GLQQN","TTNSMAFLAIASDRKSSTLILTHVSLRDAAVYH","GAGTRLKVIA","NTKITQSPRYLILGRANKSLECEQH","LGHNA","MYWYKQSAEKPPELMFL","YNLKQL","IRNETVPSRFIPECPDSSKLLLHISAVDPEDSAVYF","GAGTRLSVL","G1_84_AGCGTTTCAATGCATC-1;G1_84_AGCTGTGGTGTCCATC-1;G1_84_CGATGTATCCCTATAC-1",3,"E_备选（极小扩增）","Ready","Single"
"G1_84","CVLGITGNTRKLIF_CTCSADGGGNTGQLYF","TRAV6-1","TRBV1","CVLGITGNTRKLIF","CTCSADGGGNTGQLYF","TRAJ37","TRBJ2-2",3,"GDSVTQMQGQVTLSEDDFLFINCTYS","TTWYPT","LFWYVQYPGEGPQLLLK","VTTANNK","GISRGFEATYDKRTTSFHLQKASVQESDSAVYY","GLGTTLQVQP","VTLLEQNPRWRLVPRGQAVNLRCILK","NSQYPW","MSWYQQDLQKQLQWLFT","LRSPGD","KEVKSLPGADYLATRVTDTELRLQVANMSQGRTLY","GEGSKLTVL","G1_84_CATGCCACAAACGCAA-1;G1_84_CCAACTTTCGGCCATG-1;G1_84_GGCGTTCCAACTAAGG-1",3,"E_备选（极小扩增）","Ready","Single"
"G1_84","CVLTGFASALTF_CASSVGPTNERLFF","TRAV6-1","TRBV16","CVLTGFASALTF","CASSVGPTNERLFF","TRAJ35","TRBJ1-4",3,"GDSVTQMQGQVTLSEDDFLFINCTYS","TTWYPT","LFWYVQYPGEGPQLLLK","VTTANNK","GISRGFEATYDKRTTSFHLQKASVQESDSAVYY","GSGTKVIVLPY","NAGVIQTPRHKVTGKGQEATLWCEPI","SGHSA","VFWYRQTIVQGLEFLTY","FRNQAP","IDDSGMPKERFSAQMPNQSHSTLKIQSTQPQDSAVYL","GHGTKLSVL","G1_84_ATATGTATCATTAAGC-1;G1_84_CATCGCCTCGTCTCTG-1;G1_84_CGGTGTTAGAAGCGGC-1",3,"E_备选（极小扩增）","Ready","Single"
"G1_87","CAAQGTGSKLSF_CAWSLLGGLYAEQFF","TRAV4-4-DV10","TRBV31","CAAQGTGSKLSF","CAWSLLGGLYAEQFF","TRAJ58","TRBJ2-1",3,"GDQVEQSPSALSLHEGTDSALRCNFT","TTMRS","VQWFRQNSRGSLISLFY","LASGT","KENGRLKSAFDSKERRYSTLHIRDAQLEDSGTYF","GKGAKLTVSP","AQTIHQWPVAEIKAVGSPLSLGCTIK","GKSSPN","LYWYWQATGGTLQQLFY","SITVG","QVESVVQLNLSASRPKDDQFILSTEKLLLSHSGFYL","GPGTRLTVL","G1_87_CGTTTCCCACTTATCT-1;G1_87_CTTGGAGGTAAGGCCC-1;G1_87_GGGATAAGTGTATGTA-1",3,"E_备选（极小扩增）","Ready","Single"
"G1_87","CAASPNSGTYQRF_CASSMGVEQYF","TRAV7D-4","TRBV19","CAASPNSGTYQRF","CASSMGVEQYF","TRAJ13","TRBJ2-7",3,"QQKVQQSPESLSVPEGGMASLNCTSS","DRNFQY","FWWYRQHSGEGPKALMS","IFSDGD","KKEGRFTAHLNKASLHVSLHIRDSQPSDSALYF","GTGTKLQVVP","GGIITQTPKFLIGQEGQKLTLKCQQN","FNHDT","MYWYRQDSGKGLRLIYY","SITEND","LQKGDLSEGYDASREKKSSFSLTVTSAQKNEMAVFL","GPGTRLTVL","G1_87_CCGCCATTCAGTAATC-1;G1_87_CTACGGAGTCCAACAG-1;G1_87_GCTCATTTCAGTTATA-1",3,"E_备选（极小扩增）","Ready","Single"
"G1_87","CAASRSGGSNAKLTF_CASGDTNERLFF","TRAV7-3","TRBV12-2+TRBV13-2","CAASRSGGSNAKLTF","CASGDTNERLFF","TRAJ42","TRBJ1-4",3,"QQNVQQSPESLIVPEGARTSLNCTFS","DSASQY","FWWYRQHSGKAPKALMS","IFSNGE","KEEGRFTIHLNKASLHFSLHIRDSQPSDSALYL","GKGTKLSVKS","EAAVTQSPRNKVAVTGGKVTLSCNQT","NNHNN","MYWYRQDTGHGLRLIHY","SYGAGS","TEKGDIPDGYKASRPSQENFSLILELATPSQTSVYF","GHGTKLSVL","G1_87_CAATACGTCAGCTGTA-1;G1_87_CCTAGCTGTGCTAGGC-1;G1_87_GGCTTCACAACGCGAG-1",3,"E_备选（极小扩增）","Ready","Multi_Allele"
"G1_87","CAASVTGYQNFYF_CASSRQGAEVFF","TRAV5N-4","TRBV19","CAASVTGYQNFYF","CASSRQGAEVFF","TRAJ49","TRBJ1-1",3,"GEQVEQLPSILRVQERSSASINCTYE","NSASNY","FPWYKQEPGENPKLIID","IRSNMER","KQIQGLIVLLDKKAKRFSLHITDTQPADSAMYF","GKGTSLTVIP","GGIITQTPKFLIGQEGQKLTLKCQQN","FNHDT","MYWYRQDSGKGLRLIYY","SITEND","LQKGDLSEGYDASREKKSSFSLTVTSAQKNEMAVFL","GKGTRLTVV","G1_87_AGCATCATCAGTCAAT-1;G1_87_CCTGCTATCGTATTGG-1;G1_87_GTAATGAAGCTGCGAT-1",3,"E_备选（极小扩增）","Ready","Single"
"G1_87","CAFYSGGSNAKLTF_CASSDLGPSAETLYF","TRAV7-3","TRBV13-1","CAFYSGGSNAKLTF","CASSDLGPSAETLYF","TRAJ42","TRBJ2-3",3,"QQNVQQSPESLIVPEGARTSLNCTFS","DSASQY","FWWYRQHSGKAPKALMS","IFSNGE","KEEGRFTIHLNKASLHFSLHIRDSQPSDSALYL","GKGTKLSVKS","EAAVTQSPRNKVTVTGGNVTLSCRQT","NSHNY","MYWYRQDTGHGLRLIHY","SYGAGN","LQIGDVPDGYKATRTTQEDFFLLLELASPSQTSLYF","GSGTRLTVL","G1_87_CCAGGGACACTAGGAA-1;G1_87_CTTGAATAGAAATCAG-1;G1_87_GGCTTCACAAGAGATT-1",3,"E_备选（极小扩增）","Ready","Single"
"G1_87","CAILPNYGNEKITF_CASSVSYEQYF","TRAV13N-2","TRBV13-1","CAILPNYGNEKITF","CASSVSYEQYF","TRAJ48","TRBJ2-7",3,"GQQVQQSPSSLVLQEGENAELQCNFS","STATQ","LQWFYQSPGGSLVSLLS","NPSGT","KHTGRLTSTTVTKERRSSLHISSSQTTDSGTYL","GAGTKLTIKP","EAAVTQSPRNKVTVTGGNVTLSCRQT","NSHNY","MYWYRQDTGHGLRLIHY","SYGAGN","LQIGDVPDGYKATRTTQEDFFLLLELASPSQTSLYF","GPGTRLTVL","G1_87_ACAATAGAGATTGAAG-1;G1_87_CCAGATGGTAGTATTG-1;G1_87_CGGTGTAGTCCGAAAT-1",3,"E_备选（极小扩增）","Ready","Single"
"G1_87","CALAAYQGGRALIF_CASSRKGLGENYAEQFF","TRAV6D-6","TRBV17","CALAAYQGGRALIF","CASSRKGLGENYAEQFF","TRAJ15","TRBJ2-1",3,"GDSVTQTEGQVTVSESKSLIINCTYS","TTSIAYPN","LFWYVRYPGEGLQLLLK","VITAGQK","GSSRGFEATYNKETTSFHLQKASVQESDSAVYY","GTGTTVSVSP","DTTVKQNPRYKLARVGKPVNLICSQT","MNHDT","MYWYQKKPNQAPKLLLF","YYDKIL","NREADTFEKFQSSRPNNSFCSLYIGSAGLEYSAMYL","GPGTRLTVL","G1_87_GCCTGATAGGGCGAGT-1;G1_87_GGGCATAAGACCAGAG-1;G1_87_GTTCTCCCAGTTCAGT-1",3,"E_备选（极小扩增）","Ready","Single"
"G1_87","CALGDPNTDKVVF_CASGDRDRGNTEVFF","TRAV6D-6","TRBV12-2+TRBV13-2","CALGDPNTDKVVF","CASGDRDRGNTEVFF","TRAJ34","TRBJ1-1",3,"GDSVTQTEGQVTVSESKSLIINCTYS","TTSIAYPN","LFWYVRYPGEGLQLLLK","VITAGQK","GSSRGFEATYNKETTSFHLQKASVQESDSAVYY","GTGTRLQVSP","EAAVTQSPRNKVAVTGGKVTLSCNQT","NNHNN","MYWYRQDTGHGLRLIHY","SYGAGS","TEKGDIPDGYKASRPSQENFSLILELATPSQTSVYF","GKGTRLTVV","G1_87_ATCGAGACACAGTTAC-1;G1_87_ATGGTCATCGGTCATA-1;G1_87_GTCCATGCAAGTTAGG-1",3,"E_备选（极小扩增）","Ready","Multi_Allele"
"G1_87","CALGESMGYKLTF_CAWSPGTDKFSAETLYF","TRAV6D-6","TRBV31","CALGESMGYKLTF","CAWSPGTDKFSAETLYF","TRAJ9","TRBJ2-3",3,"GDSVTQTEGQVTVSESKSLIINCTYS","TTSIAYPN","LFWYVRYPGEGLQLLLK","VITAGQK","GSSRGFEATYNKETTSFHLQKASVQESDSAVYY","GTGTSLLVDP","AQTIHQWPVAEIKAVGSPLSLGCTIK","GKSSPN","LYWYWQATGGTLQQLFY","SITVG","QVESVVQLNLSASRPKDDQFILSTEKLLLSHSGFYL","GSGTRLTVL","G1_87_ACCCCATGTACTTTCG-1;G1_87_AGCGTAACACAAGCGG-1;G1_87_GTCCGTACACGCTTTC-1",3,"E_备选（极小扩增）","Ready","Single"
"G1_87","CALGRTGNTRKLIF_CASSQDGTVNERLFF","TRAV6D-6","TRBV5","CALGRTGNTRKLIF","CASSQDGTVNERLFF","TRAJ37","TRBJ1-4",3,"GDSVTQTEGQVTVSESKSLIINCTYS","TTSIAYPN","LFWYVRYPGEGLQLLLK","VITAGQK","GSSRGFEATYNKETTSFHLQKASVQESDSAVYY","GLGTTLQVQP","NTKITQSPRYLILGRANKSLECEQH","LGHNA","MYWYKQSAEKPPELMFL","YNLKQL","IRNETVPSRFIPECPDSSKLLLHISAVDPEDSAVYF","GHGTKLSVL","G1_87_AAGTCTAGTGGTGATT-1;G1_87_GTCAATGTCCTAGTTC-1;G1_87_GTCTCTGTCATAAGCT-1",3,"E_备选（极小扩增）","Ready","Single"
"G1_87","CALSDLNNRIFF_CASSDDGTFYAEQFF","TRAV12-3","TRBV13-1","CALSDLNNRIFF","CASSDDGTFYAEQFF","TRAJ31","TRBJ2-1",3,"GDSVTQTEGLVTLTEGLPVMLNCTYQ","TIYSNAF","LFWYVHYLNESPWLLLR","SSTDNKR","TEHQGFHATLHKSSSSFHLQKSSAQLSDSALYY","GDGTQLVVKP","EAAVTQSPRNKVTVTGGNVTLSCRQT","NSHNY","MYWYRQDTGHGLRLIHY","SYGAGN","LQIGDVPDGYKATRTTQEDFFLLLELASPSQTSLYF","GPGTRLTVL","G1_87_ACCCATTTCATGCCTT-1;G1_87_ATCCTGAAGAAACCGG-1;G1_87_ATGTCTTGTGTCCCAT-1",3,"E_备选（极小扩增）","Ready","Single"
"G1_87","CALSETASLGKLQF_CASAGGVQDTQYF","TRAV6D-6","TRBV3","CALSETASLGKLQF","CASAGGVQDTQYF","TRAJ24","TRBJ2-5",3,"GDSVTQTEGQVTVSESKSLIINCTYS","ATSIAYPN","LFWYVRYPGEGLQLLLK","VITAGQK","GSSRGFEATYNKETTSFHLQKASVQESDSAVYY","GTGTQVVVTP","GPKVLQIPSHQIIDMGQMVTLNCDPV","SNHLY","FYWYKQILGQQMEFLVN","FYNGKV","MEKSKLFKDQFSVERPDGSYFTLKIQPTALEDSAVYF","GPGTRLLVL","G1_87_AAAGTCAAGGTTCATG-1;G1_87_AAGCATTTCACGACAC-1;G1_87_CTATCCAGTCGACTCT-1",3,"E_备选（极小扩增）","Ready","Single"
"G1_87","CALWFSTGYQNFYF_CASKNNQDTQYF","TRAV15D-1-DV6D-1","TRBV14","CALWFSTGYQNFYF","CASKNNQDTQYF","TRAJ49","TRBJ2-5",3,"AQKVIQVWSTASRQEGEELTLDCSYE","TSQVLYH","LFWYKHLLSGEMVFLIR","QMSSSTAK","ERSGRYSVVFQKSLKSISLVISALQPDDSGKYF","GKGTSLTVIP","EAGVTQSPRYAVLQEGQAVSFWCDPI","SGHDT","LYWYQQPRDQGPQLLVY","FRDEAV","IDNSQLPSDRFSAVRPKGTNSTLKIQSAKQGDTATYL","GPGTRLLVL","G1_87_AATACGTTCCATCTGT-1;G1_87_CGCCTAGAGGCCTGAT-1;G1_87_CTCGGTACAACTCCGA-1",3,"E_备选（极小扩增）","Ready","Single"
"G1_87","CAMARGKLIF_CASSQDWGGAQNTLYF","TRAV13-1","TRBV5","CAMARGKLIF","CASSQDWGGAQNTLYF","TRAJ23","TRBJ2-4",3,"GQQVQQSPASLVLQEGENAELQCNFS","TSLNS","MQWFYQRPGGSLVSLFY","NPSGT","KQSGRLTSTTVIKERRSSLHISSSQTTDSGTYL","GQGTKLSIKP","NTKITQSPRYLILGRANKSLECEQH","LGHNA","MYWYKQSAEKPPELMFL","YNLKQL","IRNETVPSRFIPECPDSSKLLLHISAVDPEDSAVYF","GAGTRLSVL","G1_87_CCGGTAAGTATGAGCT-1;G1_87_CCGTAACAGGCACCCA-1;G1_87_GTTGCCGAGACTGCAC-1",3,"E_备选（极小扩增）","Ready","Single"
"G1_87","CAMDASSGSWQLIF_CASSGDRSSYEQYF","TRAV13-1","TRBV13-3","CAMDASSGSWQLIF","CASSGDRSSYEQYF","TRAJ22","TRBJ2-7",3,"GQQVQQSPASLVLQEGENAELQCNFS","TSLNS","MQWFYQRPGGSLVSLFY","NPSGT","KQSGRLTSTTVIKERRSSLHISSSQTTDSGTYL","GSGTQLTVMP","EAAVTQSPRSKVAVTGGKVTLSCHQT","NNHDY","MYWYRQDTGHGLRLIHY","SYVADS","TEKGDIPDGYKASRPSQENFSLILELASLSQTAVYF","GPGTRLTVL","G1_87_AGGCGCTGTCTCATAT-1;G1_87_AGTCTGGGTCGCCATT-1;G1_87_CGTGTTAAGACGCGTT-1",3,"E_备选（极小扩增）","Ready","Single"
"G1_87","CAMRDHTGANTGKLTF_CASSDALGGANTGQLYF","TRAV16N","TRBV13-1","CAMRDHTGANTGKLTF","CASSDALGGANTGQLYF","TRAJ52","TRBJ2-2",3,"AQKVTQTQTSISVMEKTTVTMDCVYE","TQDSSYF","LFWYKQTASGEIVFLIR","QDSYKKEN","ATVGHYSLNFQKPKSSIGLIITATQIEDSAVYF","GHGTILRVHP","EAAVTQSPRNKVTVTGGNVTLSCRQT","NSHNY","MYWYRQDTGHGLRLIHY","SYGAGN","LQIGDVPDGYKATRTTQEDFFLLLELASPSQTSLYF","GEGSKLTVL","G1_87_ACGTCCGAGCACCGCA-1;G1_87_CAGTATGTCACGAACC-1;G1_87_CCAACCTGTCATCGCT-1",3,"E_备选（极小扩增）","Ready","Single"
"G1_87","CAMRENYGGSGNKLIF_CASSQEDGNTGQLYF","TRAV16N","TRBV5","CAMRENYGGSGNKLIF","CASSQEDGNTGQLYF","TRAJ32","TRBJ2-2",3,"AQKVTQTQTSISVMEKTTVTMDCVYE","TQDSSYF","LFWYKQTASGEIVFLIR","QDSYKKEN","ATVGHYSLNFQKPKSSIGLIITATQIEDSAVYF","GTGTLLSVKP","NTKITQSPRYLILGRANKSLECEQH","LGHNA","MYWYKQSAEKPPELMFL","YNLKQL","IRNETVPSRFIPECPDSSKLLLHISAVDPEDSAVYF","GEGSKLTVL","G1_87_ACAGCGCGTAGCTGGC-1;G1_87_AGCTATCCACTCACGA-1;G1_87_AGTCGCAGTAGCCTCT-1",3,"E_备选（极小扩增）","Ready","Single"
"G1_87","CAMRMPNYNVLYF_CASSPDSYEQYF","TRAV7N-5","TRBV2","CAMRMPNYNVLYF","CASSPDSYEQYF","TRAJ21","TRBJ2-7",3,"QQKVQQSPESLTVSEGAMASLNCTFS","DGTSDN","FRWYRQHSGKGLEVLVS","IFSDGE","KEEGRFTAHLNRASLHVSLHIREPQPSDSAVYL","GSGTKLTVEP","DPKIIQKPKYLVAVTGSEKILICEQY","LGHNA","MYWYRQSAKKPLEFMFS","YSYQKL","MDNQTASSRFQPQSSKKNHLDLQITALKPDDSATYF","GPGTRLTVL","G1_87_AACCCGTAGGGATAGT-1;G1_87_ACTCCTGTCGGAAACG-1;G1_87_CGTGGAAAGACTCGAC-1",3,"E_备选（极小扩增）","Ready","Single"
"G1_87","CAMRNNNRIFF_CASSIWDRTSQNTLYF","TRAV7N-5","TRBV19","CAMRNNNRIFF","CASSIWDRTSQNTLYF","TRAJ31","TRBJ2-4",3,"QQKVQQSPESLTVSEGAMASLNCTFS","DGTSDN","FRWYRQHSGKGLEVLVS","IFSDGE","KEEGRFTAHLNRASLHVSLHIREPQPSDSAVYL","GDGTQLVVKP","GGIITQTPKFLIGQEGQKLTLKCQQN","FNHDT","MYWYRQDSGKGLRLIYY","SITEND","LQKGDLSEGYDASREKKSSFSLTVTSAQKNEMAVFL","GAGTRLSVL","G1_87_AAAGTTCTCCGTTCGC-1;G1_87_AATTGCCCAAAAGGCC-1;G1_87_CTGACTCGTCCGTAAG-1",3,"E_备选（极小扩增）","Ready","Single"
"G1_87","CATGNNRIFF_CASGDTNERLFF","TRAV8D-2","TRBV12-2+TRBV13-2","CATGNNRIFF","CASGDTNERLFF","TRAJ31","TRBJ1-4",3,"SQWGEENLQALSIQEGEDVTMNCSYK","TYTTV","VHWYRQDSGRGPALIIL","IRSNERE","KRSGRLRATLDTSSQSSSLSITAAQCEDTAVYF","GDGTQLVVKP","EAAVTQSPRNKVAVTGGKVTLSCNQT","NNHNN","MYWYRQDTGHGLRLIHY","SYGAGS","TEKGDIPDGYKASRPSQENFSLILELATPSQTSVYF","GHGTKLSVL","G1_87_AGGCTGTTCCCGCGTT-1;G1_87_CATTTGGAGCTATCGA-1;G1_87_CCGCACAAGATGTGTT-1",3,"E_备选（极小扩增）","Ready","Multi_Allele"
"G1_87","CAVGYGGSGNKLIF_CASSLTVSSAETLYF","TRAV3-3","TRBV14","CAVGYGGSGNKLIF","CASSLTVSSAETLYF","TRAJ32","TRBJ2-3",3,"GEQVEQRPPHLSVREGDSAVITCTYT","DPNSYY","FFWYKQEPGASLQLLMK","VFSSTEI","NEGQGFTVLLNKKDTRLSLNLTAAHPGDSAAYF","GTGTLLSVKP","EAGVTQSPRYAVLQEGQAVSFWCDPI","SGHDT","LYWYQQPRDQGPQLLVY","FRDEAV","IDNSQLPSDRFSAVRPKGTNSTLKIQSAKQGDTATYL","GSGTRLTVL","G1_87_AAACCGTGTCCAGTAG-1;G1_87_GCAACGGCAGGCTCTA-1;G1_87_GCGGAGTAGGGGTAGC-1",3,"E_备选（极小扩增）","Ready","Single"
"G1_87","CAVPPGGNYKPTF_CASSEGGEVFF","TRAV3-3","TRBV13-1","CAVPPGGNYKPTF","CASSEGGEVFF","TRAJ6","TRBJ1-1",3,"GEQVEQRPPHLSVREGDSAFITCTYT","DPNSYY","FFWYKQEPGASLQLLMK","VFSSTEI","NEGQGFTVLLNKKDKRLSLNLTAAHPGDSAAYF","GKGTSLVVHP","EAAVTQSPRNKVTVTGGNVTLSCRQT","NSHNY","MYWYRQDTGHGLRLIHY","SYGAGN","LQIGDVPDGYKATRTTQEDFFLLLELASPSQTSLYF","GKGTRLTVV","G1_87_AGTACAGCAATGACAG-1;G1_87_CTGGGTGTCCTGGTCC-1;G1_87_GTCCTGCTCGTGGTTA-1",3,"E_备选（极小扩增）","Ready","Single"
"G1_87","CAVSMYNVLYF_CASSQAGTYEQYF","TRAV9-4","TRBV5","CAVSMYNVLYF","CASSQAGTYEQYF","TRAJ21","TRBJ2-7",3,"AQSVTQPDARVTVSEGASLQLRCKYS","YSATPY","LFWYVQYPRQGLQLLLK","YYSGDPVV","QGVNGFEAEFSKSNSSFHLRKASVHWSDSAVYF","GSGTKLTVEP","NTKITQSPRYLILGRANKSLECEQH","LGHNA","MYWYKQSAEKPPELMFL","YNLKQL","IRNETVPSRFIPECPDSSKLLLHISAVDPEDSAVYF","GPGTRLTVL","G1_87_AGGCTGTTCAGTTGCA-1;G1_87_ATAGTAACAATCAGCT-1;G1_87_CTAGCCCTCATTGTCC-1",3,"E_备选（极小扩增）","Ready","Single"
"G1_87","CAVSVSGSWQLIF_CAWSLVGQGSSYEQYF","TRAV3-3","TRBV31","CAVSVSGSWQLIF","CAWSLVGQGSSYEQYF","TRAJ22","TRBJ2-7",3,"GEQVEQRPPHLSVREGDSAVITCTYT","DPNSYY","FFWYKQEPGASLQLLMK","VFSSTEI","NEGQGFTVLLNKKDKRLSLNLTAAHPGDSAAYF","GSGTQLTVMP","AQTIHQWPVAEIKAVGSPLSLGCTIK","GKSSPN","LYWYWQATGGTLQQLFY","SITVG","QVESVVQLNLSASRPKDDQFILSTEKLLLSHSGFYL","GPGTRLTVL","G1_87_AGCTGAACAGGAACGT-1;G1_87_CTTCATATCCATGGGT-1;G1_87_GTCGAAGAGATCGATT-1",3,"E_备选（极小扩增）","Ready","Single"
"G1_87","CAVTGGADRLTF_CASKPETGGNYAEQFF","TRAV9N-2","TRBV14","CAVTGGADRLTF","CASKPETGGNYAEQFF","TRAJ45","TRBJ2-1",3,"AQSVTQPDARVTVSEGASLQLRCKYS","SSVTPY","LFWYVQYPRQGLQLLLK","YYSGDPVV","QGVNGFEAEFSKSNSSFHLRKASVHWSDSAVYF","GKGTQLIIQP","EAGVTQSPRYAVLQEGQAVSFWCDPI","SGHDT","LYWYQQPRDQGPQLLVY","FRDEAV","IDNSQLPSDRFSAVRPKGTNSTLKIQSAKQGDTATYL","GPGTRLTVL","G1_87_AAAGGGTTCATGCGTA-1;G1_87_ATCGGACTCCGACTCC-1;G1_87_CACCGTTGTGCCTATC-1",3,"E_备选（极小扩增）","Ready","Single"
"G1_87","CILAGYQNFYF_CASKNNQDTQYF","TRAV21-DV12","TRBV14","CILAGYQNFYF","CASKNNQDTQYF","TRAJ49","TRBJ2-5",3,"DAKTTQPDSMESTEGETVHLPCSHA","TISGNEY","IYWYRQVPLQGPEYVTH","GLQQN","TTNSMAFLAIASDRKSSTLILTHVSLRDAAVYH","GKGTSLTVIP","EAGVTQSPRYAVLQEGQAVSFWCDPI","SGHDT","LYWYQQPRDQGPQLLVY","FRDEAV","IDNSQLPSDRFSAVRPKGTNSTLKIQSAKQGDTATYL","GPGTRLLVL","G1_87_AATACAACAAATTTCG-1;G1_87_ACACAATTCGCGTCAG-1;G1_87_GTGTGGGCACCATACG-1",3,"E_备选（极小扩增）","Ready","Single"
"G1_87","CILRVATGNTRKLIF_CASSRDRVEQYF","TRAV21-DV12","TRBV2","CILRVATGNTRKLIF","CASSRDRVEQYF","TRAJ37","TRBJ2-7",3,"DAKTTQPDSMESTEGETVHLPCSHA","TISGNEY","IYWYRQVPLQGPEYVTH","GLQQN","TTNSMAFLAIASDRKSSTLILTHVSLRDAAVYH","GLGTTLQVQP","DPKIIQKPKYLVAVTGSEKILICEQY","LGHNA","MYWYRQSAKKPLEFMFS","YSYQKL","MDNQTASSRFQPQSSKKNHLDLQITALKPDDSATYF","GPGTRLTVL","G1_87_ATGTCGGGTCGGTTCT-1;G1_87_ATGTTCTGTGTCTATT-1;G1_87_GTCTCCCAGGCTACAC-1",3,"E_备选（极小扩增）","Ready","Single"
"G1_87","CVVGANYGNEKITF_CTCSAVLGEDTQYF","TRAV11","TRBV1","CVVGANYGNEKITF","CTCSAVLGEDTQYF","TRAJ48","TRBJ2-5",3,"KTQVEQSPQSLVVRQGENCVLQCNYS","VTPDNH","LRWFKQDTGKGLVSLTV","LVHENDK","TSNGRYSATLDKDAKHSTLHITATLLDDTATYI","GAGTKLTIKP","VTLLEQNPRWRLVPRGQAVNLRCILK","NSQYPW","MSWYQQDLQKQLQWLFT","LRSPGD","KEVKSLPGADYLATRVTDTELRLQVANMSQGRTLY","GPGTRLLVL","G1_87_AATACGAAGCGCAGTT-1;G1_87_GGGTTCCCAATGACCT-1;G1_87_GTGCGAAAGCGCCTAG-1",3,"E_备选（极小扩增）","Ready","Single"
"G1_71","CAADSGYNKLTF_CASSFVPYF","TRAV4-3","TRBV3","CAADSGYNKLTF","CASSFVPYF","TRAJ11","TRBJ2-7",2,"GDKVKQSPSALSLQEGTNSALRCNFS","IAATT","VQWFLQNPRGSLINLFY","LVPGT","KENGRLKSTFNSKESYSTLHIRDAQLEDSGTYF","GKGTVLLVSP","GPKVLQIPSHQIIDMGQMVTLNCDPV","SNHLY","FYWYKQILGQQMEFLVN","FYNGKV","MEKSKLFKDQFSVERPDGSYFTLKIQPTALEDSAVYF","GPGTRLTVL","G1_71_ATGTCAGTCAGCACGT-1;G1_71_GCCCCGTGTAACTCGG-1",2,"E_备选（极小扩增）","Ready","Single"
"G1_71","CAAEAGGGSGNKLIF_CASSGQGGNTLYF","TRAV4-4-DV10","TRBV13-3","CAAEAGGGSGNKLIF","CASSGQGGNTLYF","TRAJ32","TRBJ1-3",2,"GDQVEQSPSALSLHEGTDSALRCNFT","TTMRS","VQWFRQNSRGSLISLFY","LASGT","KENGRLKSAFDSKERRYSTLHIRDAQLEDSGTYF","GTGTLLSVKP","EAAVTQSPRSKVAVTGGKVTLSCHQT","NNHDY","MYWYRQDTGHGLRLIHY","SYVADS","TEKGDIPDGYKASRPSQENFSLILELASLSQTAVYF","GEGSRLIVV","G1_71_CGTTTACTCAGGTTCA-1;G1_71_CGTTTCCCACAACTTA-1",2,"E_备选（极小扩增）","Ready","Single"
"G1_71","CAAEAGYQNFYF_CASSPRGERLFF","TRAV4-2","TRBV5","CAAEAGYQNFYF","CASSPRGERLFF","TRAJ49","TRBJ1-4",2,"GMPVEQNPPALSLYEGADSGLRCNFS","TTMKS","VQWFQQNHRGRLITLFY","LAQGT","KENGRLKSTFNSKERYSTLHIKDAQLEDSGTYF","GKGTSLTVIP","NTKITQSPRYLILGRANKSLECEQH","LGHNA","MYWYKQSAEKPPELMFL","YNLKQL","IRNETVPSRFIPECPDSSKLLLHISAVDPEDSAVYF","GHGTKLSVL","G1_71_CATAACCCACAAGTAG-1;G1_71_CGTTCCGGTAGGTATC-1",2,"E_备选（极小扩增）","Ready","Single"
"G1_71","CAAEANSAGNKLTF_CASSHRDTQYF","TRAV4-4-DV10","TRBV2","CAAEANSAGNKLTF","CASSHRDTQYF","TRAJ17","TRBJ2-5",2,"GDQVEQSPSALSLHEGTDSALRCNFT","TTMRS","VQWFRQNSRGSLISLFY","LASGT","KENGRLKSAFDSKERRYSTLHIRDAQLEDSGTYF","GIGTRVLVRP","DPKIIQKPKYLVAVTGSEKILICEQY","LGHNA","MYWYRQSAKKPLEFMFS","YSYQKL","MDNQTASSRFQPQSSKKNHLDLQITALKPDDSATYF","GPGTRLLVL","G1_71_CATAGAGCAGGTTCAT-1;G1_71_CGGAAAGTCATGGCCG-1",2,"E_备选（极小扩增）","Ready","Single"
"G1_71","CAAGNNNNAPRF_CTCSAARLGGFEQYF","TRAV14N-3","TRBV1","CAAGNNNNAPRF","CTCSAARLGGFEQYF","TRAJ43","TRBJ2-7",2,"QQQVRQSPQSLTVWEGETAILNCSYE","NSAFDY","FPWYQQFPGEGPALLIA","IRSVSDK","KEDGGFTIFFNKREKNLSLHIKDSQPGDSATYF","GAGTKLTVKP","VTLLEQNPRWRLVPRGQAVNLRCILK","NSQYPW","MSWYQQDLQKQLQWLFT","LRSPGD","KEVKSLPGADYLATRVTDTELRLQVANMSQGRTLY","GPGTRLTVL","G1_71_ACCTTTCAGACTATCG-1;G1_71_GCGTCTACAAAATGGT-1",2,"E_备选（极小扩增）","Ready","Single"
"G1_71","CAAGRQGGSAKLIF_CASSLSREEVFF","TRAV19","TRBV15","CAAGRQGGSAKLIF","CASSLSREEVFF","TRAJ57","TRBJ1-1",2,"GQQVKQSSPSLTVQEGGILILNCDYE","NDMFDY","FAWYKKYPDNSPTLLIS","VRSNVDK","REDGRFTVFLNKSGKHFSLHITASQPEDTAVYL","GEGTKLTVSS","DAGVTQTPRHEVAEKGQTIILKCEPV","SGHND","LFWYRQTKIQGLELLSY","FRSKSL","MEDGGAFKDRFKAEMLNSSFSTLKIQPTEPKDSAVYL","GKGTRLTVV","G1_71_GCCACTTGTCGATTCC-1;G1_71_GGTAATCGTAAGTCTA-1",2,"E_备选（极小扩增）","Ready","Single"
"G1_71","CAAHRGSALGRLHF_CASSQDLGSYAEQFF","TRAV14N-2","TRBV5","CAAHRGSALGRLHF","CASSQDLGSYAEQFF","TRAJ18","TRBJ2-1",2,"QQQVRQSPQSLTVWEGETAILNCSYE","DSTFDY","FPWYRLFPGESPALLIA","IRPVSNK","KEDGRFTIFFNKREKKLSLHITDSQPGDSATYF","GAGTQLIVIP","NTKITQSPRYLILGRANKSLECEQH","LGHNA","MYWYKQSAEKPPELMFL","YNLKQL","IRNETVPSRFIPECPDSSKLLLHISAVDPEDSAVYF","GPGTRLTVL","G1_71_CATGGGGCAAAGTACG-1;G1_71_CCAAGTATCCCAATTC-1",2,"E_备选（极小扩增）","Ready","Single"
"G1_71","CAAHVTGSGGKLTL_CGARDSTSAETLYF","TRAV14N-3","TRBV20","CAAHVTGSGGKLTL","CGARDSTSAETLYF","TRAJ44","TRBJ2-3",2,"QQQVRQSPQSLTVWEGETAILNCSYE","NSAFDY","FPWYQQFPGEGPALLIA","IRSVSDK","KEDGGFTIFFNKREKNLSLHIKDSQPGDSATYF","GTGTRLQVNL","GALVYQYPRRTICKSGTSMRMECQAV","GFQATS","VAWYRQSPQKTFELIAL","STVNSAI","KYEQNFTQEKFPISHPNLSFSSMTVLNAYLEDRGLYL","GSGTRLTVL","G1_71_ATATGAGAGCAAGCTC-1;G1_71_CTTCTCACACCATCGA-1",2,"E_备选（极小扩增）","Ready","Single"
"G1_71","CAANPNYNVLYF_CAWRDRGGGNTLYF","TRAV14N-1","TRBV31","CAANPNYNVLYF","CAWRDRGGGNTLYF","TRAJ21","TRBJ1-3",2,"QQQVRQSPQSLTVWEGETAILNCSYE","DSTFNY","FPWYQQFPGEGPALLIS","ISSVSDK","KEDGRFTIFFNKREKKLSLHITDSQPGDSATYF","GSGTKLTVEP","AQTIHQWPVAEIKAVGSPLSLGCTIK","GKSSPN","LYWYWQATGGTLQQLFY","SITVG","QVESVVQLNLSASRPKDDQFILSTEKLLLSHSGFYL","GEGSRLIVV","G1_71_CGGTCCAAGAAGCTGG-1;G1_71_CTTGTCGTCGCCATGG-1",2,"E_备选（极小扩增）","Ready","Single"
"G1_71","CAAPMPNYNVLYF_CASGRDSYAEQFF","TRAV7D-2","TRBV12-2+TRBV13-2","CAAPMPNYNVLYF","CASGRDSYAEQFF","TRAJ21","TRBJ2-1",2,"QQKVQQSPESLIVPEGGMASLNCTSS","DRNVDY","FWWYRQHSGKSPKMLMS","IFSNGE","KEEGRFTVHLNKASLHTSLHIRDSQPSDSALYL","GSGTKLTVEP","EAAVTQSPRNKVAVTGGKVTLSCNQT","NNHNN","MYWYRQDTGHGLRLIHY","SYGAGS","TEKGDIPDGYKASRPSQENFSLILELATPSQTSVYF","GPGTRLTVL","G1_71_CAGCGGTGTCAGTCTC-1;G1_71_GTTGGGCGTATTGCTT-1",2,"E_备选（极小扩增）","Ready","Multi_Allele"
"G1_71","CAAPNYGNEKITF_CASRRTGDFYEQYF","TRAV4-4-DV10","TRBV29","CAAPNYGNEKITF","CASRRTGDFYEQYF","TRAJ48","TRBJ2-7",2,"GDQVEQSPSALSLHEGTDSALRCNFT","TTMRS","VQWFRQNSRGSLISLFY","LASGT","KENGRLKSAFDSKERRYSTLHIRDAQLEDSGTYF","GAGTKLTIKP","DMKVTQMPRYLIKRMGENVLLECGQD","MSHET","MYWYRQDPGLGLQLIYI","SYDVDS","NSEGDIPKGYRVSRKKREHFSLILDSAKTNQTSVYF","GPGTRLTVL","G1_71_GGCTGCATCCCTTCCT-1;G1_71_GTATGCATCAGGGTCT-1",2,"E_备选（极小扩增）","Ready","Single"
"G1_71","CAARINTGNYKYVF_CASSYREERLFF","TRAV7D-2","TRBV13-1","CAARINTGNYKYVF","CASSYREERLFF","TRAJ40","TRBJ1-4",2,"QQKVQQSPESLIVPEGGMASLNCTSS","DRNVDY","FWWYRQHSGKSPKMLMS","IFSNGE","KEEGRFTVHLNKASLHTSLHIRDSQPSDSALYL","GAGTRLKVIA","EAAVTQSPRNKVTVTGGNVTLSCRQT","NSHNY","MYWYRQDTGHGLRLIHY","SYGAGN","LQIGDVPDGYKATRTTQEDFFLLLELASPSQTSLYF","GHGTKLSVL","G1_71_CGTGCATAGATTCAAC-1;G1_71_GCGCGTATCCCCTAAT-1",2,"E_备选（极小扩增）","Ready","Single"
"G1_71","CAARNMGYKLTF_CAWSLKLGAQDTQYF","TRAV7-3","TRBV31","CAARNMGYKLTF","CAWSLKLGAQDTQYF","TRAJ9","TRBJ2-5",2,"QQNVQQSPESLIVPEGARTSLNCTFS","DSASQY","FWWYRQHSGKAPKALMS","IFSNGE","KEEGRFTIHLNKASLHFSLHIRDSQPSDSALYL","GTGTSLLVDP","AQTIHQWPVAEIKAVGSPLSLGCTIK","GKSSPN","LYWYWQATGGTLQQLFY","SITVG","QVESVVQLNLSASRPKDDQFILSTEKLLLSHSGFYL","GPGTRLLVL","G1_71_AGCGCAGCAATCACTA-1;G1_71_CACCATAAGAGGTTGG-1",2,"E_备选（极小扩增）","Ready","Single"
"G1_71","CAASDNYAQGLTF_CASSGAYSDYTF","TRAV14N-1","TRBV13-3","CAASDNYAQGLTF","CASSGAYSDYTF","TRAJ26","TRBJ1-2",2,"QQQVRQSPQSLTVWEGETAILNCSYE","DSTFNY","FPWYQQFPGEGPALLIS","ISSVSDK","KEDGRFTIFFNKREKKLSLHITDSQPGDSATYF","GLGTRVSVFP","EAAVTQSPRSKVAVTGGKVTLSCHQT","NNHDY","MYWYRQDTGHGLRLIHY","SYVADS","TEKGDIPDGYKASRPSQENFSLILELASLSQTAVYF","GSGTRLLVI","G1_71_GGACTGCGTGCAATCG-1;G1_71_GTGCGCGGTCTGGAAT-1",2,"E_备选（极小扩增）","Ready","Single"
"G1_71","CAASEASGSWQLIF_CAWSLRGSYEQYF","TRAV14-1","TRBV31","CAASEASGSWQLIF","CAWSLRGSYEQYF","TRAJ22","TRBJ2-7",2,"QQQVRQSPQSLTVWEGGTTVLTCSYE","DSTFNY","FPCYQQFPGEGPALLIS","ILSVSDK","KEDGRFTIFFNKREKKLSLHIIDSQPGDSATYF","GSGTQLTVMP","AQTIHQWPVAEIKAVGSPLSLGCTIK","GKSSPN","LYWYWQATGGTLQQLFY","SITVG","QVESVVQLNLSASRPKDDQFILSTEKLLLSHSGFYL","GPGTRLTVL","G1_71_ATGGTTTAGCATGGAG-1;G1_71_CACATCTTCACAGCTA-1",2,"E_备选（极小扩增）","Ready","Single"
"G1_71","CAASEGSNAKLTF_CASSRPDSAEQFF","TRAV14N-1","TRBV17","CAASEGSNAKLTF","CASSRPDSAEQFF","TRAJ42","TRBJ2-1",2,"QQQVRQSPQSLTVWEGETAILNCSYE","DSTFNY","FPWYQQFPGEGPALLIS","ISSVSDK","KEDGRFTIFFNKREKKLSLHITDSQPGDSATYF","GKGTKLSVKS","DTTVKQNPRYKLARVGKPVNLICSQT","MNHDT","MYWYQKKPNQAPKLLLF","YYDKIL","NREADTFEKFQSSRPNNSFCSLYIGSAGLEYSAMYL","GPGTRLTVL","G1_71_GCCCCGTGTGCCCCTA-1;G1_71_GCGCTCCGTGTCCCTG-1",2,"E_备选（极小扩增）","Ready","Single"
"G1_71","CAASVGGSGNKLIF_CASSQDGISNERLFF","TRAV7-4","TRBV5","CAASVGGSGNKLIF","CASSQDGISNERLFF","TRAJ32","TRBJ1-4",2,"QQKVQQSPESLSVPEGGMASFNCTSS","DRNFQY","FWWYRQHSGEGPKALMS","IFSDGD","KKEGRFTAHLNKASLHVSLHIRDSQPSDSALYF","GTGTLLSVKP","NTKITQSPRYLILGRANKSLECEQH","LGHNA","MYWYKQSAEKPPELMFL","YNLKQL","IRNETVPSRFIPECPDSSKLLLHISAVDPEDSAVYF","GHGTKLSVL","G1_71_ATGGCGGCAGTATGGA-1;G1_71_CGTACTTTCAGTCAGC-1",2,"E_备选（极小扩增）","Ready","Single"
"G1_71","CAIDRGNYKPTF_CASSQVLGGSSYEQYF","TRAV13N-2","TRBV5","CAIDRGNYKPTF","CASSQVLGGSSYEQYF","TRAJ6","TRBJ2-7",2,"GQQVQQSPSSLVLQEGENAELQCNFS","STATQ","LQWFYQSPGGSLVSLLS","NPSGT","KHTGRLTSTTVTKERRSSLHISSSQTTDSGTYL","GKGTSLVVHP","NTKITQSPRYLILGRANKSLECEQH","LGHNA","MYWYKQSAEKPPELMFL","YNLKQL","IRNETVPSRFIPECPDSSKLLLHISAVDPEDSAVYF","GPGTRLTVL","G1_71_GGATTGTGTCGATGGC-1;G1_71_GGCGTGTGTGCCTCGC-1",2,"E_备选（极小扩增）","Ready","Single"
"G1_71","CAINTGANTGKLTF_CASSDNWGYAEQFF","TRAV7N-5","TRBV13-3","CAINTGANTGKLTF","CASSDNWGYAEQFF","TRAJ52","TRBJ2-1",2,"QQKVQQSPESLTVSEGAMASLNCTFS","DGTSDN","FRWYRQHSGKGLEVLVS","IFSDGE","KEEGRFTAHLNRASLHVSLHIREPQPSDSAVYL","GHGTILRVHP","EAAVTQSPRSKVAVTGGKVTLSCHQT","NNHDY","MYWYRQDTGHGLRLIHY","SYVADS","TEKGDIPDGYKASRPSQENFSLILELASLSQTAVYF","GPGTRLTVL","G1_71_ACCCTAAAGCTATCAG-1;G1_71_ACTGCCACAAGTGCCC-1",2,"E_备选（极小扩增）","Ready","Single"
"G1_71","CALGDHGSGGKLTL_CASSQSPGQGANTEVFF","TRAV6D-6","TRBV5","CALGDHGSGGKLTL","CASSQSPGQGANTEVFF","TRAJ44","TRBJ1-1",2,"GDSVTQTEGQVTVSESKSLIINCTYS","TTSIAYPN","LFWYVRYPGEGLQLLLK","VITAGQK","GSSRGFEATYNKETTSFHLQKASVQESDSAVYY","GTGTRLQVNL","NTKITQSPRYLILGRANKSLECEQH","LGHNA","MYWYKQSAEKPPELMFL","YNLKQL","IRNETVPSRFIPECPDSSKLLLHISAVDPEDSAVYF","GKGTRLTVV","G1_71_ACTGGATGTAAGTCTA-1;G1_71_CCTCACCAGCACCGCA-1",2,"E_备选（极小扩增）","Ready","Single"
"G1_71","CALGDRSGGSNYKLTF_CAWSLVNYEQYF","TRAV6N-7","TRBV31","CALGDRSGGSNYKLTF","CAWSLVNYEQYF","TRAJ53","TRBJ2-7",2,"GDSVTQTEGQVALSEEDFLTIHCNYS","ASGYPA","LFWYVQYPGEGPQFLFR","ASRDKEK","GSSRGFEATYNKETTSFHLQKASVQESDSAVYY","GKGTLLTVTP","AQTIHQWPVAEIKAVGSPLSLGCTIK","GKSSPN","LYWYWQATGGTLQQLFY","SITVG","QVESVVQLNLSASRPKDDQFILSTEKLLLSHSGFYL","GPGTRLTVL","G1_71_ACTGACATCGTAGTCA-1;G1_71_ATATTGCAGGCAGGGT-1",2,"E_备选（极小扩增）","Ready","Single"
"G1_71","CALGDSGGSNAKLTF_CASSPRDRATEVFF","TRAV17","TRBV5","CALGDSGGSNAKLTF","CASSPRDRATEVFF","TRAJ42","TRBJ1-1",2,"AQSVDQPDAHVTLYEGASLELRCSYS","YSAAPY","LFWYVQYPGQSLQFLLK","YITGDAVV","KGTKGFEAEFRKSNSSFNLKKSPAHWSDSAKYF","GKGTKLSVKS","NTKITQSPRYLILGRANKSLECEQH","LGHNA","MYWYKQSAEKPPELMFL","YNLKQL","IRNETVPSRFIPECPDSSKLLLHISAVDPEDSAVYF","GKGTRLTVV","G1_71_CGTTGACAGACGATGG-1;G1_71_CTCCTCAAGGCAACGA-1",2,"E_备选（极小扩增）","Ready","Single"
"G1_71","CALGEGTGGADRLTF_CASSQDIGTGNTGQLYF","TRAV6N-7","TRBV5","CALGEGTGGADRLTF","CASSQDIGTGNTGQLYF","TRAJ45","TRBJ2-2",2,"GDSVTQTEGQVALSEEDFLTIHCNYS","ASGYPA","LFWYVQYPGEGPQFLFR","ASRDKEK","GSSRGFEATYNKETTSFHLQKASVQESDSAVYY","GKGTQLIIQP","NTKITQSPRYLILGRANKSLECEQH","LGHNA","MYWYKQSAEKPPELMFL","YNLKQL","IRNETVPSRFIPECPDSSKLLLHISAVDPEDSAVYF","GEGSKLTVL","G1_71_AACGGCGCAAACACTC-1;G1_71_GTTGGGTTCCAACAGC-1",2,"E_备选（极小扩增）","Ready","Single"
"G1_71","CALGVNNYAQGLTF_CGARGTGGASAETLYF","TRAV6N-5","TRBV20","CALGVNNYAQGLTF","CGARGTGGASAETLYF","TRAJ26","TRBJ2-3",2,"DSVTQTEGPVTLSEGTSLTVNCSYET","KQYPTL","FWYVQYPGEGPQLLFKV","PKANEKG","SNRGFEATYNKEATSFHLQKASVQESDSAVYY","GLGTRVSVFP","GALVYQYPRRTICKSGTSMRMECQAV","GFQATS","VAWYRQSPQKTFELIAL","STVNSAI","KYEQNFTQEKFPISHPNLSFSSMTVLNAYLEDRGLYL","GSGTRLTVL","G1_71_CCATCGGAGACACATT-1;G1_71_CTCTCGATCCTTGTCG-1",2,"E_备选（极小扩增）","Ready","Single"
"G1_71","CALRGTGSGGKLTL_CTCSADWGGAGQNTLYF","TRAV6-5","TRBV1","CALRGTGSGGKLTL","CTCSADWGGAGQNTLYF","TRAJ44","TRBJ2-4",2,"GDSVTQTEGPVTLSEGTSLTVNCSYE","TKQYPT","LFWYVQYPGEGPQLLFK","VPKANEK","GSSRGFEATYNKEATSFHLQKASVQESDSAVYY","GTGTRLQVNL","VTLLEQNPRWRLVPRGQAVNLRCILK","NSQYPW","MSWYQQDLQKQLQWLFT","LRSPGD","KEVKSLPGADYLATRVTDTELRLQVANMSQGRTLY","GAGTRLSVL","G1_71_GGAACCGCACTGATTA-1;G1_71_GTGATTCCAACCTACG-1",2,"E_备选（极小扩增）","Ready","Single"
"G1_71","CALRNMGYKLTF_CASSLSDKNSDYTF","TRAV17","TRBV29","CALRNMGYKLTF","CASSLSDKNSDYTF","TRAJ9","TRBJ1-2",2,"AQSVDQPDAHVTLYEGASLELRCSYS","YSAAPY","LFWYVQYPGQSLQFLLK","YITGDAVV","KGTKGFEAEFRKSNSSFNLKKSPAHWSDSAKYF","GTGTSLLVDP","DMKVTQMPRYLIKRMGENVLLECGQD","MSHET","MYWYRQDPGLGLQLIYI","SYDVDS","NSEGDIPKGYRVSRKKREHFSLILDSAKTNQTSVYF","GSGTRLLVI","G1_71_CCGCAGTCAGGTCTAT-1;G1_71_CCTCTGGGTCAAAGCT-1",2,"E_备选（极小扩增）","Ready","Single"
"G1_71","CALSDTNAYKVIF_CASSVHGSGNTLYF","TRAV6N-7","TRBV13-1","CALSDTNAYKVIF","CASSVHGSGNTLYF","TRAJ30","TRBJ1-3",2,"GDSVTQTEGQVALSEEDFLTIHCNYS","ASGYPA","LFWYVQYPGEGPQFLFR","ASRDKEK","GSSRGFEATYNKEATSFHLQKASVQESDSAVYY","GKGTHLHVLP","EAAVTQSPRNKVTVTGGNVTLSCRQT","NSHNY","MYWYRQDTGHGLRLIHY","SYGAGN","LQIGDVPDGYKATRTTQEDFFLLLELASPSQTSLYF","GEGSRLIVV","G1_71_CCTAGAGGTGGAATGA-1;G1_71_CTCTAGTTCATAATTG-1",2,"E_备选（极小扩增）","Ready","Single"
"G1_71","CALSGNTGYQNFYF_CASGDRDTQYF","TRAV6-5","TRBV13-2","CALSGNTGYQNFYF","CASGDRDTQYF","TRAJ49","TRBJ2-5",2,"GDSVTQTEGPVTLSEGTSLTVNCSYE","TKQYPT","LFWYVQYPGEGPQLLFK","VPKANEK","GSSRGFEATYNKEATSFHLQKASVQESDSAVYY","GKGTSLTVIP","EAAVTQSPRNKVAVTGGKVTLSCNQT","NNHNN","MYWYRQDTGHGLRLIHY","SYGAGS","TEKGDIPDGYKASRPSQENFSLILELATPSQTSVYF","GPGTRLLVL","G1_71_AGACAGCCAACGTGCC-1;G1_71_CATAGTCCACCGTACA-1",2,"E_备选（极小扩增）","Ready","Single"
"G1_71","CALSYGGSGNKLIF_CASSLRDRDEQYF","TRAV9-4","TRBV5","CALSYGGSGNKLIF","CASSLRDRDEQYF","TRAJ32","TRBJ2-7",2,"AQSVTQPDARVTVSEGASLQLRCKYS","YSGTPY","LFWYVQYPRQGLQLLLK","YYSGDPVV","QGVNGFEAEFSKSNSSFHLRKASVHWSDSAVYF","GTGTLLSVKP","NTKITQSPRYLILGRANKSLECEQH","LGHNA","MYWYKQSAEKPPELMFL","YNLKQL","IRNETVPSRFIPECPDSSKLLLHISAVDPEDSAVYF","GPGTRLTVL","G1_71_CCATAGCAGGGCTGAA-1;G1_71_GTTAGGCTCGCTACTT-1",2,"E_备选（极小扩增）","Ready","Single"
"G1_71","CAMIITGNTRKLIF_CASGGGPANSDYTF","TRAV16N","TRBV12-2+TRBV13-2","CAMIITGNTRKLIF","CASGGGPANSDYTF","TRAJ37","TRBJ1-2",2,"AQKVTQTQTSISVMEKTTVTMDCVYE","TQDSSYF","LFWYKQTASGEIVFLIR","QDSYKKEN","ATVGHYSLNFQKPKSSIGLIITATQIEDSAVYF","GLGTTLQVQP","EAAVTQSPRNKVAVTGGKVTLSCNQT","NNHNN","MYWYRQDTGHGLRLIHY","SYGAGS","TEKGDIPDGYKASRPSQENFSLILELATPSQTSVYF","GSGTRLLVI","G1_71_ATGGCGCGTGTCCGGG-1;G1_71_CGAAACCTCGCAGTAC-1",2,"E_备选（极小扩增）","Ready","Multi_Allele"
"G1_71","CAMNTGANTGKLTF_CASSDNWGYEQYF","TRAV7N-5","TRBV13-3","CAMNTGANTGKLTF","CASSDNWGYEQYF","TRAJ52","TRBJ2-7",2,"QQKVQQSPESLTVSEGAMASLNCTFS","DGTSDN","FRWYRQHSGKGLEVLVS","IFSDGE","KEEGRFTAHLNRASLHVSLHIREPQPSDSAVYL","GHGTILRVHP","EAAVTQSPRSKVAVTGGKVTLSCHQT","NNHDY","MYWYRQDTGHGLRLIHY","SYVADS","TEKGDIPDGYKASRPSQENFSLILELASLSQTAVYF","GPGTRLTVL","G1_71_CATCACGCAAGTCCAT-1;G1_71_GTTAGGTGTATAAGGG-1",2,"E_备选（极小扩增）","Ready","Single"
"G1_71","CAMREGYAQGLTF_CASSQDGSYNSPLYF","TRAV16N","TRBV5","CAMREGYAQGLTF","CASSQDGSYNSPLYF","TRAJ26","TRBJ1-6",2,"AQKVTQTQTSISVMEKTTVTMDCVYE","TQDSSYF","LFWYKQTASGEIVFLIR","QDSYKKEN","ATVGHYSLNFQKPKSSIGLIITATQIEDSAVYF","GLGTRVSVFP","NTKITQSPRYLILGRANKSLECEQH","LGHNA","MYWYKQSAEKPPELMFL","YNLKQL","IRNETVPSRFIPECPDSSKLLLHISAVDPEDSAVYF","AAGTRLTVT","G1_71_AGGCCAAAGACAGCAG-1;G1_71_CGTCGTACACATATCA-1",2,"E_备选（极小扩增）","Ready","Single"
"G1_71","CAMREVPNAGAKLTF_CASSLGTGGAEVFF","TRAV16N","TRBV12-2","CAMREVPNAGAKLTF","CASSLGTGGAEVFF","TRAJ39","TRBJ1-1",2,"AQKVTQTQTSISVMEKTTVTMDCVYE","TQDSSYF","LFWYKQTASGEIVFLIR","QDSYKKEN","ATVGHYSLNFQKPKSSIGLIITATQIEDSAVYF","GGGTRLTVRP","NSGVVQSPRYIIKGKGERSILKCIPI","SGHLS","VAWYQQTQGQELKFFIQ","HYDKME","RDKGNLPSRFSVQQFDDYHSEMNMSALELEDSAVYF","GKGTRLTVV","G1_71_CTGGGTGTCGGCTTGG-1;G1_71_GCCTGACCAGCATAAG-1",2,"E_备选（极小扩增）","Ready","Single"
"G1_71","CAMREVTGANTGKLTF_CASSSNSGNTLYF","TRAV16N","TRBV13-1","CAMREVTGANTGKLTF","CASSSNSGNTLYF","TRAJ52","TRBJ1-3",2,"AQKVTQTQTSISVMEKTTVTMDCVYE","TQDSSYF","LFWYKQTASGEIVFLIR","QDSYKKEN","ATVGHYSLNFQKPKSSIGLIITATQIEDSAVYF","GHGTILRVHP","EAAVTQSPRNKVTVTGGNVTLSCRQT","NSHNY","MYWYRQDTGHGLRLIHY","SYGAGN","LQIGDVPDGYKATRTTQEDFFLLLELASPSQTSLYF","GEGSRLIVV","G1_71_ACATTATCACTCTCCG-1;G1_71_ATCAATGGTCTGATAA-1",2,"E_备选（极小扩增）","Ready","Single"
"G1_71","CAMRTYQGGRALIF_CASSERDGKETLYF","TRAV16N","TRBV13-3","CAMRTYQGGRALIF","CASSERDGKETLYF","TRAJ15","TRBJ2-3",2,"AQKVTQTQTSISVMEKTTVTMDCVYE","TQDSSYF","LFWYKQTASGEIVFLIR","QDSYKKEN","ATVGHYSLNFQKPKSSIGLIITATQIEDSAVYF","GTGTTVSVSP","EAAVTQSPRSKVAVTGGKVTLSCHQT","NNHDY","MYWYRQDTGHGLRLIHY","SYVADS","TEKGDIPDGYKASRPSQENFSLILELASLSQTAVYF","GSGTRLTVL","G1_71_CCGATTAAGGGCCATT-1;G1_71_GTCCTAGCACATCACG-1",2,"E_备选（极小扩增）","Ready","Single"
"G1_71","CATNYNVLYF_CAWSLRGHLSYEQYF","TRAV8D-2","TRBV31","CATNYNVLYF","CAWSLRGHLSYEQYF","TRAJ21","TRBJ2-7",2,"SQWGEENLQALSIQEGEDVTMNCSYK","TYTTV","VHWYRQDSGRGPALIIL","IRSNERE","KRSGRLRATLDTSSQSSSLSITAAQCEDTAVYF","GSGTKLTVEP","AQTIHQWPVAEIKAVGSPLSLGCTIK","GKSSPN","LYWYWQATGGTLQQLFY","SITVG","QVESVVQLNLSASRPKDDQFILSTEKLLLSHSGFYL","GPGTRLTVL","G1_71_ACTTCGCGTCACACCT-1;G1_71_GTCGTGAGTAGGAATG-1",2,"E_备选（极小扩增）","Ready","Single"
"G1_71","CATRTSSFSKLVF_CATTGENYAEQFF","TRAV8D-2","TRBV19","CATRTSSFSKLVF","CATTGENYAEQFF","TRAJ50","TRBJ2-1",2,"SQWGEENLQALSIQEGEDVTMNCSYK","TYTTV","VHWYRQDSGRGPALIIL","IRSNERE","KRSGRLRATLDTSSQSSSLSITAAQCEDTAVYF","GQGTSLSVVP","GGIITQTPKFLIGQEGQKLTLKCQQN","FNHDT","MYWYRQDSGKGLRLIYY","SITEND","LQKGDLSEGYDASREKKSSFSLTVTSAQKNEMAVFL","GPGTRLTVL","G1_71_CACTGCGAGGGCCTTG-1;G1_71_CATAGTCCAGTCCTCT-1",2,"E_备选（极小扩增）","Ready","Single"
"G1_71","CAVRGGGSGNKLIF_CASSEIQDTQYF","TRAV7D-2","TRBV13-3","CAVRGGGSGNKLIF","CASSEIQDTQYF","TRAJ32","TRBJ2-5",2,"QQKVQQSPESLIVPEGGMASLNCTSS","DRNVDY","FWWYRQHSGKSPKMLMS","IFSNGE","KEEGRFTVHLNKASLHTSLHIRDSQPSDSALYL","GTGTLLSVKP","EAAVTQSPRSKVAVTGGKVTLSCHQT","NNHDY","MYWYRQDTGHGLRLIHY","SYVADS","TEKGDIPDGYKASRPSQENFSLILELASLSQTAVYF","GPGTRLLVL","G1_71_CCATAACCAGCTTTAA-1;G1_71_CGTGTCGAGAGTTGCC-1",2,"E_备选（极小扩增）","Ready","Single"
"G1_71","CAVRSAQTGFASALTF_CASSQDEGQGPDYTF","TRAV7-1","TRBV5","CAVRSAQTGFASALTF","CASSQDEGQGPDYTF","TRAJ35","TRBJ1-2",2,"QQKVQQSPESLIVPEGGMASLNCTFS","DRNSQY","FWWYRQHSGEGPKALMS","IFSNGD","KKEGRFTAHLNKASLYVSLHIKDSQPSDSALYF","GSGTKVIVLPY","NTKITQSPRYLILGRANKSLECEQH","LGHNA","MYWYKQSAEKPPELMFL","YNLKQL","IRNETVPSRFIPECPDSSKLLLHISAVDPEDSAVYF","GSGTRLLVI","G1_71_ATGCGAGAGCTTAGGC-1;G1_71_GGAGTTGAGAACAGAC-1",2,"E_备选（极小扩增）","Ready","Single"
"G1_71","CAVSAMDSNYQLIW_CASSQNGLGGKDTQYF","TRAV3-4","TRBV5","CAVSAMDSNYQLIW","CASSQNGLGGKDTQYF","TRAJ33","TRBJ2-5",2,"GEQVEQRPPHLSVPEGDSAVIICTYT","DSATAY","FYWYKQEPGAGLQLLMS","VFSNVDR","KEEQGLTVLLNKKDKQLSLNLTAAHPGDSAVYF","GSGTKLIIKP","NTKITQSPRYLILGRANKSLECEQH","LGHNA","MYWYKQSAEKPPELMFL","YNLKQL","IRNETVPSRFIPECPDSSKLLLHISAVDPEDSAVYF","GPGTRLLVL","G1_71_GTCCGCCGTAACGAGA-1;G1_71_GTCGCTTGTGCATTCC-1",2,"E_备选（极小扩增）","Ready","Single"
"G1_71","CAVSATNAYKVIF_CAWRQGANSDYTF","TRAV3-3","TRBV31","CAVSATNAYKVIF","CAWRQGANSDYTF","TRAJ30","TRBJ1-2",2,"GEQVEQRPPHLSVREGDSAFITCTYT","DPNSYY","FFWYKQEPGASLQLLMK","VFSSTEI","NEGQGFTVLLNKKDKRLSLNLTAAHPGDSAAYF","GKGTHLHVLP","AQTIHQWPVAEIKAVGSPLSLGCTIK","GKSSPN","LYWYWQATGGTLQQLFY","SITVG","QVESVVQLNLSASRPKDDQFILSTEKLLLSHSGFYL","GSGTRLLVI","G1_71_CTTGTGCGTAATGTTG-1;G1_71_GTTACTTGTGTTGTCC-1",2,"E_备选（极小扩增）","Ready","Single"
"G1_71","CAVSEGTNYNVLYF_CTCSADTGGPEQYF","TRAV9N-2","TRBV1","CAVSEGTNYNVLYF","CTCSADTGGPEQYF","TRAJ21","TRBJ2-7",2,"AQSVTQPDARVTVSEGASLQLRCKYS","SSVTPY","LFWYVQYPRQGLQLLLK","YYSGDPVV","QGVNGFEAEFSKSNSSFHLRKASVHWSDSAVYF","GSGTKLTVEP","VTLLEQNPRWRLVPRGQAVNLRCILK","NSQYPW","MSWYQQDLQKQLQWLFT","LRSPGD","KEVKSLPGADYLATRVTDTELRLQVANMSQGRTLY","GPGTRLTVL","G1_71_AGCGGTTTCGCAACTA-1;G1_71_GCCATTAAGCAAGGCA-1",2,"E_备选（极小扩增）","Ready","Single"
"G1_71","CAVSEPSSGQKLVF_CASSPGQINSGNTLYF","TRAV3-3","TRBV13-1","CAVSEPSSGQKLVF","CASSPGQINSGNTLYF","TRAJ16","TRBJ1-3",2,"GEQVEQRPPHLSVREGDSAFITCTYT","DPNSYY","FFWYKQEPGASLQLLMK","VFSSTEI","NEGQGFTVLLNKKDKRLSLNLTAAHPGDSAAYF","GQGTILKVYL","EAAVTQSPRNKVTVTGGNVTLSCRQT","NSHNY","MYWYRQDTGHGLRLIHY","SYGAGN","LQIGDVPDGYKATRTTQEDFFLLLELASPSQTSLYF","GEGSRLIVV","G1_71_CTCTGAAAGATGGTGG-1;G1_71_CTGTGCGAGGGTTCCG-1",2,"E_备选（极小扩增）","Ready","Single"
"G1_71","CAVSMDTGNYKYVF_CASSEGGEQYF","TRAV7-1","TRBV13-1","CAVSMDTGNYKYVF","CASSEGGEQYF","TRAJ40","TRBJ2-7",2,"QQKVQQSPESLIVPEGGMASLNCTFS","DRNSQY","FWWYRQHSGEGPKALMS","IFSNGD","KKEGRFTAHLNKASLYVSLHIKDSQPSDSALYF","GAGTRLKVIA","EAAVTQSPRNKVTVTGGNVTLSCRQT","NSHNY","MYWYRQDTGHGLRLIHY","SYGAGN","LQIGDVPDGYKATRTTQEDFFLLLELASPSQTSLYF","GPGTRLTVL","G1_71_CTGGTGAGTCTAAAGC-1;G1_71_GCTTTAACAGGAGTCG-1",2,"E_备选（极小扩增）","Ready","Single"
"G1_71","CAVSNTGNYKYVF_CASGAENTLYF","TRAV9-1","TRBV13-2","CAVSNTGNYKYVF","CASGAENTLYF","TRAJ40","TRBJ2-4",2,"TQTVSQSDAHVTVFEGDSVELRCNYS","YGGSIY","LSWYIQHHGRGLQFLLK","YYSGNPVV","QGVNGFEAEFSKSDSSFHLRKASVHWSDSAVYF","GAGTRLKVIA","EAAVTQSPRNKVAVTGGKVTLSCNQT","NNHNN","MYWYRQDTGHGLRLIHY","SYGAGS","TEKGDIPDGYKASRPSQENFSLILELATPSQTSVYF","GAGTRLSVL","G1_71_CCGGCTTTCCCAACTT-1;G1_71_GTTAGTAGTCTCGCAT-1",2,"E_备选（极小扩增）","Ready","Single"
"G1_71","CAVSPPSGSWQLIF_CASSEGDSYAEQFF","TRAV7-1","TRBV13-1","CAVSPPSGSWQLIF","CASSEGDSYAEQFF","TRAJ22","TRBJ2-1",2,"QQKVQQSPESLIVPEGGMASLNCTFS","DRNSQY","FWWYRQHSGEGPKALMS","IFSNGD","KKEGRFTAHLNKASLYVSLHIKDSQPSDSALYF","GSGTQLTVMP","EAAVTQSPRNKVTVTGGNVTLSCRQT","NSHNY","MYWYRQDTGHGLRLIHY","SYGAGN","LQIGDVPDGYKATRTTQEDFFLLLELASPSQTSLYF","GPGTRLTVL","G1_71_CAAATGTTCCATTCAC-1;G1_71_GCGGGTACAGTTGCCA-1",2,"E_备选（极小扩增）","Ready","Single"
"G1_71","CAVSRNNYAQGLTF_CASSFTGGSHQDTQYF","TRAV7-1","TRBV14","CAVSRNNYAQGLTF","CASSFTGGSHQDTQYF","TRAJ26","TRBJ2-5",2,"QQKVQQSPESLIVPEGGMASLNCTFS","DRNSQY","FWWYRQHSGEGPKALMS","IFSNGD","KKEGRFTAHLNKASLYVSLHIKDSQPSDSALYF","GLGTRVSVFP","EAGVTQSPRYAVLQEGQAVSFWCDPI","SGHDT","LYWYQQPRDQGPQLLVY","FRDEAV","IDNSQLPSDRFSAVRPKGTNSTLKIQSAKQGDTATYL","GPGTRLLVL","G1_71_ACCTGCACACGTCAGC-1;G1_71_GTATCCCGTCGAAGCC-1",2,"E_备选（极小扩增）","Ready","Single"
"G1_71","CILRGTGGADRLTF_CASSLQSSYEQYF","TRAV21-DV12","TRBV3","CILRGTGGADRLTF","CASSLQSSYEQYF","TRAJ45","TRBJ2-7",2,"DAKTTQPDSMESTEGETVHLPCSHA","TISGNEY","IYWYRQVPLQGPEYVTH","GLQQN","TTNSMAFLAIASDRKSSTLILTHVSLRDAAVYH","GKGTQLIIQP","GPKVLQIPSHQIIDMGQMVTLNCDPV","SNHLY","FYWYKQILGQQMEFLVN","FYNGKV","MEKSKLFKDQFSVERPDGSYFTLKIQPTALEDSAVYF","GPGTRLTVL","G1_71_GCGATAACACTAGGAA-1;G1_71_GTCGGTCCACCCTTCG-1",2,"E_备选（极小扩增）","Ready","Single"
"G1_71","CVVGDRGSALGRLHF_CASSGPGTDEQYF","TRAV11","TRBV13-3","CVVGDRGSALGRLHF","CASSGPGTDEQYF","TRAJ18","TRBJ2-7",2,"KTQVEQSPQSLVVRQGENCVLQCNYS","VTPDNH","LRWFKQDTGKGLVSLTV","LVHENDK","TSNGRYSATLDKDAKHSTLHITATLLDDTATYI","GAGTQLIVIP","EAAVTQSPRSKVAVTGGKVTLSCHQT","NNHDY","MYWYRQDTGHGLRLIHY","SYVADS","TEKGDIPDGYKASRPSQENFSLILELASLSQTAVYF","GPGTRLTVL","G1_71_CCGATACAGGTCTGGT-1;G1_71_GTTATGAGTCCATTCA-1",2,"E_备选（极小扩增）","Ready","Single"
"G1_84","CAAEAGASSSFSKLVF_CASSWDRGNSPLYF","TRAV4-4-DV10","TRBV13-3","CAAEAGASSSFSKLVF","CASSWDRGNSPLYF","TRAJ50","TRBJ1-6",2,"GDQVEQSPSALSLHEGTDSALRCNFT","TTMRS","VQWFRQNSRGSLISLFY","LASGT","KENGRLKSAFDSKERRYSTLHIRDAQLEDSGTYF","GQGTSLSVVP","EAAVTQSPRSKVAVTGGKVTLSCHQT","NNHDY","MYWYRQDTGHGLRLIHY","SYVADS","TEKGDIPDGYKASRPSQENFSLILELASLSQTAVYF","AAGTRLTVT","G1_84_CCGCAATAGCAGGCTT-1;G1_84_GTCCGCAAGAAGTACA-1",2,"E_备选（极小扩增）","Ready","Single"
"G1_84","CAAGSNTGANTGKLTF_CASSIPGDSYEQYF","TRAV19","TRBV19","CAAGSNTGANTGKLTF","CASSIPGDSYEQYF","TRAJ52","TRBJ2-7",2,"GQQVKQSSPSLTVQEGGILILNCDYE","NDMFDY","FAWYKKYPDNSPTLLIS","VRSNVDK","REDGRFTVFLNKSGKHFSLHITASQPEDTAVYL","GHGTILRVHP","GGIITQTPKFLIGQEGQKLTLKCQQN","FNHDT","MYWYRQDSGKGLRLIYY","SITEND","LQKGDLSEGYDASREKKSSFSLTVTSAQKNEMAVFL","GPGTRLTVL","G1_84_ATGTCCTTCGGTCAGT-1;G1_84_CTATGACCAGCATCAT-1",2,"E_备选（极小扩增）","Ready","Single"
"G1_84","CAALNVGDNSKLIW_CASSWDRGENTGQLYF","TRAV13-1","TRBV10","CAALNVGDNSKLIW","CASSWDRGENTGQLYF","TRAJ38","TRBJ2-2",2,"GQQVQQSPASLVLQEGENAELQCNFS","TSLNS","MQWFYQRPEGSLVSLFY","NPSGT","KQSGRLTSTTVIKERRSSLHISSSQITDSGTYL","GLGTSLVVNP","ETAVFQTPNYHVTQVGNEVSFNCKQT","LGHDT","MYWYKQDSKKLLKIMFS","YNNKQL","IVNETVPRRFSPQSSDKAHLNLRIKSVEPEDSAVYL","GEGSKLTVL","G1_84_ATCTTCCAGATCCGTA-1;G1_84_CATCTCCCAGTTGCCA-1",2,"E_备选（极小扩增）","Ready","Single"
"G1_84","CAASATGYQNFYF_CASSRVVGTKYEQYF","TRAV14N-1","TRBV17","CAASATGYQNFYF","CASSRVVGTKYEQYF","TRAJ49","TRBJ2-7",2,"QQQVRQSPQSLTVWEGETAILNCSYE","DSTFNY","FPWYQQFPGEGPALLIS","ISSVSDK","KEDGRFTIFFNKREKKLSLHITDSQPGDSATYF","GKGTSLTVIP","DTTVKQNPRYKLARVGKPVNLICSQT","MNHDT","MYWYQKKPNQAPKLLLF","YYDKIL","NREADTFEKFQSSRPNNSFCSLYIGSAGLEYSAMYL","GPGTRLTVL","G1_84_ATGCGGTTCCGTACTT-1;G1_84_GTGGCGACAAAGGGAG-1",2,"E_备选（极小扩增）","Ready","Single"
"G1_84","CAASEQGNTDKVVF_CASSLSTANTEVFF","TRAV7-4","TRBV29","CAASEQGNTDKVVF","CASSLSTANTEVFF","TRAJ34","TRBJ1-1",2,"QQKVQQSPESLSVPEGGMASFNCTSS","DRNFQY","FWWYRQHSGEGPKALMS","IFSDGD","KKEGRFTAHLNKASLHVSLHIRDSQPSDSALYF","GTGTRLQVSP","DMKVTQMPRYLIKRMGENVLLECGQD","MSHET","MYWYRQDPGLGLQLIYI","SYDVDS","NSEGDIPKGYRVSRKKREHFSLILDSAKTNQTSVYF","GKGTRLTVV","G1_84_ACGACGAAGGTCAATT-1;G1_84_GCGGTTTAGAGAAGGA-1",2,"E_备选（极小扩增）","Ready","Single"
"G1_84","CAASMSTNTGKLTF_CASGPGPTEVFF","TRAV9-1","TRBV12-2+TRBV13-2","CAASMSTNTGKLTF","CASGPGPTEVFF","TRAJ27","TRBJ1-1",2,"TQTVSQSDAHVTVFEGDSVELRCNYS","YGGSIY","LSWYIQHHGRGLQFLLK","YYSGNPVV","QGVNGFEAEFSKSDSSFHLRKASVHWSDSAVYF","GDGTVLTVKP","EAAVTQSPRNKVAVTGGKVTLSCNQT","NNHNN","MYWYRQDTGHGLRLIHY","SYGAGS","TEKGDIPDGYKASRPSQENFSLILELATPSQTSVYF","GKGTRLTVV","G1_84_AATCTCACACCGTTTC-1;G1_84_ACGTTATAGAGGACAT-1",2,"E_备选（极小扩增）","Ready","Multi_Allele"
"G1_84","CAASRNYAQGLTF_CASSTGQTNSDYTF","TRAV7D-2","TRBV29","CAASRNYAQGLTF","CASSTGQTNSDYTF","TRAJ26","TRBJ1-2",2,"QQKVQQSPESLIVPEGGMASLNCTSS","DRNVDY","FWWYRQHSGKSPKMLMS","IFSNGE","KEEGRFTVHLNKASLHTSLHIRDSQPSDSALYL","GLGTRVSVFP","DMKVTQMPRYLIKRMGENVLLECGQD","MSHET","MYWYRQDPGLGLQLIYI","SYDVDS","NSEGDIPKGYRVSRKKREHFSLILDSAKTNQTSVYF","GSGTRLLVI","G1_84_AAGTTGCGTATGTCGG-1;G1_84_CTAGGTGGTAGACGTT-1",2,"E_备选（极小扩增）","Ready","Single"
"G1_84","CALGDRTSGGNYKPTF_CTCSRDWGVAETLYF","TRAV6D-6","TRBV1","CALGDRTSGGNYKPTF","CTCSRDWGVAETLYF","TRAJ6","TRBJ2-3",2,"GDSVTQTEGQVTVSESKSLIINCTYS","TTSIAYPN","LFWYVRYPGEGLQLLLK","VITAGQK","GSSRGFEATYNKETTSFHLQKASVQESDSAVYY","GKGTSLVVHP","VTLLEQNPRWRLVPRGQAVNLRCILK","NSQYPW","MSWYQQDLQKQLQWLFT","LRSPGD","KEVKSLPGADYLATRVTDTELRLQVANMSQGRTLY","GSGTRLTVL","G1_84_GCAAAGGTCGTGTACA-1;G1_84_GTCGAAGAGGCTGGAA-1",2,"E_备选（极小扩增）","Ready","Single"
"G1_84","CALGGNNNNRIFF_CTCSADWGSQNTLYF","TRAV6D-6","TRBV1","CALGGNNNNRIFF","CTCSADWGSQNTLYF","TRAJ31","TRBJ2-4",2,"GDSVTQTEGQVTVSESKSLIINCTYS","TTSIAYPN","LFWYVRYPGEGLQLLLK","VITAGQK","GSSRGFEATYNKETTSFHLQKASVQESDSAVYY","GDGTQLVVKP","VTLLEQNPRWRLVPRGQAVNLRCILK","NSQYPW","MSWYQQDLQKQLQWLFT","LRSPGD","KEVKSLPGADYLATRVTDTELRLQVANMSQGRTLY","GAGTRLSVL","G1_84_AGCCTTCGTGTTACGG-1;G1_84_GCGCACTCACAATCCG-1",2,"E_备选（极小扩增）","Ready","Single"
"G1_84","CALGGNYKYVF_CASSDAPGGSYEQYF","TRAV6D-6","TRBV13-1","CALGGNYKYVF","CASSDAPGGSYEQYF","TRAJ40","TRBJ2-7",2,"GDSVTRTEGQVTVSESKSLIINCTYS","TTSIAYPN","LFWYVRYPGEGLQLLLK","VITAGQK","GSSRGFEATYNKETTSFHLQKASVQESDSAVYY","GAGTRLKVIA","EAAVTQSPRNKVTVTGGNVTLSCRQT","NSHNY","MYWYRQDTGHGLRLIHY","SYGAGN","LQIGDVPDGYKATRTTQEDFFLLLELASPSQTSLYF","GPGTRLTVL","G1_84_ACAATTCAGGCGCTTG-1;G1_84_GGGACGTAGCATTTGG-1",2,"E_备选（极小扩增）","Ready","Single"
"G1_84","CALRSTGGNNKLTF_CASGLGGGGAETLYF","TRAV12-3","TRBV12-2+TRBV13-2","CALRSTGGNNKLTF","CASGLGGGGAETLYF","TRAJ56","TRBJ2-3",2,"GDSVTQTEGLVTLTEGLPVMLNCTYQ","TIYSNPF","LFWYVHYLNESPRLLLK","SSTDNKR","TEHQGFHATLHKSSSSFHLQKSSAQLSDSALYY","GQGTVLSVIP","EAAVTQSPRNKVAVTGGKVTLSCNQT","NNHNN","MYWYRQDTGHGLRLIHY","SYGAGS","TEKGDIPDGYKASRPSQENFSLILELATPSQTSVYF","GSGTRLTVL","G1_84_ACTGCATCACGTATCG-1;G1_84_CGATGGAAGCGTTATG-1",2,"E_备选（极小扩增）","Ready","Multi_Allele"
"G1_84","CALSATASLGKLQF_CAWSRQNTLYF","TRAV12N-2","TRBV31","CALSATASLGKLQF","CAWSRQNTLYF","TRAJ24","TRBJ2-4",2,"GDSVTQTEGLVTLTEGLPVMLNCTYQ","TAYSTF","LFWYVQHLNEAPKLLLK","SSTDNKR","TEHQGFHATLHKSSSSFHLQKSSAQLSDSALYY","GTGTQVVVTP","AQTIHQWPVAEIKAVGSPLSLGCTIK","GKSSPN","LYWYWQATGGTLQQLFY","SITVG","QVESVVQLNLSASRPKDDQFILSTEKLLLSHSGFYL","GAGTRLSVL","G1_84_GGAAGCATCATTGGCA-1;G1_84_GTAAGACAGCGAATGG-1",2,"E_备选（极小扩增）","Ready","Single"
"G1_84","CALSDRNRIFF_CASSQAGGDTQYF","TRAV6N-7","TRBV5","CALSDRNRIFF","CASSQAGGDTQYF","TRAJ31","TRBJ2-5",2,"GDSVTQTEGQVALSEEDFLTIHCNYS","ASGYPA","LFWYVQYPGEGPQFLFR","ASRDKEK","GSSRGFEATYNKEATSFHLQKASVQESDSAVYY","GDGTQLVVKP","NTKITQSPRYLILGRANKSLECEQH","LGHNA","MYWYKQSAEKPPELMFL","YNLKQL","IRNETVPSRFIPECPDSSKLLLHISAVDPEDSAVYF","GPGTRLLVL","G1_84_ACGAGGTCACGACCTA-1;G1_84_GCATAGGAGCAGTAGG-1",2,"E_备选（极小扩增）","Ready","Single"
"G1_84","CALSELRQGGSAKLIF_CASSSPGRGTEVFF","TRAV15-2-DV6-2","TRBV17","CALSELRQGGSAKLIF","CASSSPGRGTEVFF","TRAJ57","TRBJ1-1",2,"AQKVTQVQSTGSSQWGEVTLHCSYE","TSEYFYV","ILWYKQLFSGEMVFLIY","QTSFDTQN","QRNSRYSVVFQKSLKSISLVISASQPEDSGTYF","GEGTKLTVSS","DTTVKQNPRYKLARVGKPVNLICSQT","MNHDT","MYWYQKKPNQAPKLLLF","YYDKIL","NREADTFEKFQSSRPNNSFCSLYIGSAGLEYSAMYL","GKGTRLTVV","G1_84_ATGATGCGTGCTGTCT-1;G1_84_GCTCCTGGTGGGGCTT-1",2,"E_备选（极小扩增）","Ready","Single"
"G1_84","CALSETGYQNFYF_CASRLGGEDTQYF","TRAV12N-2","TRBV14","CALSETGYQNFYF","CASRLGGEDTQYF","TRAJ49","TRBJ2-5",2,"GDSVTQTEGLVTLTKGLPVMLNCTYQ","TTYSPF","LFWYVQHLNEAPKLLLK","SSTDNKR","TEHQGFYATLHKSSSSFHLQKSSVQLSDSALYF","GKGTSLTVIP","EAGVTQSPRYAVLQEGQAVSFWCDPI","SGHDT","LYWYQQPRDQGPQLLVY","FRDEAV","IDNSQLPSDRFSAVRPKGTNSTLKIQSAKQGDTATYL","GPGTRLLVL","G1_84_AATTGTCAGCTAGTTG-1;G1_84_CGGTATGGTACTCCCG-1",2,"E_备选（极小扩增）","Ready","Single"
"G1_84","CALSKLGQGGSAKLIF_CASSVDNSGNTLYF","TRAV12N-2","TRBV13-1","CALSKLGQGGSAKLIF","CASSVDNSGNTLYF","TRAJ57","TRBJ1-3",2,"GDSVTQTEGLVTLTEGLPVMLNCTYQ","TAYSTF","LFWYVQHLNEAPKLLLK","SSTDNKR","TEHQGFHATLHKSSSSFHLQKSSAQLSDSALYY","GEGTKLTVSS","EAAVTQSPRNKVTVTGGNVTLSCRQT","NSHNY","MYWYRQDTGHGLRLIHY","SYGAGN","LQIGDVPDGYKATRTTQEDFFLLLELASPSQTSLYF","GEGSRLIVV","G1_84_GTAAACGCAGCATCAT-1;G1_84_GTGTGATGTCCAACGA-1",2,"E_备选（极小扩增）","Ready","Single"
"G1_84","CALYNNAGAKLTF_CASRETGGFQNTLYF","TRAV6D-6","TRBV13-1","CALYNNAGAKLTF","CASRETGGFQNTLYF","TRAJ39","TRBJ2-4",2,"GDSVTQTEGQVTVSESKSLIINCTYS","TTSIAYPN","LFWYVRYPGEGLQLLLK","VITAGQK","GSSRGFEATYNKETTSFHLQKASVQESDSAVYY","GGGTRLTVRP","EAAVTQSPRNKVTVTGGNVTLSCRQT","NSHNY","MYWYRQDTGHGLRLIHY","SYGAGN","LQIGDVPDGYKATRTTQEDFFLLLELASPSQTSLYF","GAGTRLSVL","G1_84_GCGACATTCGTTAGCA-1;G1_84_GGTCAGCGTAGTCGGC-1",2,"E_备选（极小扩增）","Ready","Single"
"G1_84","CAMSANYGNEKITF_CASSDSEEGAETLYF","TRAV16N","TRBV13-3","CAMSANYGNEKITF","CASSDSEEGAETLYF","TRAJ48","TRBJ2-3",2,"AQKVTQTQTSISVMEKTTVTMDCVYE","TQDSSYF","LFWYKQTASGEIVFLIR","QDSYKKEN","ATVGHYSLNFQKPKSSIGLIITATQIEDSAVYF","GAGTKLTIKP","EAAVTQSPRSKVAVTGGKVTLSCHQT","NNHDY","MYWYRQDTGHGLRLIHY","SYVADS","TEKGDIPDGYKASRPSQENFSLILELASLSQTAVYF","GSGTRLTVL","G1_84_GGTTCATCAATGACGA-1;G1_84_GTTATAGGTAGTCAGT-1",2,"E_备选（极小扩增）","Ready","Single"
"G1_84","CARGASSSFSKLVF_CASSDVGKSYAEQFF","TRAV6N-5","TRBV13-1","CARGASSSFSKLVF","CASSDVGKSYAEQFF","TRAJ50","TRBJ2-1",2,"DSVTQTEGPVTLSEGTSLTVNCSYET","KQYPTL","FWYVQYPGEGPQLLFKV","PKANEKG","SNRGFEATYNKEATSFHLQKASVQESDSAVYY","GQGTSLSVVP","EAAVTQSPRNKVTVTGGNVTLSCRQT","NSHNY","MYWYRQDTGHGLRLIHY","SYGAGN","LQIGDVPDGYKATRTTQEDFFLLLELASPSQTSLYF","GPGTRLTVL","G1_84_CGGTAACTCAACGTAT-1;G1_84_GTGACTATCGGACCTG-1",2,"E_备选（极小扩增）","Ready","Single"
"G1_84","CASRTGANTGKLTF_CASSLRTLQNTLYF","TRAV12-3","TRBV29","CASRTGANTGKLTF","CASSLRTLQNTLYF","TRAJ52","TRBJ2-4",2,"GDSVTQTEGLVTLTEGLPVMLNCTYQ","TIYSNPF","LFWYVHYLNESPRLLLK","SSTDNKR","TEHQGFHATLHKSSSSFHLQKSSAQLSDSALYY","GHGTILRVHP","DMKVTQMPRYLIKRMGENVLLECGQD","MSHET","MYWYRQDPGLGLQLIYI","SYDVDS","NSEGDIPKGYRVSRKKREHFSLILDSAKTNQTSVYF","GAGTRLSVL","G1_84_ACTGTTGAGGGGTTAG-1;G1_84_CAGCGCATCGCTGAGT-1",2,"E_备选（极小扩增）","Ready","Single"
"G1_84","CAVAQGGRALIF_CASSQTWGGAYYAEQFF","TRAV3-4","TRBV2","CAVAQGGRALIF","CASSQTWGGAYYAEQFF","TRAJ15","TRBJ2-1",2,"GEQVEQRPPHLSVPEGDSAVIICTYT","DSATAY","FYWYKQEPGAGLQLLMS","VFSNVDR","KEEQGLTVLLNKKDKQLSLNLTAAHPGDSAVYF","GTGTTVSVSP","DPKIIQKPKYLVAVTGSEKILICEQY","LGHNA","MYWYRQSAKKPLEFMFS","YSYQKL","MDNQTASSRFQPQSSKKNHLDLQITALKPDDSATYF","GPGTRLTVL","G1_84_CGATGGAAGAAGCGTG-1;G1_84_GTGCCTTGTCGTTGGA-1",2,"E_备选（极小扩增）","Ready","Single"
"G1_84","CAVRANYGNEKITF_CASSQDPGYEQYF","TRAV9N-2","TRBV5","CAVRANYGNEKITF","CASSQDPGYEQYF","TRAJ48","TRBJ2-7",2,"AQSVTQPDARVTVSEGASLQLRCKYS","SSVTPY","LFWYVQYPRQGLQLLLK","YYSGDPVV","QGVNGFEAEFSKSNSSFHLRKASVHWSDSAVYF","GAGTKLTIKP","NTKITQSPRYLILGRANKSLECEQH","LGHNA","MYWYKQSAEKPPELMFL","YNLKQL","IRNETVPSRFIPECPDSSKLLLHISAVDPEDSAVYF","GPGTRLTVL","G1_84_ACACGAACAACGGCAG-1;G1_84_CAACTTCTCAGTATGT-1",2,"E_备选（极小扩增）","Ready","Single"
"G1_84","CAVSDYANKMIF_CASSYQDTQYF","TRAV7D-3","TRBV13-3","CAVSDYANKMIF","CASSYQDTQYF","TRAJ47","TRBJ2-5",2,"QQKVQQSPESLIVPEGAMTSLNCTFS","DSASQY","FAWYRQHSGKAPKALMS","IFSNGE","KEEGRFTIHLNKASLHFSLHIRDSQPSDSALYL","GLGTILRVRP","EAAVTQSPRSKVAVTGGKVTLSCHQT","NNHDY","MYWYRQDTGHGLRLIHY","SYVADS","TEKGDIPDGYKASRPSQENFSLILELASLSQTAVYF","GPGTRLLVL","G1_84_CGTTCGCTCCGCAATA-1;G1_84_GGTTTGGGTGGGTGAG-1",2,"E_备选（极小扩增）","Ready","Single"
"G1_84","CAVSIASGSWQLIF_CASGQVSSAETLYF","TRAV7-3","TRBV12-2+TRBV13-2","CAVSIASGSWQLIF","CASGQVSSAETLYF","TRAJ22","TRBJ2-3",2,"QQNVQQSPESLIVPEGARTSLNCTFS","DSASQY","FWWYRQHSGKAPKALMS","IFSNGE","KEEGRFTIHLNKASLHFSLHIRDSQPSDSALYL","GSGTQLTVMP","EAAVTQSPRNKVAVTGGKVTLSCNQT","NNHNN","MYWYRQDTGHGLRLIHY","SYGAGS","TEKGDIPDGYKASRPSQENFSLILELATPSQTSVYF","GSGTRLTVL","G1_84_ACACTCCGTATACAGC-1;G1_84_ATGATGTTCCACACCC-1",2,"E_备选（极小扩增）","Ready","Multi_Allele"
"G1_84","CAVSIDRGSALGRLHF_CGPSSGGDTQYF","TRAV7N-5","TRBV20","CAVSIDRGSALGRLHF","CGPSSGGDTQYF","TRAJ18","TRBJ2-5",2,"QQKVQQSPESLTVSEGAMASLNCTFS","DGTSDN","FRWYRQHSGKGLEMLVS","IFSDGE","KEEGRFTAHLNRASLHVSLHIREPQPSDSAVYL","GAGTQLIVIP","GALVYQYPRRTICKSGTSMRMECQAV","GFQATS","VAWYRQSPQKTFELIAL","STVNSAI","KYEQNFTQEKFPISHPNLSFSSMTVLNAYLEDRGLYL","GPGTRLLVL","G1_84_CACCCGTTCGGTGCAT-1;G1_84_GGGCATAAGGTAGGGC-1",2,"E_备选（极小扩增）","Ready","Single"
"G1_84","CAVSITGNTRKLIF_CASSSDRASDYTF","TRAV3-3","TRBV10","CAVSITGNTRKLIF","CASSSDRASDYTF","TRAJ37","TRBJ1-2",2,"GEQVEQRPPHLSVREGDSAVITCTYT","DPNSYY","FFWYKQEPGASLQLLMK","VFSSTEI","NEGQGFTVLLNKKDKRLSLNLTAAHPGDSAAYF","GLGTTLQVQP","ETAVFQTPNYHVTQVGNEVSFNCKQT","LGHDT","MYWYKQDSKKLLKIMFS","YNNKQL","IVNETVPRRFSPQSSDKAHLNLRIKSVEPEDSAVYL","GSGTRLLVI","G1_84_CGATAGCTCCACCCAC-1;G1_84_CTGCTTCCAGGACGCA-1",2,"E_备选（极小扩增）","Ready","Single"
"G1_84","CAVSMNGGSNAKLTF_CASSDGQGSTGQLYF","TRAV7-3","TRBV13-1","CAVSMNGGSNAKLTF","CASSDGQGSTGQLYF","TRAJ42","TRBJ2-2",2,"QQNVQQSPESLIVPEGARTSLNCTFS","DSASQY","FWWYRQHSGKAPKALMS","IFSNGE","KEEGRFTIHLNKASLHFSLHIRDSQPSDSALYL","GKGTKLSVKS","EAAVTQSPRNKVTVTGGNVTLSCRQT","NSHNY","MYWYRQDTGHGLRLIHY","SYGAGN","LQIGDVPDGYKATRTTQEDFFLLLELASPSQTSLYF","GEGSKLTVL","G1_84_AAGCTTTAGCTATTGG-1;G1_84_CAATTCTGTGCTCTGT-1",2,"E_备选（极小扩增）","Ready","Single"
"G1_84","CAVSNTDKVVF_CASSLPGQSNERLFF","TRAV7-1","TRBV2","CAVSNTDKVVF","CASSLPGQSNERLFF","TRAJ34","TRBJ1-4",2,"QQKVQQSPESLIVPEGGMASLNCTFS","DRNSQY","FWWYRQHSGEGPKALMS","IFSNGD","KKEGRFTAHLNKASLYVSLHIKDSQPSDSALYF","GTGTRLQVSP","DPKIIQKPKYLVAVTGSEKILICEQY","LGHNA","MYWYRQSAKKPLEFMFS","YSYQKL","MDNQTASSRFQPQSSKKNHLDLQITALKPDDSATYF","GHGTKLSVL","G1_84_AATGCGACACAGCTCA-1;G1_84_CGCGTATAGAGCAAGT-1",2,"E_备选（极小扩增）","Ready","Single"
"G1_84","CSASMSNYAQGLTF_CASSTSGVAWEQYF","TRAV5-1","TRBV19","CSASMSNYAQGLTF","CASSTSGVAWEQYF","TRAJ26","TRBJ2-7",2,"GEQVEQLPSSLIVQEGASVLINCSYT","DSASVY","FPWYKQEPGKRLQFIID","IRSNMER","KQNQRLTLLFDKKTKHLSLHITATQPGDSAIYF","GLGTRVSVFP","GGIITQTPKFLIGQEGQKLTLKCQQN","FNHDT","MYWYRQDSGKGLRLIYY","SITEND","LQKGDLSEGYDASREKKSSFSLTVTSAQKNEMAVFL","GPGTRLTVL","G1_84_GCACAACTCAGCTAAT-1;G1_84_GGTTGTATCCACCCAC-1",2,"E_备选（极小扩增）","Ready","Single"
"G1_84","CVLGDPYSNNRLTL_CASSQEDPYEQYF","TRAV6-2","TRBV2","CVLGDPYSNNRLTL","CASSQEDPYEQYF","TRAJ7","TRBJ2-7",2,"GNSVTQMQGQVTLSEEEFLFINCTYS","TTGYPT","LFWYVQYPGEGPQLLLK","VTTANNK","GSSRGFEATYDKGTTSFHLQKASVQESDSAVYY","GKGTQVVVLP","DPKIIQKPKYLVAVTGSEKILICEQY","LGHNA","MYWYRQSAKKPLEFMFS","YSYQKL","MDNQTASSRFQPQSSKKNHLDLQITALKPDDSATYF","GPGTRLTVL","G1_84_CCGCATCTCCACCTAT-1;G1_84_GGGGTCTGTCTCTAAT-1",2,"E_备选（极小扩增）","Ready","Single"
"G1_87","CAADSNYQLIW_CACRDRGAETLYF","TRAV4-3","TRBV31","CAADSNYQLIW","CACRDRGAETLYF","TRAJ33","TRBJ2-3",2,"GDQVKQSPSALSLQEGTNSALRCNFS","IATTT","VQWFLQNPRGSLMNLFY","LVPGT","KENGRLKSTFNSKESYSTLHIRDAQLEDSGTYF","GSGTKLIIKP","AQTIHQWPVAEIKAVGSPLSLGCTIK","GKSSPN","LYWYWQATGGTLQQLFY","SITVG","QVESVVQLNLSASRPKDDQFILSTEKLLLSHSGFYL","GSGTRLTVL","G1_87_ACTGTTGAGAAGTACA-1;G1_87_CTCGGTACACAACCCA-1",2,"E_备选（极小扩增）","Ready","Single"
"G1_87","CAAEARGNQGGSAKLIF_CASSGPGQAERLFF","TRAV4-4-DV10","TRBV13-3","CAAEARGNQGGSAKLIF","CASSGPGQAERLFF","TRAJ57","TRBJ1-4",2,"GDQVEQSPSALSLHEGTDSALRCNFT","TTMRS","VQWFRQNSRGSLISLFY","LASGT","KENGRLKSAFDSKERRYSTLHIRDAQLEDSGTYF","GEGTKLTVSS","EAAVTQSPRSKVAVTGGKVTLSCHQT","NNHDY","MYWYRQDTGHGLRLIHY","SYVADS","TEKGDIPDGYKASRPSQENFSLILELASLSQTAVYF","GHGTKLSVL","G1_87_GCGTAGGCACGCGAAG-1;G1_87_GTAAGCCTCGGTATAT-1",2,"E_备选（极小扩增）","Ready","Single"
"G1_87","CAAERGNTRKLIF_CASGDAGGAAETLYF","TRAV4-3","TRBV12-2+TRBV13-2","CAAERGNTRKLIF","CASGDAGGAAETLYF","TRAJ37","TRBJ2-3",2,"GDQVKQSPSALSLQEGTNSALRCNFS","IATTT","VQWFLQNPRGSLMNLFY","LVPGT","KENGRLKSTFNSKESYSTLHIRDAQLEDSGTYF","GLGTTLQVQP","EAAVTQSPRNKVAVTGGKVTLSCNQT","NNHNN","MYWYRQDTGHGLRLIHY","SYGAGS","TEKGDIPDGYKASRPSQENFSLILELATPSQTSVYF","GSGTRLTVL","G1_87_CGATTTACAACAAGAT-1;G1_87_GCTCAGTAGCGTTCCC-1",2,"E_备选（极小扩增）","Ready","Multi_Allele"
"G1_87","CAAGGGYQNFYF_CASSQDGTVNERLFF","TRAV4-2","TRBV5","CAAGGGYQNFYF","CASSQDGTVNERLFF","TRAJ49","TRBJ1-4",2,"GMPVEQNPPALSLYEGADSGLRCNFS","TTMKS","VQWFQQNHRGRLITLFY","LAQGT","KENGRLKSTFNSKERYSTLHIKDAQLEDSGTYF","GKGTSLTVIP","NTKITQSPRYLILGRANKSLECEQH","LGHNA","MYWYKQSAEKPPELMFL","YNLKQL","IRNETVPSRFIPECPDSSKLLLHISAVDPEDSAVYF","GHGTKLSVL","G1_87_ACATGAAAGACTCGAC-1;G1_87_GTGCGTAGTGTCCCGC-1",2,"E_备选（极小扩增）","Ready","Single"
"G1_87","CAANSGGSNAKLTF_CTCSADRGDRGAETLYF","TRAV14N-3","TRBV1","CAANSGGSNAKLTF","CTCSADRGDRGAETLYF","TRAJ42","TRBJ2-3",2,"QQQVRQSPQSLTVWEGETAILNCSYE","NSAFDY","FPWYQQFPGEGPALLIA","IRSVSDK","KEDGGFTIFFNKREKNLSLHIKDSQPGDSATYF","GKGTKLSVKS","VTLLEQNPRWRLVPRGQAVNLRCILK","NSQYPW","MSWYQQDLQKQLQWLFT","LRSPGD","KEVKSLPGADYLATRVTDTELRLQVANMSQGRTLY","GSGTRLTVL","G1_87_CTGTCGCTCACGTAAT-1;G1_87_GCGCATTAGACTATGT-1",2,"E_备选（极小扩增）","Ready","Single"
"G1_87","CAARSSNTDKVVF_CASSQDWGQGAANTGQLYF","TRAV5N-4","TRBV5","CAARSSNTDKVVF","CASSQDWGQGAANTGQLYF","TRAJ34","TRBJ2-2",2,"GEQVEQLPSILRVQERSSASINCTYE","NSASNY","FPWYKQEPGENPKLIID","IRSNMER","KQIQGLIVLLDKKAKRFSLHITDTQPADSAMYF","GTGTRLQVSP","NTKITQSPRYLILGRANKSLECEQH","LGHNA","MYWYKQSAEKPPELMFL","YNLKQL","IRNETVPSRFIPECPDSSKLLLHISAVDPEDSAVYF","GEGSKLTVL","G1_87_ACGTCGGTCCGTAAAT-1;G1_87_GGCGAAGGTCGCGTAA-1",2,"E_备选（极小扩增）","Ready","Single"
"G1_87","CAASGYNVLYF_CASSIQQGASGNTLYF","TRAV7-4","TRBV19","CAASGYNVLYF","CASSIQQGASGNTLYF","TRAJ21","TRBJ1-3",2,"QQKVQQSPESLSVPEGGMASFNCTSS","DRNFQY","FWWYRQHSGEGPKALMS","IFSDGD","KKEGRFTAHLNKASLHVSLHIRDSQPSDSALYF","GSGTKLTVEP","GGIITQTPKFLIGQEGQKLTLKCQQN","FNHDT","MYWYRQDSGKGLRLIYY","SITEND","LQKGDLSEGYDASREKKSSFSLTVTSAQKNEMAVFL","GEGSRLIVV","G1_87_AGTAAACCAATCCTAA-1;G1_87_CAGCGGTGTCCTACGT-1",2,"E_备选（极小扩增）","Ready","Single"
"G1_87","CAASTNSGTYQRF_CASSWGVTSAETLYF","TRAV7D-2","TRBV10","CAASTNSGTYQRF","CASSWGVTSAETLYF","TRAJ13","TRBJ2-3",2,"QQKVQQSPESLIVPEGGMASLNCTSS","DRNVDY","FWWYRQHSGKSPKMLMS","IFSNGE","KEEGRFTVHLNKASLHTSLHIRDSQPSDSALYL","GTGTKLQVVP","ETAVFQTPNYHVTQVGNEVSFNCKQT","LGHDT","MYWYKQDSKKLLKIMFS","YNNKQL","IVNETVPRRFSPQSSDKAHLNLRIKSVEPEDSAVYL","GSGTRLTVL","G1_87_ACTGGGGCACCCTCAT-1;G1_87_GCGTTACAGGTTGGTC-1",2,"E_备选（极小扩增）","Ready","Single"
"G1_87","CAASVANTGKLTF_CASSDAGGNSYNSPLYF","TRAV14N-1","TRBV13-3","CAASVANTGKLTF","CASSDAGGNSYNSPLYF","TRAJ27","TRBJ1-6",2,"QQQVRQSPQSLTVWEGETAILNCSYE","DSTFNY","FPWYQQFPGEGPALLIS","ISSVSDK","KEDGRFTIFFNKREKKLSLHITDSQPGDSATYF","GDGTVLTVKP","EAAVTQSPRSKVAVTGGKVTLSCHQT","NNHDY","MYWYRQDTGHGLRLIHY","SYVADS","TEKGDIPDGYKASRPSQENFSLILELASLSQTAVYF","AAGTRLTVT","G1_87_AGCTGTGGTAGTGTTA-1;G1_87_CTCAGCCTCCAAAGCC-1",2,"E_备选（极小扩增）","Ready","Single"
"G1_87","CAGTGGYKVVF_CASSMTGQSYEQYF","TRAV8D-1","TRBV19","CAGTGGYKVVF","CASSMTGQSYEQYF","TRAJ12","TRBJ2-7",2,"SQLAEENPWALSVHEGESVTVNCSYK","TSITA","LQWYRQKSGEGPAQLIL","IRSNERE","KRNGRLRATLDTSSQSSSLSITATRCEDTAVYF","GSGTRLLVSP","GGIITQTPKFLIGQEGQKLTLKCQQN","FNHDT","MYWYRQDSGKGLRLIYY","SITEND","LQKGDLSEGYDASREKKSSFSLTVTSAQKNEMAVFL","GPGTRLTVL","G1_87_CGTCTATTCCAGGGTT-1;G1_87_GTTATAGGTCTTCAAT-1",2,"E_备选（极小扩增）","Ready","Single"
"G1_87","CAIARYGNEKITF_CASSFRGPSQNTLYF","TRAV13N-2","TRBV29","CAIARYGNEKITF","CASSFRGPSQNTLYF","TRAJ48","TRBJ2-4",2,"GQQVQQSPSSLVLQEGENAELQCNFS","STATQ","LQWFYQSPGGSLVSLLS","NPSGT","KHTGRLTSTTVTKERRSSLHISSSQTTDSGTYL","GAGTKLTIKP","DMKVTQMPRYLIKRMGENVLLECGQD","MSHET","MYWYRQDPGLGLQLIYI","SYDVDS","NSEGDIPKGYRVSRKKREHFSLILDSAKTNQTSVYF","GAGTRLSVL","G1_87_CCCATGTGTCGCTGCC-1;G1_87_CGACAAGAGACGATGG-1",2,"E_备选（极小扩增）","Ready","Single"
"G1_87","CAIATTGGYKVVF_CASSLGGRNTEVFF","TRAV13N-2","TRBV29","CAIATTGGYKVVF","CASSLGGRNTEVFF","TRAJ12","TRBJ1-1",2,"GQQVQQSPSSLVLQEGENAELQCNFS","STATQ","LQWFYQSPGGSLVSLLS","NPSGT","KHTGRLTSTTVTKERRSSLHISSSQTTDSGTYL","GSGTRLLVSP","DMKVTQMPRYLIKRMGENVLLECGQD","MSHET","MYWYRQDPGLGLQLIYI","SYDVDS","NSEGDIPKGYRVSRKKREHFSLILDSAKTNQTSVYF","GKGTRLTVV","G1_87_AGGGACTCAAGGGGAA-1;G1_87_AGTGTTAGTACTGGGC-1",2,"E_备选（极小扩增）","Ready","Single"
"G1_87","CAIRNVGDNSKLIW_CASSQDIISNERLFF","TRAV13-4-DV7","TRBV5","CAIRNVGDNSKLIW","CASSQDIISNERLFF","TRAJ38","TRBJ1-4",2,"GQQVQQSPASLVLQEGENAELQCNFS","STATQ","LQWFYQRPGGSLVSLLY","NPSGT","KHTGRLTSTTVTKERRSSLHISSSQITDSGTYF","GLGTSLVVNP","NTKITQSPRYLILGRANKSLECEQH","LGHNA","MYWYKQSAEKPPELMFL","YNLKQL","IRNETVPSRFIPECPDSSKLLLHISAVDPEDSAVYF","GHGTKLSVL","G1_87_ACCACGAGTCGGATAT-1;G1_87_CACCCTATCACTCGGG-1",2,"E_备选（极小扩增）","Ready","Single"
"G1_87","CALGDLGTGANTGKLTF_CASSLSGATLYF","TRAV6D-6","TRBV29","CALGDLGTGANTGKLTF","CASSLSGATLYF","TRAJ52","TRBJ1-3",2,"GDSVTQTEGQVTVSESKSLIINCTYS","TTSIAYPN","LFWYVRYPGEGLQLLLK","VITAGQK","GSSRGFEATYNKETTSFHLQKASVQESDSAVYY","GHGTILRVHP","DMKVTQMPRYLIKRMGENVLLECGQD","MSHET","MYWYRQDPGLGLQLIYI","SYDVDS","NSEGDIPKGYRVSRKKREHFSLILDSAKTNQTSVYF","GEGSRLIVV","G1_87_CGAGCGTGTGCACTCT-1;G1_87_GGTCTATCAAGCTGAA-1",2,"E_备选（极小扩增）","Ready","Single"
"G1_87","CALGDTGGADRLTF_CASSQAGTYEQYF","TRAV6D-6","TRBV5","CALGDTGGADRLTF","CASSQAGTYEQYF","TRAJ45","TRBJ2-7",2,"GDSVTQTEGQVTVSESKSLIINCTYS","TTSIAYPN","LFWYVRYPGEGLQLLLK","VITAGQK","GSSRGFEATYNKETTSFHLQKASVQESDSAVYY","GKGTQLIIQP","NTKITQSPRYLILGRANKSLECEQH","LGHNA","MYWYKQSAEKPPELMFL","YNLKQL","IRNETVPSRFIPECPDSSKLLLHISAVDPEDSAVYF","GPGTRLTVL","G1_87_AGGCTTATCCCCTATG-1;G1_87_CATGGATGTACAGCGC-1",2,"E_备选（极小扩增）","Ready","Single"
"G1_87","CALGEPNTGGADRLTF_CASRDRVGSPLYF","TRAV6D-6","TRBV13-3","CALGEPNTGGADRLTF","CASRDRVGSPLYF","TRAJ45","TRBJ1-6",2,"GDSVTQTEGQVTVSESKSLIINCTYS","TTSIAYPN","LFWYVRYPGEGLQLLLK","VITAGQK","GSSRGFEATYNKETTSFHLQKASVQESDSAVYY","GKGTQLIIQP","EAAVTQSPRSKVAVTGGKVTLSCHQT","NNHDY","MYWYRQDTGHGLRLIHY","SYVADS","TEKGDIPDGYKASRPSQENFSLILELASLSQTAVYF","AAGTRLTVT","G1_87_AGTAAGCAGGGCGGAT-1;G1_87_GTTCGCCTCGTGATAT-1",2,"E_备选（极小扩增）","Ready","Single"
"G1_87","CALGLAGAKLTF_CGAREQGNSDYTF","TRAV6N-7","TRBV20","CALGLAGAKLTF","CGAREQGNSDYTF","TRAJ39","TRBJ1-2",2,"GDSVTQTEGQVALSEEDFLTIHCNYS","ASGYPA","LFWYVQYPGEGPQFLFR","ASRDKEK","GSSRGFEATYNKETTSFHLQKASVQESDSAVYY","GGGTRLTVRP","GALVYQYPRRTICKSGTSMRMECQAV","GFQATS","VAWYRQSPQKTFELIAL","STVNSAI","KYEQNFTQEKFPISHPNLSFSSMTVLNAYLEDRGLYL","GSGTRLLVI","G1_87_CGCTCGAAGATGGTAA-1;G1_87_GGTCATTCAAACCACT-1",2,"E_备选（极小扩增）","Ready","Single"
"G1_87","CALRDYSNNRLTL_CASSQGQGTNERLFF","TRAV6N-7","TRBV5","CALRDYSNNRLTL","CASSQGQGTNERLFF","TRAJ7","TRBJ1-4",2,"GDSVTQTEGQVALSEEDFLTIHCNYS","ASGYPA","LFWYVQYPGEGPQFLFR","ASRDKEK","GSSRGFEATYNKEATSFHLQKASVQESDSAVYY","GKGTQVVVLP","NTKITQSPRYLILGRANKSLECEQH","LGHNA","MYWYKQSAEKPPELMFL","YNLKQL","IRNETVPSRFIPECPDSSKLLLHISAVDPEDSAVYF","GHGTKLSVL","G1_87_GCTATCTTCCCACGCT-1;G1_87_GGGTTAGAGACTGTTG-1",2,"E_备选（极小扩增）","Ready","Single"
"G1_87","CALSALNNNNAPRF_CASRWTGDTGQLYF","TRAV6-5","TRBV13-3","CALSALNNNNAPRF","CASRWTGDTGQLYF","TRAJ43","TRBJ2-2",2,"GDSVTQTEGPVTLSEGTSLTVNCSYE","TKQYPT","LFWYVQYPGEGPQLLFK","VPKANEK","GSSRGFEATYNKEATSFHLQKASVQESDSAVYY","GAGTKLTVKP","EAAVTQSPRSKVAVTGGKVTLSCHQT","NNHDY","MYWYRQDTGHGLRLIHY","SYVADS","TEKGDIPDGYKASRPSQENFSLILELASLSQTAVYF","GEGSKLTVL","G1_87_AATGCGCTCGTATGCA-1;G1_87_GTGGTGCGTCCTGTCG-1",2,"E_备选（极小扩增）","Ready","Single"
"G1_87","CALSDNNAGAKLTF_CASSSRDFSAETLYF","TRAV12-3","TRBV17","CALSDNNAGAKLTF","CASSSRDFSAETLYF","TRAJ39","TRBJ2-3",2,"GDSVTQTEGLVTLTEGLPVMLNCTYQ","TIYSNPF","LFWYVHYLNESPRLLLK","SSTDNKR","TEHQGFHATLHKSSSSFHLQKSSAQLSDSALYY","GGGTRLTVRP","DTTVKQNPRYKLARVGKPVNLICSQT","MNHDT","MYWYQKKPNQAPKLLLF","YYDKIL","NREADTFEKFQSSRPNNSFCSLYIGSAGLEYSAMYL","GSGTRLTVL","G1_87_CGTAACTCAGCTAGGG-1;G1_87_GCTCACGAGCCTTTCG-1",2,"E_备选（极小扩增）","Ready","Single"
"G1_87","CALSEIPNYNVLYF_CASRGVTGQLYF","TRAV6N-7","TRBV10","CALSEIPNYNVLYF","CASRGVTGQLYF","TRAJ21","TRBJ2-2",2,"GDSVTQTEGQVALSEEDFLTIHCNYS","ASGYPA","LFWYVQYPGEGPQFLFR","ASRDKEK","GSSRGFEATYNKEATSFHLQKASVQESDSAVYY","GSGTKLTVEP","ETAVFQTPNYHVTQVGNEVSFNCKQT","LGHDT","MYWYKQDSKKLLKIMFS","YNNKQL","IVNETVPRRFSPQSSDKAHLNLRIKSVEPEDSAVYL","GEGSKLTVL","G1_87_ATAACGAAGCCGTCAG-1;G1_87_CTCTCCAAGCGATTCA-1",2,"E_备选（极小扩增）","Ready","Single"
"G1_87","CALSKNTGYQNFYF_CASSTPGTGSNERLFF","TRAV12N-2","TRBV19","CALSKNTGYQNFYF","CASSTPGTGSNERLFF","TRAJ49","TRBJ1-4",2,"GDSVTQTEGLVTLTEGLPVMLNCTYQ","TAYSTF","LFWYVQHLNEAPKLLLK","SSTDNKR","TEHQGFHATLHKSSSSFHLQKSSAQLSDSALYY","GKGTSLTVIP","GGIITQTPKFLIGQEGQKLTLKCQQN","FNHDT","MYWYRQDSGKGLRLIYY","SITEND","LQKGDLSEGYDASREKKSSFSLTVTSAQKNEMAVFL","GHGTKLSVL","G1_87_CCTAGCTGTATCGAGT-1;G1_87_CTGTATGAGATACCAT-1",2,"E_备选（极小扩增）","Ready","Single"
"G1_87","CALSPSSFSKLVF_CASSGTGKGDTQYF","TRAV12N-2","TRBV13-1","CALSPSSFSKLVF","CASSGTGKGDTQYF","TRAJ50","TRBJ2-5",2,"GDSVTQTEGLVTLTKGLPVMLNCTYQ","TTYSPF","LFWYVQHLNEAPKLLLK","SSTDNKR","TEHQGFYATLHKSSSSFHLQKSSVQLSDSALYF","GQGTSLSVVP","EAAVTQSPRNKVTVTGGNVTLSCRQT","NSHNY","MYWYRQDTGHGLRLIHY","SYGAGN","LQIGDVPDGYKATRTTQEDFFLLLELASPSQTSLYF","GPGTRLLVL","G1_87_ATGGGCAAGCAACCGT-1;G1_87_CAGTATAGTAGGACGG-1",2,"E_备选（极小扩增）","Ready","Single"
"G1_87","CALVNTGGADRLTF_CASRWTGGNTLYF","TRAV6-4","TRBV13-1","CALVNTGGADRLTF","CASRWTGGNTLYF","TRAJ45","TRBJ2-4",2,"GDSVTQKQGQVTLSEDDFLFINCTYS","TTTYPT","LLWYVQYPGQGPQLLLK","VTTANNK","GISRGFEATYDKGTTSFHLQKASVQESDSAVYF","GKGTQLIIQP","EAAVTQSPRNKVTVTGGNVTLSCRQT","NSHNY","MYWYRQDTGHGLRLIHY","SYGAGN","LQIGDVPDGYKATRTTQEDFFLLLELASPSQTSLYF","GAGTRLSVL","G1_87_AAGCGATAGCCGTAGT-1;G1_87_CTACTTATCACTCCTG-1",2,"E_备选（极小扩增）","Ready","Single"
"G1_87","CAMRASSGSWQLIF_CASSPDSANSDYTF","TRAV16N","TRBV2","CAMRASSGSWQLIF","CASSPDSANSDYTF","TRAJ22","TRBJ1-2",2,"AQKVTQTQTSISVMEKTTVTMDCVYE","TQDSSYF","LFWYKQTASGEIVFLIR","QDSYKKEN","ATVGHYSLNFQKPKSSIGLIITATQIEDSAVYF","GSGTQLTVMP","DPKIIQKPKYLVAVTGSEKILICEQY","LGHNA","MYWYRQSAKKPLEFMFS","YSYQKL","MDNQTASSRFQPQSSKKNHLDLQITALKPDDSATYF","GSGTRLLVI","G1_87_ATCATCCTCCTTGTCG-1;G1_87_CAAACGTGTACTGGGC-1",2,"E_备选（极小扩增）","Ready","Single"
"G1_87","CAMREGSGGSNYKLTF_CGARDRGRTEVFF","TRAV16N","TRBV20","CAMREGSGGSNYKLTF","CGARDRGRTEVFF","TRAJ53","TRBJ1-1",2,"AQKVTQTQTSISVMEKTTVTMDCVYE","TQDSSYF","LFWYKQTASGEIVFLIR","QDSYKKEN","ATVGHYSLNFQKPKSSIGLIITATQIEDSAVYF","GKGTLLTVTP","GALVYQYPRRTICKSGTSMRMECQAV","GFQATS","VAWYRQSPQKTFELIAL","STVNSAI","KYEQNFTQEKFPISHPNLSFSSMTVLNAYLEDRGLYL","GKGTRLTVV","G1_87_ATAGCGGAGAGGACCA-1;G1_87_GCAGCCTCACCTAGGC-1",2,"E_备选（极小扩增）","Ready","Single"
"G1_87","CAMRENGQGGRALIF_CASRAGTGGAETLYF","TRAV16N","TRBV5","CAMRENGQGGRALIF","CASRAGTGGAETLYF","TRAJ15","TRBJ2-3",2,"AQKVTQTQTSISVMEKTTVTMDCVYE","TQDSSYF","LFWYKQTASGEIVFLIR","QDSYKKEN","ATVGHYSLNFQKPKSSIGLIITATQIEDSAVYF","GTGTTVSVSP","NTKITQSPRYLILGRANKSLECEQH","LGHNA","MYWYKQSAEKPPELMFL","YNLKQL","IRNETVPSRFIPECPDSSKLLLHISAVDPEDSAVYF","GSGTRLTVL","G1_87_CCTAATGAGGGTGAAT-1;G1_87_CGATAGTGTAGCGTAT-1",2,"E_备选（极小扩增）","Ready","Single"
"G1_87","CAMREVRYAQGLTF_CASGGQGGQNTLYF","TRAV16N","TRBV12-2+TRBV13-2","CAMREVRYAQGLTF","CASGGQGGQNTLYF","TRAJ26","TRBJ2-4",2,"AQKVTQTQTSISVMEKTTVTMDCVYE","TQDSSYF","LFWYKQTASGEIVFLIR","QDSYKKEN","ATVGHYSLNFQKPKSSIGLIITATQIEDSAVYF","GLGTRVSVFP","EAAVTQSPRNKVAVTGGKVTLSCNQT","NNHNN","MYWYRQDTGHGLRLIHY","SYGAGS","TEKGDIPDGYKASRPSQENFSLILELATPSQTSVYF","GAGTRLSVL","G1_87_CAACGAGAGGTAGAAC-1;G1_87_CTGTTACTCCAGCGCA-1",2,"E_备选（极小扩增）","Ready","Multi_Allele"
"G1_87","CAMSSGANTGKLTF_CASSDVWGYEQYF","TRAV7N-5","TRBV13-3","CAMSSGANTGKLTF","CASSDVWGYEQYF","TRAJ52","TRBJ2-7",2,"QQKVQQSPESLTVSEGAMASLNCTFS","DGTSDN","FRWYRQHSGKGLEVLVS","IFSDGE","KEEGRFTAHLNRASLHVSLHIREPQPSDSAVYL","GHGTILRVHP","EAAVTQSPRSKVAVTGGKVTLSCHQT","NNHDY","MYWYRQDTGHGLRLIHY","SYVADS","TEKGDIPDGYKASRPSQENFSLILELASLSQTAVYF","GPGTRLTVL","G1_87_ATGTCGATCCCCACTA-1;G1_87_ATGTTCTGTGCCCATT-1",2,"E_备选（极小扩增）","Ready","Single"
"G1_87","CASSNTDKVVF_CASGDKWTGGREQYF","TRAV13-1","TRBV12-2+TRBV13-2","CASSNTDKVVF","CASGDKWTGGREQYF","TRAJ34","TRBJ2-7",2,"GQQVQQSPASLVLQEGENAELQCNFS","TSLNS","MQWFYQRPEGSLVSLFY","NPSGT","KQSGRLTSTTVIKERRSSLHISSSQITDSGTYL","GTGTRLQVSP","EAAVTQSPRNKVAVTGGKVTLSCNQT","NNHNN","MYWYRQDTGHGLRLIHY","SYGAGS","TEKGDIPDGYKASRPSQENFSLILELATPSQTSVYF","GPGTRLTVL","G1_87_ATTCAGAGTCTGCATC-1;G1_87_CTGCACACACCAACGC-1",2,"E_备选（极小扩增）","Ready","Multi_Allele"
"G1_87","CATDGGRALIF_CTCSAGTLSNERLFF","TRAV8D-1","TRBV1","CATDGGRALIF","CTCSAGTLSNERLFF","TRAJ15","TRBJ1-4",2,"SQLAEENLWALSVHEGESVTVNCSYK","TSITA","LQWYRQKSGEGPAQLIL","IRSNERE","KRNGRLRATLDTSSQSSSLSITATRCEDTAVYF","GTGTTVSVSP","VTLLEQNPRWRLVPRGQAVNLRCILK","NSQYPW","MSWYQQDLQKQLQWLFT","LRSPGD","KEVKSLPGADYLATRVTDTELRLQVANMSQGRTLY","GHGTKLSVL","G1_87_ACCTCTCCAACGAAAT-1;G1_87_CTGTTATGTATCGGGC-1",2,"E_备选（极小扩增）","Ready","Single"
"G1_87","CATYSNYGGSGNKLIF_CTCSGGLGASQNTLYF","TRAV8D-2","TRBV1","CATYSNYGGSGNKLIF","CTCSGGLGASQNTLYF","TRAJ32","TRBJ2-4",2,"SQWGEENLQALSIQEGEDVTMNCSYK","TYTTV","VHWYRQDSGRGPALIIL","IRSNERE","KRSGRLRATLDTSSQSSSLSITAAQCEDTAVYF","GTGTLLSVKP","VTLLEQNPRWRLVPRGQAVNLRCILK","NSQYPW","MSWYQQDLQKQLQWLFT","LRSPGD","KEVKSLPGADYLATRVTDTELRLQVANMSQGRTLY","GAGTRLSVL","G1_87_ATGTGAAAGCCAATAT-1;G1_87_CGATCAGGTGCACGTA-1",2,"E_备选（极小扩增）","Ready","Single"
"G1_87","CAVHDTNAYKVIF_CASSDWEGGAETLYF","TRAV3-3","TRBV13-3","CAVHDTNAYKVIF","CASSDWEGGAETLYF","TRAJ30","TRBJ2-3",2,"GEQVEQRPPHLSVREGDSAFITCTYT","DPNSYY","FFWYKQEPGASLQLLMK","VFSSTEI","NEGQGFTVLLNKKDKRLSLNLTAAHPGDSAAYF","GKGTHLHVLP","EAAVTQSPRSKVAVTGGKVTLSCHQT","NNHDY","MYWYRQDTGHGLRLIHY","SYVADS","TEKGDIPDGYKASRPSQENFSLILELASLSQTAVYF","GSGTRLTVL","G1_87_AACCGGCGTCCAGAAT-1;G1_87_ATGGGTGAGGCGATAG-1",2,"E_备选（极小扩增）","Ready","Single"
"G1_87","CAVRDRGNNRIFF_CASSQEGTGAGNTLYF","TRAV1","TRBV2","CAVRDRGNNRIFF","CASSQEGTGAGNTLYF","TRAJ31","TRBJ1-3",2,"GQGVEQPDNLMSVEGTFARVNCTYS","TSGFNG","LSWYQQREGHAPVFLSY","VVLDGL","KDSGHFSTFLSRSNGYSYLLLTELQIKDSASYL","GDGTQLVVKP","DPKIIQKPKYLVAVTGSEKILICEQY","LGHNA","MYWYRQSAKKPLEFMFS","YSYQKL","MDNQTASSRFQPQSSKKNHLDLQITALKPDDSATYF","GEGSRLIVV","G1_87_ACGTAATTCACCACTT-1;G1_87_AGTAAGGGTCACCGTT-1",2,"E_备选（极小扩增）","Ready","Single"
"G1_87","CAVSMPSGSWQLIF_CAWSLGATANSDYTF","TRAV7-3","TRBV31","CAVSMPSGSWQLIF","CAWSLGATANSDYTF","TRAJ22","TRBJ1-2",2,"QQNVQQSPESLIVPEGARTSLNCTFS","DSASQY","FWWYRQHSGKAPKALMS","IFSNGE","KEEGRFTIHLNKASLHFSLHIRDSQPSDSALYL","GSGTQLTVMP","AQTIHQWPVAEIKAVGSPLSLGCTIK","GKSSPN","LYWYWQATGGTLQQLFY","SITVG","QVESVVQLNLSASRPKDDQFILSTEKLLLSHSGFYL","GSGTRLLVI","G1_87_CGCAGTAGTGGCGAAG-1;G1_87_GCTTGACAGAATTCGT-1",2,"E_备选（极小扩增）","Ready","Single"
"G1_87","CAVSRSAGNKLTF_CASSPRQGSNTEVFF","TRAV7-3","TRBV14","CAVSRSAGNKLTF","CASSPRQGSNTEVFF","TRAJ17","TRBJ1-1",2,"QQNVQQSPESLIVPEGARTSLNCTFS","DSASQY","FWWYRQHSGKAPKALMS","IFSNGE","KEEGRFTIHLNKASLHFSLHIRDSQPSDSALYL","GIGTRVLVRP","EAGVTQSPRYAVLQEGQAVSFWCDPI","SGHDT","LYWYQQPRDQGPQLLVY","FRDEAV","IDNSQLPSDRFSAVRPKGTNSTLKIQSAKQGDTATYL","GKGTRLTVV","G1_87_AAAGGGGCAGGGATTA-1;G1_87_CCGACACCAAGGGCAT-1",2,"E_备选（极小扩增）","Ready","Single"
"G1_87","CAVSSGTGGYKVVF_CASSPGTNYAEQFF","TRAV9N-2","TRBV14","CAVSSGTGGYKVVF","CASSPGTNYAEQFF","TRAJ12","TRBJ2-1",2,"AQSVTQPDARVTVSEGASLQLRCKYS","SSVTPY","LFWYVQYPRQGLQLLLK","YYSGDPVV","QGVNGFEAEFSKSNSSFHLRKASVHWSDSAVYF","GSGTRLLVSP","EAGVTQSPRYAVLQEGQAVSFWCDPI","SGHDT","LYWYQQPRDQGPQLLVY","FRDEAV","IDNSQLPSDRFSAVRPKGTNSTLKIQSAKQGDTATYL","GPGTRLTVL","G1_87_CTGACAATCCGCGGTA-1;G1_87_GCATACATCAACTCTC-1",2,"E_备选（极小扩增）","Ready","Single"
"G1_87","CILRVASGGSNYKLTF_CAWSLNWGNQDTQYF","TRAV21-DV12","TRBV31","CILRVASGGSNYKLTF","CAWSLNWGNQDTQYF","TRAJ53","TRBJ2-5",2,"DAKTTQPDSMESTEGETVHLPCSHA","TISGNEY","IYWYRQVPLQGPEYVTH","GLQQN","TTNSMAFLAIASDRKSSTLILTHVSLRDAAVYH","GKGTLLTVTP","AQTIHQWPVAEIKAVGSPLSLGCTIK","GKSSPN","LYWYWQATGGTLQQLFY","SITVG","QVESVVQLNLSASRPKDDQFILSTEKLLLSHSGFYL","GPGTRLLVL","G1_87_ACGCCCTTCCATCTAC-1;G1_87_AGGGACATCACAGCTA-1",2,"E_备选（极小扩增）","Ready","Single"
"G1_87","CILRVRGTGSKLSF_CASSFQDWAYEQYF","TRAV21-DV12","TRBV14","CILRVRGTGSKLSF","CASSFQDWAYEQYF","TRAJ58","TRBJ2-7",2,"DAKTTQPDSMESTEGETVHLPCSHA","TISGNEY","IYWYRQVPLQGPEYVTH","GLQQN","TTNSMAFLAIASDRKSSTLILTHVSLRDAAVYH","GKGAKLTVSP","EAGVTQSPRYAVLQEGQAVSFWCDPI","SGHDT","LYWYQQPRDQGPQLLVY","FRDEAV","IDNSQLPSDRFSAVRPKGTNSTLKIQSAKQGDTATYL","GPGTRLTVL","G1_87_ACAACGTGTAACGTCG-1;G1_87_CAGTTACCAGCTTCAG-1",2,"E_备选（极小扩增）","Ready","Single"
"G1_87","CIVTDKNAYKVIF_CGAREGTGHSDYTF","TRAV2","TRBV20","CIVTDKNAYKVIF","CGAREGTGHSDYTF","TRAJ30","TRBJ1-2",2,"LAKTTQPPSMEAYEGQEVNVSCSHT","NIATSEY","IYWYRQVPHQGPQFIIQ","GYKDYVV","NEVASLFISADRKLSTLSLPWVSLRDAAVYY","GKGTHLHVLP","GALVYQYPRRTICKSGTSMRMECQAV","GFQATS","VAWYRQSPQKTFELIAL","STVNSAI","KYEQNFTQEKFPISHPNLSFSSMTVLNAYLEDRGLYL","GSGTRLLVI","G1_87_AACGAACAGAACTAAG-1;G1_87_GCTTCGGAGAATATCC-1",2,"E_备选（极小扩增）","Ready","Single"
"G1_87","CVLGAFRNNNNRIFF_CASSDAGSSGNTLYF","TRAV6-2","TRBV13-3","CVLGAFRNNNNRIFF","CASSDAGSSGNTLYF","TRAJ31","TRBJ1-3",2,"GNSVTQMQGQVTLSEEEFLFINCTYS","TTGYPT","LFWYVQYPGEGPQLLLK","VTTANNK","GSSRGFEATYDKGTTSFHLQKASVQESDSAVYY","GDGTQLVVKP","EAAVTQSPRSKVAVTGGKVTLSCHQT","NNHDY","MYWYRQDTGHGLRLIHY","SYVADS","TEKGDIPDGYKASRPSQENFSLILELASLSQTAVYF","GEGSRLIVV","G1_87_ACGCCCTTCATGCAAT-1;G1_87_CTATCACTCGCATAAT-1",2,"E_备选（极小扩增）","Ready","Single"
"G1_87","CVVGDRGSALGRLHF_CASGGTGGTEVFF","TRAV11","TRBV13-2","CVVGDRGSALGRLHF","CASGGTGGTEVFF","TRAJ18","TRBJ1-1",2,"KTQVEQSPQSLVVRQGENCVLQCNYS","VTPDNH","LRWFKQDTGKGLVSLTV","LVHENDK","TSNGRYSATLDKDAKHSTLHITATLLDDTATYI","GAGTQLIVIP","EAAVTQSPRNKVAVTGGKVTLSCNQT","NNHNN","MYWYRQDTGHGLRLIHY","SYGAGS","TEKGDIPDGYKASRPSQENFSLILELATPSQTSVYF","GKGTRLTVV","G1_87_AAGCCGCGTGTCGTCT-1;G1_87_CAGCAGGCAATCCGGC-1",2,"E_备选（极小扩增）","Ready","Single"
