"Sample","CDR3_comb","TRAV","TRBV","CDR3a","CDR3b","Ja","Jb","Count","TRA_fwr1","TRA_cdr1","TRA_fwr2","TRA_cdr2","TRA_fwr3","TRA_fwr4","TRB_fwr1","TRB_cdr1","TRB_fwr2","TRB_cdr2","TRB_fwr3","TRB_fwr4","cell_barcodes","n_cells","Priority","WetLab_Ready","TRBV_Complexity"
"G2_63","CILRVPTASLGKLQF_CAWSPDTGGAETLYF","TRAV21-DV12","TRBV31","CILRVPTASLGKLQF","CAWSPDTGGAETLYF","TRAJ24","TRBJ2-3",276,"DAKTTQPDSMESTEGETVHLPCSHA","TISGNEY","IYWYRQVPLQGPEYVTH","GLQQN","TTNSMAFLAIASDRKSSTLILTHVSLRDAAVYH","GTGTQVVVTP","AQTIHQWPVAEIKAVGSPLSLGCTIK","GKSSPN","LYWYWQATGGTLQQLFY","SITVG","QVESVVQLNLSASRPKDDQFILSTEKLLLSHSGFYL","GSGTRLTVL","G2_63_AAACCAGCAGGACATA-1;G2_63_AAACCGGAGCGACAAG-1;G2_63_AAACGCGAGAGGCCAA-1;G2_63_AAAGCCCTCGTAGTTG-1;G2_63_AAAGCCCTCGTCGCTC-1;G2_63_AAAGCGCCAATTGTAT-1;G2_63_AAATCAACAGTACGAA-1;G2_63_AAATGACCACAACTCG-1;G2_63_AACATTATCCGGCGTA-1;G2_63_AACCATGTCAATCTGG-1;G2_63_AACCCCGAGGCGTAGA-1;G2_63_AACCGAACAATCGTAC-1;G2_63_AACCGGGCACTGCAAT-1;G2_63_AACCGTGGTCACGGCG-1;G2_63_AACTGCGGTATCAATG-1;G2_63_AAGCATAAGCCCATGG-1;G2_63_AAGCCGTTCACTCCCA-1;G2_63_AAGTACAAGGTAGTTT-1;G2_63_AAGTTCGTCAGCAGTC-1;G2_63_AATACAGAGGTCGCCA-1;G2_63_AATCACCCAAGCTTAC-1;G2_63_AATCGGCTCATTCGTC-1;G2_63_AATTACCAGCTCTGGG-1;G2_63_ACAACCATCCCGTGTC-1;G2_63_ACAACGGAGCTCGGCA-1;G2_63_ACAAGATCACCAACAT-1;G2_63_ACAATGGCACATGATC-1;G2_63_ACACAAGCAACTCGCA-1;G2_63_ACACATTAGCCACATA-1;G2_63_ACACCGTAGAAGTGTA-1;G2_63_ACACGGGCACAGCGTC-1;G2_63_ACATTATCAGGAAGCT-1;G2_63_ACCCCTGGTGTCTATT-1;G2_63_ACCCTATTCGGACTTA-1;G2_63_ACCTTAGAGACCATGC-1;G2_63_ACGAAATCAAGGGGAA-1;G2_63_ACGCACCCACAACTCG-1;G2_63_ACGCGTGTCATCCGTT-1;G2_63_ACGCGTGTCCTTAGCT-1;G2_63_ACGGCAAAGAGCCCCA-1;G2_63_ACGTTACCAGGGACAT-1;G2_63_ACTAAACTCATTAATG-1;G2_63_ACTAATGGTGCTTCTA-1;G2_63_ACTACGGGTATGCTGG-1;G2_63_ACTATCCTCACTGCCC-1;G2_63_ACTCCATTCCATATCC-1;G2_63_ACTCCCGGTGGTCCCC-1;G2_63_ACTCGCTGTCATCTCA-1;G2_63_ACTGGGCGTCACCCGC-1;G2_63_ACTTACACAAGTCTCG-1;G2_63_ACTTCCGTCGCGTATA-1;G2_63_ACTTCTATCGCACCTC-1;G2_63_ACTTTAGCAACACAAG-1;G2_63_ACTTTCCAGCCATGCG-1;G2_63_AGACATTTCAGGGGTA-1;G2_63_AGACGCAAGAAGCCAG-1;G2_63_AGACTCGGTCACGTAG-1;G2_63_AGACTTTAGCCCTTGC-1;G2_63_AGAGGAAAGGTCCTAA-1;G2_63_AGAGGCGGTAGAATGG-1;G2_63_AGCAAATCACACTATA-1;G2_63_AGCACTATCGGTGTCG-1;G2_63_AGCAGATAGCGGGTAA-1;G2_63_AGCAGTACAGTTGGGG-1;G2_63_AGCCCCTTCACACGTA-1;G2_63_AGCGATGAGAAATCAG-1;G2_63_AGCTGTGGTCAGTTAA-1;G2_63_AGCTTATAGCACATCA-1;G2_63_AGGATATCAATTCGGT-1;G2_63_AGGCGGAGTATCATCT-1;G2_63_AGTCCACAGCCAGAGA-1;G2_63_AGTCCGCCAAACTACC-1;G2_63_AGTGTTCCAGCAGTAA-1;G2_63_AGTTAAGAGGTGCCCA-1;G2_63_ATAAGCCGTAAAGTGG-1;G2_63_ATAAGCCGTGTGTATA-1;G2_63_ATAATGCTCGCTGTGG-1;G2_63_ATAATTGTCAAGTCCA-1;G2_63_ATACCTACAAGTGCCC-1;G2_63_ATACTTCGTACAAGGA-1;G2_63_ATAGTCAGTGCCCCTA-1;G2_63_ATATCACAGCGGGATA-1;G2_63_ATCAAGGCAACTCGAT-1;G2_63_ATCAGCTCAAGGACCG-1;G2_63_ATCAGGCTCACTCCAT-1;G2_63_ATCCAATAGCAGCCCA-1;G2_63_ATCCCTAGTCACGCCC-1;G2_63_ATCCGTAAGGTCCGAT-1;G2_63_ATCCTAACACCAATTA-1;G2_63_ATCCTACTCAGACAGG-1;G2_63_ATCCTTATCGTCATTC-1;G2_63_ATCGAGACACCACGTA-1;G2_63_ATCGATTAGGTTAGGG-1;G2_63_ATCGTATAGGGAATCG-1;G2_63_ATGCAGCTCGGATCCG-1;G2_63_ATGGCCGTCCTTCGTG-1;G2_63_ATGGTATTCAAGGGTG-1;G2_63_ATGTAGTTCCTAGCCC-1;G2_63_ATGTCTTGTAGTCGGC-1;G2_63_ATGTGAAAGAAACGTA-1;G2_63_ATTACGCCACGAAGGT-1;G2_63_ATTCTAGCAAACGGTA-1;G2_63_ATTGACCCAGTGACCC-1;G2_63_ATTGCTCTCAACATTA-1;G2_63_ATTGTAGGTGCGAGGA-1;G2_63_CAAGCGAAGCCCACAG-1;G2_63_CAAGTCTCACGTAGAA-1;G2_63_CAAGTTTAGCATATCG-1;G2_63_CAATACTAGCTGTTGA-1;G2_63_CAATTTCGTATGCGCA-1;G2_63_CACAGCAGTCGACTCT-1;G2_63_CACCATTTCCAACATG-1;G2_63_CACCGCTTCCAGGGTT-1;G2_63_CACGAGTTCACTGTCT-1;G2_63_CACGCCCGTAGCTTCC-1;G2_63_CACGCCCGTCGCGCTC-1;G2_63_CACGTAGGTAGTTTAG-1;G2_63_CACTACGCACAGGTCC-1;G2_63_CACTATACAGGACCTC-1;G2_63_CAGCCCTTCGCTCTAT-1;G2_63_CAGCGTTAGGGAAACT-1;G2_63_CAGCTACAGAGGAGCC-1;G2_63_CAGGGTCGTAGCCAGC-1;G2_63_CATAACCCAAAGGCAC-1;G2_63_CATAACGTCCGTAAAT-1;G2_63_CATAAGCGTATCAGTA-1;G2_63_CATATCACACTGACGC-1;G2_63_CATCGACAGACAAGTA-1;G2_63_CATGAAGCAGGCAATA-1;G2_63_CATGGGTTCGCAGTAC-1;G2_63_CATTCACTCATTACAA-1;G2_63_CATTGTCTCGCTTACT-1;G2_63_CATTTAGCAAAGTATA-1;G2_63_CCAAAGCTCGCATAGC-1;G2_63_CCAACTTTCGCGGAAA-1;G2_63_CCAAGCCCAACGTACT-1;G2_63_CCACATAAGAGCGAAT-1;G2_63_CCACGTTGTATGCGAT-1;G2_63_CCACTCATCAACGGCT-1;G2_63_CCAGAATGTGGGGTAG-1;G2_63_CCAGCCCGTGTTCGAG-1;G2_63_CCAGTAGGTAGTTGCG-1;G2_63_CCATCGGAGCAATGGG-1;G2_63_CCATCGGAGCCATATG-1;G2_63_CCCAGCAAGGCCATCG-1;G2_63_CCCAGCAAGGCTGGAA-1;G2_63_CCCATGGAGAGCGGGT-1;G2_63_CCCTATGTCAGCAGTC-1;G2_63_CCGACTACACTTAACA-1;G2_63_CCGATTAAGGTTGATT-1;G2_63_CCGCACAAGAATGATG-1;G2_63_CCGCACTTCACGCAGT-1;G2_63_CCGCGTAAGGTAGCTC-1;G2_63_CCGTAAGGTCCAGATG-1;G2_63_CCGTCTATCGTTCGGG-1;G2_63_CCTAACGCAGGTTCGC-1;G2_63_CCTACGTGTACCACGA-1;G2_63_CCTACGTGTCTAATTC-1;G2_63_CCTAGCGAGATGCGAG-1;G2_63_CCTATTCAGCGGTTCG-1;G2_63_CCTGGTGAGGGGAGCT-1;G2_63_CCTTCGGGTACTCCCG-1;G2_63_CCTTCGGGTATGCTCC-1;G2_63_CCTTGCCAGCACTACA-1;G2_63_CCTTTCACAAATCACC-1;G2_63_CGATACATCCAATCGA-1;G2_63_CGATAGCTCCGATACA-1;G2_63_CGCACATAGCTAATCG-1;G2_63_CGCAGGACACCCTAGA-1;G2_63_CGCATAATCAAGCGTC-1;G2_63_CGCCTGAAGGCTCATA-1;G2_63_CGCTATCGTCCCAATC-1;G2_63_CGCTCGAAGCCACGAT-1;G2_63_CGGACCTCAAGTCCAT-1;G2_63_CGGCACATCCATATGG-1;G2_63_CGGTTAATCAAGCAAA-1;G2_63_CGTACTTTCCCTGCAC-1;G2_63_CGTAGTGGTCGCCCGT-1;G2_63_CTAAGTCCAAGTGTCT-1;G2_63_CTAATCCTCAGCCCCT-1;G2_63_CTAATTCGTGCTATCC-1;G2_63_CTAGGGCGTAGGGAGT-1;G2_63_CTAGTTGAGAGTGGGC-1;G2_63_CTATCGAAGCATGTTG-1;G2_63_CTATGGTCAACTGAGA-1;G2_63_CTATGTCTCGTTACTC-1;G2_63_CTATTGTGTAAATTCG-1;G2_63_CTCACCCAGCACTTAG-1;G2_63_CTCACTCCAGTCGCAC-1;G2_63_CTCATAGAGCAGTAGG-1;G2_63_CTCGCTGGTAAGGTAG-1;G2_63_CTGACATCAAGCAAGC-1;G2_63_CTGACGCCAGGTTCAT-1;G2_63_CTGCTCTCAACAGGAC-1;G2_63_CTGGGCATCAAGCTCA-1;G2_63_CTGGGTGTCAGGTGTC-1;G2_63_CTGTGCGAGCGTCATA-1;G2_63_CTGTTACTCCATATGG-1;G2_63_CTTAATTTCGCTCTAT-1;G2_63_CTTAGTACAGCTGTAT-1;G2_63_CTTCGCATCAGACACC-1;G2_63_CTTCTATCACTTCTAT-1;G2_63_CTTGAATAGGGGATAT-1;G2_63_CTTGATGAGACTGCCG-1;G2_63_GCAGGCACAATTGACC-1;G2_63_GCAGGCACAGCGTATT-1;G2_63_GCAGTAACACTTCATT-1;G2_63_GCATAGTGTCTGTTAT-1;G2_63_GCATCAATCAATGCGC-1;G2_63_GCATGAACAAGACGTA-1;G2_63_GCATTTACAATTACCA-1;G2_63_GCCCGAGGTCTAATCT-1;G2_63_GCCCTATGTCCGTAAG-1;G2_63_GCCTTTCCACACAACT-1;G2_63_GCGATAACAGCATCCA-1;G2_63_GCGATGCGTATTACCT-1;G2_63_GCGATGCGTGCTAGGC-1;G2_63_GCGGATTTCACGGGTT-1;G2_63_GCGGTAGCAAGAGACC-1;G2_63_GCGTTACAGCGGTTTA-1;G2_63_GCTAAATTCACTCTCG-1;G2_63_GCTAGAACAACCAAGA-1;G2_63_GCTAGATGTACGTCTC-1;G2_63_GCTAGCCCACAATTCA-1;G2_63_GCTATCCGTATGAAGG-1;G2_63_GCTGTAATCACTGTCT-1;G2_63_GCTTCTGTCGTTCGCC-1;G2_63_GGAAGGACAATGGTAG-1;G2_63_GGAAGGACACTATTCT-1;G2_63_GGACATGAGAATACAG-1;G2_63_GGATATCGTGTCGGCG-1;G2_63_GGATCACTCATTGTCC-1;G2_63_GGATTGCTCCTACGCC-1;G2_63_GGCCTCTTCGTGCATA-1;G2_63_GGCTAGAAGGTGCTAC-1;G2_63_GGCTTAGGTCTTAGCC-1;G2_63_GGCTTCCTCCCTCTAG-1;G2_63_GGCTTGAGTCGAGTGC-1;G2_63_GGCTTTCGTAGGCATT-1;G2_63_GGCTTTCGTGCTAGGC-1;G2_63_GGGTATCTCGTAGATT-1;G2_63_GGGTTCAGTATCATCT-1;G2_63_GGTAAAGGTAACTTCT-1;G2_63_GGTAGGCAGCCTGTAA-1;G2_63_GGTATCCAGGTACGTC-1;G2_63_GGTATTGTCGCGTGTG-1;G2_63_GGTGTATGTGTCTTCA-1;G2_63_GGTTGGGCAACGTGCC-1;G2_63_GTAAAGTCAAACCGGG-1;G2_63_GTAACCTCACACATAC-1;G2_63_GTAACGTGTAAGGTAG-1;G2_63_GTAAGTCGTCTACGCT-1;G2_63_GTAATCGTCCATCTAC-1;G2_63_GTACGGGCAATCATCA-1;G2_63_GTAGCAGAGACCCTAA-1;G2_63_GTATATCAGGCGTGTT-1;G2_63_GTATGTCCAGGAAGCT-1;G2_63_GTATTGGTCAGACTCA-1;G2_63_GTATTGTAGCACTACA-1;G2_63_GTCCATGCAAGTACTC-1;G2_63_GTCGCTTGTCCATTCA-1;G2_63_GTCGTAATCATCCGCC-1;G2_63_GTCGTACAGAGGAGCC-1;G2_63_GTCTAGCAGAAGGCGC-1;G2_63_GTCTCCGGTACGGTGC-1;G2_63_GTCTTAACAACATTAT-1;G2_63_GTCTTCAGTCATCAGG-1;G2_63_GTGTTATAGCCAAATT-1;G2_63_GTTAGGCTCCAATGCA-1;G2_63_GTTCAGCAGGGCTCAT-1;G2_63_GTTCATCTCCCTACGC-1;G2_63_GTTCATGAGATAATCC-1;G2_63_GTTCGCCTCCTGTATC-1;G2_63_GTTGCCGAGCATGTTG-1;G2_63_GTTGTCCGTACGGTGC-1;G2_63_GTTGTGCAGGGGCTTT-1",276,"A_最高优先（显著扩增）","Ready","Single"
"G2_73","CALSRGSALGRLHF_CASSNTGGNERLFF","TRAV6-5","TRBV17","CALSRGSALGRLHF","CASSNTGGNERLFF","TRAJ18","TRBJ1-4",147,"GDSVTQTEGPVTLSEGTSLTVNCSYE","TKQYPT","LFWYVQYPGEGPQLLFK","VPKANEK","GSSRGFEATYNKEATSFHLQKASVQESDSAVYY","GAGTQLIVIP","DTTVKQNPRYKLARVGKPVNLICSQT","MNHDT","MYWYQKKPNQAPKLLLF","YYDKIL","NREADTFEKFQSSRPNNSFCSLYIGSAGLEYSAMYL","GHGTKLSVL","G2_73_AAATCTATCGTGCAGT-1;G2_73_AACGGCTTCCTAGTTC-1;G2_73_AACTCGGGTAACGCCA-1;G2_73_AACTTGTAGATATACC-1;G2_73_AAGGGTTAGAAGGCTG-1;G2_73_AAGTAGGGTCCTTGTA-1;G2_73_ACACTCGCAGCGTGTC-1;G2_73_ACAGCGAAGGTAGAAC-1;G2_73_ACATGTGTCAAGGTAA-1;G2_73_ACCATGCAGGCTTACA-1;G2_73_ACCCCAACAGCATCAT-1;G2_73_ACCCCGTTCGCGGAAA-1;G2_73_ACCCTGCTCATCGGGT-1;G2_73_ACCTAACCAAGTCGCC-1;G2_73_ACGAAGTAGGTCACGT-1;G2_73_ACGCAACTCCTATTGC-1;G2_73_ACGCACCCAGGGTGCA-1;G2_73_ACGCGAAAGGGCATGA-1;G2_73_ACGGGTCGTAGTCCGA-1;G2_73_ACGTAAGCAGCTAGAA-1;G2_73_ACGTATGTCCAGCCCT-1;G2_73_ACTCCCGGTCATAAGC-1;G2_73_ACTCGCCTCGCCATGG-1;G2_73_ACTGCGTAGACGCCAT-1;G2_73_ACTGGAACAAAGTACG-1;G2_73_ACTGTCGCAAAAGCGC-1;G2_73_ACTTGGGGTCTGTTGC-1;G2_73_ACTTTAGCACGCAACC-1;G2_73_AGAATCAAGCCAAAGG-1;G2_73_AGCAGCAAGCAATTAC-1;G2_73_AGCAGTCTCACGGTGT-1;G2_73_AGCGTAACAGGGTTAA-1;G2_73_AGGCCAAAGGTTGTAT-1;G2_73_AGGCCCGGTATGCCTC-1;G2_73_AGGGACTCAAGCTGGG-1;G2_73_AGGGTTCTCGGTCCCT-1;G2_73_AGTCATGTCGGTTCCC-1;G2_73_AGTCCAGGTATGATGC-1;G2_73_AGTCCATCAAGAGACC-1;G2_73_AGTCGGCGTGGCTAGC-1;G2_73_AGTGGGCAGCATAGGG-1;G2_73_ATAAGTCTCAAGCCGT-1;G2_73_ATAAGTCTCATCCGCC-1;G2_73_ATAGCGGAGCAGCCCA-1;G2_73_ATGGCGAAGGCATGGA-1;G2_73_ATGGGACCACGACCTA-1;G2_73_ATGGTTGTCCATATGG-1;G2_73_ATGTAACTCCGACGCA-1;G2_73_ATTCAAATCATCACTC-1;G2_73_ATTGTGTAGCACTCCC-1;G2_73_CAAAGCTGTGGGGCTT-1;G2_73_CAAAGGTAGGCGTGAA-1;G2_73_CAAGCGTTCCAATTCC-1;G2_73_CAAGGCGCACTAGGAA-1;G2_73_CAATGTTAGCGGCCTA-1;G2_73_CAATTACAGATAGGGT-1;G2_73_CACAACTCAGTGGCGA-1;G2_73_CACGCGGGTCCTAGTC-1;G2_73_CAGCTCACACGCAGTC-1;G2_73_CAGGATTGTGCCTGGG-1;G2_73_CAGGCGTGTATGCAGT-1;G2_73_CAGGTAACAAACTCCG-1;G2_73_CAGTAGGAGGCTTGTA-1;G2_73_CAGTGCCCAAGCAGTA-1;G2_73_CATCGGCCAACACGCC-1;G2_73_CATCTATGTAAACGCT-1;G2_73_CATGTCCGTGGGGATG-1;G2_73_CATTCCAGTAGCGGTC-1;G2_73_CATTTGGAGCGGATTC-1;G2_73_CCAAACCAGCAAGATA-1;G2_73_CCACACCTCCGTCTAT-1;G2_73_CCAGACCCAGGACCTC-1;G2_73_CCAGTAGGTATCCAGG-1;G2_73_CCATTCGTCACTCTGT-1;G2_73_CCCATGTGTGGAACTT-1;G2_73_CCCATTGTCATAGTAC-1;G2_73_CCGAATATCATGGTGC-1;G2_73_CCGACAAGTGTCACGA-1;G2_73_CCGTGATAGGCACAAG-1;G2_73_CCTACGACAAAGGCCG-1;G2_73_CCTACGCTCGTCGTAA-1;G2_73_CCTCTTACACGTCAGC-1;G2_73_CCTTATGGTAGTATTG-1;G2_73_CCTTGAGCACACAGCC-1;G2_73_CGAATCATCATAGGGG-1;G2_73_CGAATTGTCGTCCGCT-1;G2_73_CGATAGACAGCAACCC-1;G2_73_CGATGGTTCCTCTAAC-1;G2_73_CGCTTTAGTACGGTGC-1;G2_73_CGCTTTAGTAGGACCC-1;G2_73_CGGACATTCCATTCTA-1;G2_73_CGGTATTCAAGCGGCA-1;G2_73_CGGTGCTCAAATCCGT-1;G2_73_CGGTGTTAGGTCTATG-1;G2_73_CGTACCTGTCAATTCT-1;G2_73_CGTAGCCCAGCAGCGA-1;G2_73_CGTGTTCGTAGCTGGC-1;G2_73_CGTTAGCAGCTTGTGA-1;G2_73_CGTTGCTGTCTGTTGC-1;G2_73_CTAAATTCAATCACGT-1;G2_73_CTCCGGCGTGTCGGGT-1;G2_73_CTCCTACCAATACCCG-1;G2_73_CTCCTTACAGTGAAAT-1;G2_73_CTCGCTGGTGTAAGTC-1;G2_73_CTCTCCAAGACTTGTG-1;G2_73_CTGACTCGTCGCTTCG-1;G2_73_CTGGGTTAGGTGCCAT-1;G2_73_CTGTACGCACTCGACA-1;G2_73_CTTAGCAAGCTAATAC-1;G2_73_CTTGGGTAGAGAGAGA-1;G2_73_CTTGGTCGTAGCGTCA-1;G2_73_GCATTACCAACCTAGT-1;G2_73_GCATTCAAGATAAGCA-1;G2_73_GCCTCTGGTGCATTGG-1;G2_73_GCGCCTCGTAATGGGA-1;G2_73_GCGTCCAAGATGGGTG-1;G2_73_GCTTAAGTCCGTCTAT-1;G2_73_GCTTGGAGTATGTTCT-1;G2_73_GGACATCTCGTCCTGC-1;G2_73_GGAGCCACACAGGTAA-1;G2_73_GGAGTTGAGACCCCAG-1;G2_73_GGATGGGGTCAGGGTC-1;G2_73_GGCGAGTAGGCTTATG-1;G2_73_GGCGCAACAACTTACA-1;G2_73_GGCTCCCGTCGTTCGT-1;G2_73_GGCTCCTTCCATATCC-1;G2_73_GGGTATACAATGCGAA-1;G2_73_GGGTTCGTCAGTTAGT-1;G2_73_GGTAAGCCACCTAGCA-1;G2_73_GGTACAACAGCGTGCT-1;G2_73_GGTACGAAGCAATGTT-1;G2_73_GGTATTAGTGTTCTCA-1;G2_73_GTACGGGCAAGCAGTA-1;G2_73_GTAGGCTTCCCTGTCA-1;G2_73_GTAGGTCTCCTCCGAC-1;G2_73_GTAGGTGAGATAATCC-1;G2_73_GTCACGAGTATGCCAG-1;G2_73_GTCCATAAGGGAGTAT-1;G2_73_GTCGCCAAGCTATAGT-1;G2_73_GTCTATACACGTCAGC-1;G2_73_GTCTGCACAACGGGAT-1;G2_73_GTCTGCACAAGGTTTC-1;G2_73_GTGCCGGGTCTGACTC-1;G2_73_GTGTAGTGTCTTCTAG-1;G2_73_GTTGATCCAAGGTAAT-1;G2_73_GTTGATCCACCACTAG-1;G2_73_GTTGGAGAGCCGCCAA-1",147,"A_最高优先（显著扩增）","Ready","Single"
"G2_79","CAASASNTGYQNFYF_CASGPRDRGRAEQFF","TRAV7D-4","TRBV12-2+TRBV13-2","CAASASNTGYQNFYF","CASGPRDRGRAEQFF","TRAJ49","TRBJ2-1",117,"QQKVQQSPESLSVPEGGMASLNCTSS","DRNFQY","FWWYRQHSGEGPKALMS","IFSDGD","KKEGRFTAHLNKASLHVSLHIRDSQPSDSALYF","GKGTSLTVIP","EAAVTQSPRNKVAVTGGKVTLSCNQT","NNHNN","MYWYRQDTGHGLRLIHY","SYGAGS","TEKGDIPDGYKASRPSQENFSLILELATPSQTSVYF","GPGTRLTVL","G2_79_AAACGGAGTATCCGGA-1;G2_79_AAATCTATCCAGCCTC-1;G2_79_AAATGGTCAGCTATCG-1;G2_79_AACACTCCAAGGACAC-1;G2_79_AACAGCCTCCACCGCT-1;G2_79_AACTCCTTCCGCCCAT-1;G2_79_AAGGAATGTAGTTAGC-1;G2_79_AAGTCTAGTATGGAGA-1;G2_79_AATCTAGGTCGAGGAG-1;G2_79_AATCTGGTCGCATCGG-1;G2_79_AATGCAAAGGTGATTT-1;G2_79_AATTTCCGTGTTCTAT-1;G2_79_AATTTGCAGAACGATA-1;G2_79_ACAAGCCTCCCACCGT-1;G2_79_ACACAAGCAAATTCGC-1;G2_79_ACACTTCTCCATTGCT-1;G2_79_ACATCTCTCACCAAGC-1;G2_79_ACATGGGAGATGTATC-1;G2_79_ACCACGAGTCTTCTCT-1;G2_79_ACCTCCGGTATGAGGA-1;G2_79_ACCTCTCCAATGCGGG-1;G2_79_ACGTCCGAGACAATGA-1;G2_79_ACTCCCGGTACGTGAT-1;G2_79_ACTGGCGTCACAACTG-1;G2_79_ACTTTCCAGGGGATCA-1;G2_79_AGTATAGAGAGCTTAT-1;G2_79_ATACCCGCAAGCGTTT-1;G2_79_ATACGCATCCCGGGTA-1;G2_79_ATATCAGGTACTCGAG-1;G2_79_ATATCCTGTCACTTAT-1;G2_79_ATATCCTGTGCTATCC-1;G2_79_ATCATCCTCCTTAACC-1;G2_79_ATCCCATTCGGCCCTT-1;G2_79_ATCTCCGTCAGTCATG-1;G2_79_ATGACCTCAAGCATTC-1;G2_79_ATGAGCTGTACGAAAG-1;G2_79_ATGAGGTAGAAACGTA-1;G2_79_ATGCAGCTCGTCTCCA-1;G2_79_ATGGGCCGTCATACCC-1;G2_79_ATTAAAGCAGCGGACA-1;G2_79_ATTAATGTCACCCAAA-1;G2_79_ATTGTAATCACGGTGT-1;G2_79_CAAAGCTGTCCGTTGT-1;G2_79_CAATTGGTCATGCAGC-1;G2_79_CACCGCCGTAAGTGCT-1;G2_79_CACCGTTGTAGACGTT-1;G2_79_CACGAGTTCGTAACGC-1;G2_79_CATACATAGGGGTTTC-1;G2_79_CATAGCGGTATCCTAT-1;G2_79_CATATCCTCCTGTCAT-1;G2_79_CATGCCACAGCCCATA-1;G2_79_CATTCCCCACTATTCT-1;G2_79_CCAAATTAGAACGGCA-1;G2_79_CCACCAACACTGACAT-1;G2_79_CCACTTGTCGTAGTTG-1;G2_79_CCAGTGCCACCCTAAG-1;G2_79_CCATTACTCCGGCATG-1;G2_79_CCCATGTGTAGAGGGT-1;G2_79_CCCTTATAGCGTTGCG-1;G2_79_CCCTTGGGTCTATGTT-1;G2_79_CCGAATTCAACTGAAG-1;G2_79_CCGCAGTCACAAGCGG-1;G2_79_CCGTCAACAAACGGCG-1;G2_79_CCTCATTAGCCTGATA-1;G2_79_CCTCATTAGCTAGGAG-1;G2_79_CCTGCGCGTGGCGGTT-1;G2_79_CCTTGCGGTAACGTCG-1;G2_79_CGAGTAACAAGGTTAG-1;G2_79_CGATAATTCACTCCAT-1;G2_79_CGATGAGAGCCAAGCT-1;G2_79_CGCGATTAGCTACACA-1;G2_79_CGCTATAAGCACTATG-1;G2_79_CGCTGGGGTCATCTAT-1;G2_79_CGGAAACCAACACGAA-1;G2_79_CGGTATGGTCCTTTGA-1;G2_79_CGGTCATAGGGTTGTC-1;G2_79_CGGTCGTCAACTCATA-1;G2_79_CGTACTTTCGGTGCAT-1;G2_79_CGTGGTTAGACATATC-1;G2_79_CGTTCAAAGCACCAAC-1;G2_79_CTACTGAAGCATATGT-1;G2_79_CTAGCTTTCGGATCCG-1;G2_79_CTATGGCAGAATGGTA-1;G2_79_CTCAGTAAGAATTCCG-1;G2_79_CTGGAGGCAAGAGGGA-1;G2_79_CTGTACGCAAACTCCG-1;G2_79_CTGTGAGGTCTAGCAG-1;G2_79_CTTAACCTCCGACGCA-1;G2_79_CTTATAGCAACGAACA-1;G2_79_CTTGTACTCCGTATAG-1;G2_79_GCAGTACTCACAATCG-1;G2_79_GCCTGCAAGAATTGAG-1;G2_79_GCGCTCCGTGGTAGTT-1;G2_79_GCGGTCTCACTAAGTC-1;G2_79_GCTAGTGGTCCCTCTC-1;G2_79_GCTATAAGTGCGAATT-1;G2_79_GCTCGATAGATGTTCG-1;G2_79_GCTTGTCGTCCAGATG-1;G2_79_GCTTTACTCCGGTTAA-1;G2_79_GGACACTTCATGGTGC-1;G2_79_GGGATAAGTAGCCCTT-1;G2_79_GGGCTATTCAACGCAC-1;G2_79_GGTCTAGGTGCCTTGT-1;G2_79_GGTGCATTCGGTCCTC-1;G2_79_GGTGGAGGTGGCATTG-1;G2_79_GTAAATGAGATCTCGA-1;G2_79_GTAACGTGTCGCGTAA-1;G2_79_GTCGGCGGTGGGGTTC-1;G2_79_GTCTAGCAGCGTGAGA-1;G2_79_GTGCATATCAACTGCA-1;G2_79_GTGCTCCTCACATCAG-1;G2_79_GTGCTGTAGCTGACCG-1;G2_79_GTGGTCAGTAACTTCT-1;G2_79_GTGTAATTCGCAACGT-1;G2_79_GTTGCAGGTCTGGATG-1;G2_79_GTTGGCGTCAAGGTAA-1;G2_79_GTTGTAAGTCAGGATT-1",117,"A_最高优先（显著扩增）","Ready","Multi_Allele"
"G2_79","CVLGITGNTRKLIF_CTCSADGQGNTGQLYF","TRAV6-1","TRBV1","CVLGITGNTRKLIF","CTCSADGQGNTGQLYF","TRAJ37","TRBJ2-2",86,"GDSVTQMQGQVTLSEDDFLFINCTYS","TTWYPT","LFWYVQYPGEGPQLLLK","VTTANNK","GISRGFEATYDKRTTSFHLQKASVQESDSAVYY","GLGTTLQVQP","VTLLEQNPRWRLVPRGQAVNLRCILK","NSQYPW","MSWYQQDLQKQLQWLFT","LRSPGD","KEVKSLPGADYLATRVTDTELRLQVANMSQGRTLY","GEGSKLTVL","G2_79_AACTCTACAGCGACAG-1;G2_79_AAGCCAACAGCATCCA-1;G2_79_AAGGTCTGTGTCCGCC-1;G2_79_AAGTCCGGTAGTTATG-1;G2_79_AATTCCTGTCGATTCC-1;G2_79_ACATGTGTCGCGTTAA-1;G2_79_ACCACGTAGCGTTATG-1;G2_79_ACCACTTTCGTATTGG-1;G2_79_ACCCCGAAGGTCGACT-1;G2_79_ACCTTCGTCCTCCATG-1;G2_79_ACGCGAAAGGCTTCAA-1;G2_79_ACGTCAATCCATAAGT-1;G2_79_ACTAACCCAGGCACTC-1;G2_79_ACTTACACAATTATCG-1;G2_79_AGAGGTCCAGCCCATA-1;G2_79_AGCGATACACATCACG-1;G2_79_AGCGTACTCGGCGTAT-1;G2_79_AGCTTAGTCCCATCTG-1;G2_79_AGGTTCATCCTGTACT-1;G2_79_AGTCGCAGTGTTAGCG-1;G2_79_ATAAGTCTCACGTATG-1;G2_79_ATACAGCGTAAGTTGC-1;G2_79_ATAGGGCCAAGTATAA-1;G2_79_ATATCCTGTAGGAATG-1;G2_79_ATCCTGCGTCATCATT-1;G2_79_ATCTTAGCACCTCTTA-1;G2_79_ATGGCGCGTGGCTTAG-1;G2_79_ATTATGGGTGGCGATC-1;G2_79_CAACAGGAGCATTAGT-1;G2_79_CAAGCCTAGATCTTGG-1;G2_79_CAATACCCACCTCATC-1;G2_79_CACGCTTGTACTACAA-1;G2_79_CAGTTTACAAACCCAT-1;G2_79_CCAACCCTCGCGGAAA-1;G2_79_CCAACCGAGAGTATTC-1;G2_79_CCAACTCGTCTACTGC-1;G2_79_CCAAGGGCACAACATC-1;G2_79_CCACACACACTCTAGG-1;G2_79_CCACATTTCCATCGCC-1;G2_79_CCACTAGCACATCAGT-1;G2_79_CCAGTGAGTAACGTCG-1;G2_79_CCATCGCTCATATTAG-1;G2_79_CCCTCTCGTCAACCCT-1;G2_79_CCGTAAGGTACTTGCC-1;G2_79_CCTAAACCAGCCAACC-1;G2_79_CCTAAAGTCGGTGGTT-1;G2_79_CCTAACTTCCCACCTA-1;G2_79_CCTAGAGGTAACATTG-1;G2_79_CCTGCAACAACGTAAG-1;G2_79_CCTGCACTCAAGGGGC-1;G2_79_CCTTTAGGTAAGGCCC-1;G2_79_CGATAGCTCCCACCTA-1;G2_79_CGCAATATCCTATCAC-1;G2_79_CGCAGTCCAGTTAGTC-1;G2_79_CGCTTCGGTAGGTTTA-1;G2_79_CGCTTGTGTCTGTTGC-1;G2_79_CGGACCATCGTCAAGC-1;G2_79_CGGGTTAGTCGAAGCC-1;G2_79_CTAACTTGTCTCGCTG-1;G2_79_CTAAGCTCAGGCGTAG-1;G2_79_CTCCAGCTCACATAAC-1;G2_79_CTCGATCGTCAGCAAT-1;G2_79_CTGCAAGGTCTGGCTT-1;G2_79_CTGTTCGTCCGATCGG-1;G2_79_CTTGACGCAAACCTAC-1;G2_79_GCAAGGCAGGTCATCA-1;G2_79_GCCTGCTTCAAGCATT-1;G2_79_GCGACCTCAAGCGCTC-1;G2_79_GCGCATGTCGCTTTAC-1;G2_79_GCGGACACAAGGAGGA-1;G2_79_GCGTTACAGGCCATCG-1;G2_79_GCTGAGTTCATCCCCA-1;G2_79_GCTGTCTGTAAGGGTA-1;G2_79_GGAACCGCAAGCAAAT-1;G2_79_GGACGACAGCTCATGA-1;G2_79_GGCGATCGTATGAGAG-1;G2_79_GGCTAATGTGGAACGG-1;G2_79_GGGACTCGTCCGAATG-1;G2_79_GGGTCTCCAACGTCCA-1;G2_79_GGTAAGTAGCCACTTT-1;G2_79_GTAAAGGGTGTTAATG-1;G2_79_GTACTTCTCAGTGGCT-1;G2_79_GTCGAACTCAGCTGTA-1;G2_79_GTCTTACTCATCAGGC-1;G2_79_GTGCTAATCATTGCTC-1;G2_79_GTTAACCCAACTTAGC-1",86,"A_最高优先（显著扩增）","Ready","Single"
"G2_73","CAVRDLGGSNAKLTF_CGAREWDTSNERLFF","TRAV1","TRBV20","CAVRDLGGSNAKLTF","CGAREWDTSNERLFF","TRAJ42","TRBJ1-4",84,"GQGVEQPDNLMSVEGTFARVNCTYS","TSGFNG","LSWYQQREGHAPVFLSY","VVLDGL","KDSGHFSTFLSRSNGYSYLLLTELQIKDSASYL","GKGTKLSVKS","GALVYQYPRRTICKSGTSMRMECQAV","GFQATS","VAWYRQSPQKTFELIAL","STVNSAI","KYEQNFTQEKFPISHPNLSFSSMTVLNAYLEDRGLYL","GHGTKLSVL","G2_73_AAACCGTGTCGTTAAA-1;G2_73_AACCAGACAAGCCGAG-1;G2_73_AACGAAATCCAATAGT-1;G2_73_AACTGCGGTCTCATTG-1;G2_73_AAGCATCGTCTACGGA-1;G2_73_AAGGGACGTCTACAGG-1;G2_73_AAGTAGGGTCCTAATT-1;G2_73_AATCGGACAACGTTAC-1;G2_73_AATTCCTGTGTCCCCA-1;G2_73_ACCCACGAGGCGAAGC-1;G2_73_ACCCATTTCAGTTATA-1;G2_73_ACCTCCGGTACTTCGC-1;G2_73_ACGAACACAGGGTATA-1;G2_73_ACTGAAGCAAGCTTAC-1;G2_73_ACTGAGACAACCCATG-1;G2_73_ACTGTTGAGCATGCAC-1;G2_73_ACTTTCCAGCTATGGC-1;G2_73_AGCATGGAGAACACCC-1;G2_73_AGCGGCACAATGGGCG-1;G2_73_AGGAATTCAGGAAAGG-1;G2_73_AGGATTAAGCAATGGG-1;G2_73_AGGCGTAAGCGATTAT-1;G2_73_AGGGCATCAGCGTGTC-1;G2_73_AGGTAACAGCAAAGTA-1;G2_73_AGGTATAAGATCGACC-1;G2_73_ATAAGCTTCCCATTAC-1;G2_73_ATACAGAAGCTCGAGT-1;G2_73_ATCCCCGGTCAATATG-1;G2_73_ATCGATTAGATGTGAA-1;G2_73_ATCTTCATCCCTACGC-1;G2_73_ATGAAGGGTGGCTGTA-1;G2_73_ATGTTCTGTAAGGCCC-1;G2_73_ATTCAAATCCACCTAT-1;G2_73_CAAACCCAGGCGTCAT-1;G2_73_CAAGGGTCACGTCTAG-1;G2_73_CAATACCCACGATAAG-1;G2_73_CAATATATCGTATTAA-1;G2_73_CATCATCTCAGGCACT-1;G2_73_CATCATTGTGCACGTA-1;G2_73_CATTCACTCGCTCGCT-1;G2_73_CATTGGTCACTCCACT-1;G2_73_CCAAGCTAGACCTTTC-1;G2_73_CCAGAGGCAACGTGCC-1;G2_73_CCAGCCCGTCTTGGTC-1;G2_73_CCAGGGACAGGATAGC-1;G2_73_CCAGTAGGTAGTCTCC-1;G2_73_CCATCATTCCCTTCGA-1;G2_73_CCATTCAGTCTATTGT-1;G2_73_CCGCATACACTCGTTC-1;G2_73_CCGTGTCTCCTAAACG-1;G2_73_CCTATACTCCAAACCA-1;G2_73_CCTCGTCAGCGCGTCA-1;G2_73_CGCAAATGTGTGCAAT-1;G2_73_CGGGTCTCACTTAACA-1;G2_73_CGTCTTAGTATGGGTT-1;G2_73_CTAAGGGAGCGATTTG-1;G2_73_CTACATACAATCGTAC-1;G2_73_CTATAACAGACTGCCG-1;G2_73_CTGCTATTCCGGGCTA-1;G2_73_CTGTCTAGTCCAAGAT-1;G2_73_CTGTGAGGTGGATGTT-1;G2_73_GCACCTACAACTCACG-1;G2_73_GCACTCTGTCTGGAAT-1;G2_73_GCCATAGGTCATCATT-1;G2_73_GCGCATCCAATGGTCT-1;G2_73_GCGTATATCGTCACCC-1;G2_73_GCTAACATCACAGATT-1;G2_73_GCTACCACAATAGTAA-1;G2_73_GCTACTTTCCACCAAA-1;G2_73_GCTCCTGGTACACTCC-1;G2_73_GCTTAGTCACGCGAAG-1;G2_73_GGACCGACAACGAAGC-1;G2_73_GGATGGGGTGCTTCTA-1;G2_73_GGATGTTGTAAGCATC-1;G2_73_GGCCTTACAACTTAAT-1;G2_73_GGGATTGAGCAAACGG-1;G2_73_GGGCAATCAGCTAGAA-1;G2_73_GGGCTTGTCCTCCGGT-1;G2_73_GTAGGTCTCCATCTAC-1;G2_73_GTCTGAGGTGGAGCGA-1;G2_73_GTGAAAGGTACTACGG-1;G2_73_GTGTATGTCCCTTCCT-1;G2_73_GTGTTGATCAGAAGTA-1;G2_73_GTTAGAGCAATACGCT-1",84,"A_最高优先（显著扩增）","Ready","Single"
"G2_63","CAASPTGNYKYVF_CASSDRDTQYF","TRAV10D","TRBV5","CAASPTGNYKYVF","CASSDRDTQYF","TRAJ40","TRBJ2-5",81,"GEKVEQHESTLSVREGDSAVINCTYT","DTASSY","FPWYKQEAGKGLHFVID","IRSNVDR","KQSQRLIVLLDKKAKRFSLHITATQPEDSAIYF","GAGTRLKVIA","NTKITQSPRYLILGRANKSLECEQH","LGHNA","MYWYKQSAEKPPELMFL","YNLKQL","IRNETVPSRFIPECPDSSKLLLHISAVDPEDSAVYF","GPGTRLLVL","G2_63_AAAGCCGAGAGGTTGG-1;G2_63_AAAGGAGAGCGGTCCA-1;G2_63_AACCATTAGCAAACTT-1;G2_63_AAGCGGCAGGCTCGTG-1;G2_63_AATACGAAGGCATAGG-1;G2_63_AATGGAGGTATCAATG-1;G2_63_AATTTCCGTATAGTCA-1;G2_63_ACACTTACAACCAACT-1;G2_63_ACCCGCTTCGGGCTCA-1;G2_63_ACCTATGAGCTATAAC-1;G2_63_ACGAACACACTCACCT-1;G2_63_ACGCAACTCCGGCACA-1;G2_63_ACGTCACAGGTAAGAC-1;G2_63_ACTTCGCGTACTATTC-1;G2_63_AGCCCCAAGGTCGGTT-1;G2_63_AGCTATCCACGAATCT-1;G2_63_AGGACACCAAGTGGCG-1;G2_63_AGGACACCACTCAATA-1;G2_63_AGGACTACAACGAAGC-1;G2_63_AGGCCCATCATGTAAC-1;G2_63_AGGGATTAGGTTCTAG-1;G2_63_AGTCCCGAGAGGACCA-1;G2_63_ATACGCATCCCACGCT-1;G2_63_ATGAGCTGTGCCATAG-1;G2_63_ATGCGAGAGCGTCATA-1;G2_63_ATGTATTCAGTTCACG-1;G2_63_ATGTCCTTCGCGAGTT-1;G2_63_ATTCATGCACCTCTAC-1;G2_63_ATTCTAGCAGGTGCGA-1;G2_63_CAACGTCAGATCGACC-1;G2_63_CAAGGCCGTCTGCATC-1;G2_63_CACGTCGAGACAACCC-1;G2_63_CACTTAGAGAGCCGTT-1;G2_63_CAGGTATGTGGAGCTC-1;G2_63_CAGTCAGGTCCATTCA-1;G2_63_CATAGAGCAGTACGCC-1;G2_63_CCCTTCGCACTAAGGA-1;G2_63_CCTACGCTCCGGGTTG-1;G2_63_CCTCGTCAGAACGCGA-1;G2_63_CGATGGAAGCCTGATA-1;G2_63_CGTCGTACAAGAGACC-1;G2_63_CGTCTAAAGCTATGGC-1;G2_63_CTAGAAGCAGCGGGTA-1;G2_63_CTAGCGTAGCTATCAG-1;G2_63_CTCCAATTCATAATTG-1;G2_63_CTCCATCCACAACGAA-1;G2_63_CTCCGACTCCCAGCTC-1;G2_63_CTCGAAGGTACCTAGG-1;G2_63_CTGACAATCCAGCCCT-1;G2_63_CTGACTCGTAGGTTTA-1;G2_63_CTGCAACAGACGAGGC-1;G2_63_CTGCGATAGCTAAATC-1;G2_63_CTGGCTCTCACGAGCT-1;G2_63_GCAATTTAGCCTTCAT-1;G2_63_GCACTAATCGCTCTCA-1;G2_63_GCAGTCAGTCGCGTCC-1;G2_63_GCGGACACACTTCATT-1;G2_63_GCGGATAAGAATGCCC-1;G2_63_GCGTAGGCACCTAGCA-1;G2_63_GCGTTTCGTCTTCTCT-1;G2_63_GCTAACCAGATGCCCG-1;G2_63_GCTACATCACGTAAAG-1;G2_63_GCTCTAGCACTGGGCT-1;G2_63_GCTGGTTAGAAGCGAT-1;G2_63_GGAAACGTCCTATCAC-1;G2_63_GGACGTAAGGTTATGT-1;G2_63_GGAGCCACACGATTAC-1;G2_63_GGCCTTCTCAAGGGCA-1;G2_63_GGTAGGGGTCTAGGTG-1;G2_63_GTAAGACAGGGAGAGG-1;G2_63_GTACCTTTCAGGGTCT-1;G2_63_GTACGCCCAGCGTGCT-1;G2_63_GTAGACGAGCCTCTTG-1;G2_63_GTCCTATTCCAGCAAC-1;G2_63_GTCGCACCACCAGGCT-1;G2_63_GTGCTCCTCCGGGTTG-1;G2_63_GTGCTCCTCGCGCAAT-1;G2_63_GTGCTGTAGATCGTTG-1;G2_63_GTGTTCGCAAGCTGCC-1;G2_63_GTTCTATGTGGCCTGG-1;G2_63_GTTGATTAGCCTTGCC-1",81,"A_最高优先（显著扩增）","Ready","Single"
"G2_73","CAALLTGNTRKLIF_CGAREWDTSNERLFF","TRAV7D-4","TRBV20","CAALLTGNTRKLIF","CGAREWDTSNERLFF","TRAJ37","TRBJ1-4",78,"QQKVQQSPESLSVPEGGMASLNCTSS","DRNFQY","FWWYRQHSGEGPKALMS","IFSDGD","KKEGRFTAHLNKASLHVSLHIRDSQPSDSALYF","GLGTTLQVQP","GALVYQYPRRTICKSGTSMRMECQAV","GFQATS","VAWYRQSPQKTFELIAL","STVNSAI","KYEQNFTQEKFPISHPNLSFSSMTVLNAYLEDRGLYL","GHGTKLSVL","G2_73_AAGGGCCAGGTCTACA-1;G2_73_ACAGCAGAGCTTGAAT-1;G2_73_ACCCTGCTCCGATAGC-1;G2_73_ACTCCATTCAGCTATG-1;G2_73_ACTGCGTAGCTAAGGG-1;G2_73_ACTTAAGGTATCCTGC-1;G2_73_AGACATTTCCCCAACC-1;G2_73_AGCGTTTCAATTCGAC-1;G2_73_AGGCCCATCCCTGGCT-1;G2_73_AGGGCTTTCCAGTAGC-1;G2_73_AGGGGCAGTCCCAAAG-1;G2_73_AGTAACGCACTGGCAC-1;G2_73_AGTCATGTCAGACTTG-1;G2_73_ATAAGGGGTGTGGTGC-1;G2_73_ATAATTGTCGGTATTG-1;G2_73_ATCCGTTTCCTGACAA-1;G2_73_ATCTCCGTCCTAAGCA-1;G2_73_ATGAGCTGTAATGTCA-1;G2_73_ATTAACATCCGTCGCT-1;G2_73_ATTCACGAGATTACCG-1;G2_73_CAAAGGAGTAACGAAG-1;G2_73_CACAAGACAGCGGACA-1;G2_73_CACCAAATCCCGCTTA-1;G2_73_CACCTTTAGATCGTAT-1;G2_73_CACGGTCCAACCTAAC-1;G2_73_CACTCCATCGCTAAAT-1;G2_73_CAGGTATGTGGTAGCC-1;G2_73_CAGTGCAGTATCCCCG-1;G2_73_CATCTAGAGCGCTCGA-1;G2_73_CATTGCAAGCGAGTAG-1;G2_73_CATTGCTTCATCGGGT-1;G2_73_CCAGAATGTACCTGCT-1;G2_73_CCCAAATCAATGGGGT-1;G2_73_CCCTAATTCGTTAGGC-1;G2_73_CCGTAACAGCACCATA-1;G2_73_CCTATTCAGGCTCAGT-1;G2_73_CCTGATAAGCTAAGGG-1;G2_73_CGATGAGAGCCAGTAC-1;G2_73_CGCCAATAGCGCATAC-1;G2_73_CGCCGTTTCACTGCAA-1;G2_73_CGCTGATAGCCATGGT-1;G2_73_CGCTTGGAGGTCTGTA-1;G2_73_CGGAATCTCGCGGTTG-1;G2_73_CGGCTTACACTGACGC-1;G2_73_CGGCTTACAGTGGTAA-1;G2_73_CGGGGATAGCGAATTT-1;G2_73_CGTAGCTAGCTACATG-1;G2_73_CGTATAAGTCAATCGG-1;G2_73_CGTATAGTCGTCGTAA-1;G2_73_CTACTGAAGCTTGGGT-1;G2_73_CTAGTATAGATGTAGA-1;G2_73_CTATACCTCCCGTCTA-1;G2_73_CTATCAGAGCGTAGCT-1;G2_73_CTATGCTTCACCTTCG-1;G2_73_CTCAGCGAGCGGCCTA-1;G2_73_CTCAGGGTCATTCGTC-1;G2_73_CTGACGTAGATGGTAA-1;G2_73_GCAACCCCACACCTCT-1;G2_73_GCAATTTAGGCAGGGT-1;G2_73_GCCACTCTCCTTAGCT-1;G2_73_GCCCAACCAAGCGATA-1;G2_73_GCCCTACTCGGCAACT-1;G2_73_GCCTTCGGTGGCAAGG-1;G2_73_GCGAAAGTCGGATCCG-1;G2_73_GCGTATTCAATCGACT-1;G2_73_GGCCTTACACCTACTC-1;G2_73_GGCGGATAGGCGTAGA-1;G2_73_GGGCATAAGGCATACC-1;G2_73_GGGCTTTAGGTTCATG-1;G2_73_GGGTATCTCACCTTAC-1;G2_73_GGGTCTAGTGTGTTAA-1;G2_73_GGTCAATGTACGTTGG-1;G2_73_GGTTATGTCATCGGGT-1;G2_73_GTATTCCTCCACTCTG-1;G2_73_GTCTGCACACGGACCT-1;G2_73_GTGAGATAGACACCGT-1;G2_73_GTGCGTAGTAAGGCCC-1;G2_73_GTGGACGCACCTAGCA-1",78,"A_最高优先（显著扩增）","Ready","Single"
"G2_63","CAMRENQGGRALIF_CASSAGTGGERLFF","TRAV6-3","TRBV19","CAMRENQGGRALIF","CASSAGTGGERLFF","TRAJ15","TRBJ1-4",67,"GDSVIQMQGQVTLSENDFLFINCTYS","TTGYPT","LFWYVQYSGEGPQLLLQ","VTTANNK","GSSRGFEATYDKGTTSFHLQKTSVQEIDSAVYY","GTGTTVSVSP","GGIITQTPKFLIGQEGQKLTLKCQQN","FNHDT","MYWYRQDSGKGLRLIYY","SITEND","LQKGDLSEGYDASREKKSSFSLTVTSAQKNEMAVFL","GHGTKLSVL","G2_63_AAACTGCGTAGCAGTT-1;G2_63_AAACTTATCGTTGACA-1;G2_63_AAAGGAGAGGTGCGAA-1;G2_63_ACACAATTCAATTATG-1;G2_63_ACATTCTGTGTGTGCA-1;G2_63_ACCCGTACACGTCAAT-1;G2_63_ACCTTTCAGACATCAT-1;G2_63_ACGGCAAAGAGTATTC-1;G2_63_AGCGGTTTCCTCTGGC-1;G2_63_AGGCCGACAGCAGCCT-1;G2_63_AGGCGGAGTCAAACGT-1;G2_63_AGTTGCCAGAAGGCTG-1;G2_63_ATAGGGCCAAATGCGA-1;G2_63_ATCAGGCTCGCTATCT-1;G2_63_ATGCTACCAGGCATTT-1;G2_63_ATTAAAGCAATTACGC-1;G2_63_CAACAGACAGCGTAGG-1;G2_63_CAAGGGTCAAGGAGGA-1;G2_63_CAATCACCAATCATCA-1;G2_63_CACAATTAGACGACAG-1;G2_63_CAGCAACTCGGCCTTC-1;G2_63_CAGTGGGCAATTCGGT-1;G2_63_CATTGTCTCCTAGCAA-1;G2_63_CCAAGGGCACACAACT-1;G2_63_CCAGAGAAGCGTATAT-1;G2_63_CCCAACACAATAGGCA-1;G2_63_CCGGTTCTCCAGGTGT-1;G2_63_CCTATACTCCTAATCC-1;G2_63_CCTTATGGTCGTCAGA-1;G2_63_CCTTCTACACCCAACA-1;G2_63_CGACTAGGTGGAATCT-1;G2_63_CGATAGCTCCTCCATG-1;G2_63_CGCCACAAGGTAGGTG-1;G2_63_CGGTATATCCTTAGTC-1;G2_63_CGTTATGAGGGGTATG-1;G2_63_CGTTGCTGTCAGTCTC-1;G2_63_CTAATTCGTGGGGTTC-1;G2_63_CTATCGAAGCAAGTAA-1;G2_63_CTCCTCTTCGTAGTTG-1;G2_63_GCACACCCAAACACCT-1;G2_63_GCACTAGGTGTATCGG-1;G2_63_GCAGGGTAGGCGTAGA-1;G2_63_GCGAGTTTCCACGTAA-1;G2_63_GCTCAGTAGAAGCGAT-1;G2_63_GCTCTAGCAACATGCT-1;G2_63_GCTTAGGGTCAAAGGA-1;G2_63_GCTTGACAGCAGGCTT-1;G2_63_GCTTGCTGTATGCGAT-1;G2_63_GGAACTACAAGCAAGC-1;G2_63_GGAGTCTTCCTGGCTC-1;G2_63_GGCATATGTCTGGTCT-1;G2_63_GGCGATTTCAGCTATG-1;G2_63_GGGAGCAGTACTCGAG-1;G2_63_GGGTTCCCAAACATAA-1;G2_63_GGTTAATTCCCCATGC-1;G2_63_GGTTTGGGTGGCGCAT-1;G2_63_GTAGCGTTCCAGGGTT-1;G2_63_GTAGGTGAGGCCATGT-1;G2_63_GTATCTCTCACGCAAC-1;G2_63_GTCAATCCAAAGTAAC-1;G2_63_GTCATTCTCCTGTCGC-1;G2_63_GTCCGTACACTAAGGA-1;G2_63_GTCCGTACAGCCCTAA-1;G2_63_GTCTATACACTACTCC-1;G2_63_GTGGGATCAGCCTGAC-1;G2_63_GTGTATAGTATGTGTA-1;G2_63_GTGTCCTGTGGAATTC-1",67,"A_最高优先（显著扩增）","Ready","Single"
"G2_63","CAGPSSGSWQLIF_CAWSLAGANNNQAPLF","TRAV7-3","TRBV31","CAGPSSGSWQLIF","CAWSLAGANNNQAPLF","TRAJ22","TRBJ1-5",57,"QQNVQQSPESLIVPEGARTSLNCTFS","DSASQY","FWWYRQHSGKAPKALMS","IFSNGE","KEEGRFTIHLNKASLHFSLHIRDSQPSDSALYL","GSGTQLTVMP","AQTIHQWPVAEIKAVGSPLSLGCTIK","GKSSPN","LYWYWQATGGTLQQLFY","SITVG","QVESVVQLNLSASRPKDDQFILSTEKLLLSHSGFYL","GEGTRLSVL","G2_63_AAACTACTCGGTTCAA-1;G2_63_AACAGACAGGGGTGTA-1;G2_63_AACGACGAGAGCCTGT-1;G2_63_AACGACGAGCTTAGCA-1;G2_63_AACTCCGCAAGCTGGG-1;G2_63_AACTGCGGTGTTCAGG-1;G2_63_AAGCCGCGTCCATATT-1;G2_63_AAGCCGTTCAACCTCT-1;G2_63_AAGTGAGGTGGTCAGC-1;G2_63_AATGACGCACCTCATC-1;G2_63_ACAGCCCCAATGTATT-1;G2_63_ACATCATAGACCTACA-1;G2_63_ACCCTTAGTGGTAGGG-1;G2_63_ACGACTATCCCTGCTA-1;G2_63_ACGGATTGTATAGCGT-1;G2_63_ACGTCGGTCAACGAAA-1;G2_63_ACTAACCCAGGTACAA-1;G2_63_ACTCGATCAGCACACC-1;G2_63_AGGACCCGTGGTGCCG-1;G2_63_AGGAGCCAGGGAATCG-1;G2_63_AGGAGGTGTCGTGAGC-1;G2_63_AGTATCCCAGCGACAG-1;G2_63_ATCTTAGCAGGAGTTA-1;G2_63_ATTGACCCACCAAGGG-1;G2_63_ATTGGGTGTAATGGCT-1;G2_63_ATTGTAATCCTTAGTC-1;G2_63_CAAACGGAGCAATTAC-1;G2_63_CACAAGACACTCGCAA-1;G2_63_CACAGCAGTATGCTCC-1;G2_63_CACTCCGGTATCCTGC-1;G2_63_CAGCTACAGGTAGACG-1;G2_63_CATGTCAAGAGTGCAG-1;G2_63_CATTCTGGTGGCGCTG-1;G2_63_CATTGCTTCGTTAATA-1;G2_63_CCACAGGTCCACTACT-1;G2_63_CCCAATTTCAAATCCG-1;G2_63_CGAGTGCGTGCTTCCG-1;G2_63_CGGTGTAGTAATTTCC-1;G2_63_CGTTCAGCAGTTGAGA-1;G2_63_CGTTCGTGTCAGTTCC-1;G2_63_CTCTCCGCAGGTCTAT-1;G2_63_CTGGATGGTCGTTCCG-1;G2_63_CTGGGCATCATAAGCT-1;G2_63_GCAATCTCAATAGCGA-1;G2_63_GCATAGCTCGTTCGCC-1;G2_63_GCCTGCTTCCGGGTAT-1;G2_63_GCGCATGTCGGAGCTT-1;G2_63_GGAAACCCAAATTCGC-1;G2_63_GGACGCACAAACGAGC-1;G2_63_GGACTACTCCGTAACA-1;G2_63_GGTAAATCAGGTTGCC-1;G2_63_GGTTTCCGTCAGCGGT-1;G2_63_GTAAGTAAGCTGTAGC-1;G2_63_GTCCGATAGCCGCGTA-1;G2_63_GTCGCTTGTGTTCAGG-1;G2_63_GTTCAATAGGGGCGAT-1;G2_63_GTTGCGAGTCAACCCT-1",57,"A_最高优先（显著扩增）","Ready","Single"
"G2_63","CAVPISSGSWQLIF_CAWSGTGASAETLYF","TRAV7-3","TRBV31","CAVPISSGSWQLIF","CAWSGTGASAETLYF","TRAJ22","TRBJ2-3",54,"QQNVQQSPESLIVPEGARTSLNCTFS","DSASQY","FWWYRQHSGKAPKALMS","IFSNGE","KEEGRFTIHLNKASLHFSLHIRDSQPSDSALYL","GSGTQLTVMP","AQTIHQWPVAEIKAVGSPLSLGCTIK","GKSSPN","LYWYWQATGGTLQQLFY","SITVG","QVESVVQLNLSASRPKDDQFILSTEKLLLSHSGFYL","GSGTRLTVL","G2_63_AAAGCCACAACATCCG-1;G2_63_AAATGGCAGCGGGTAA-1;G2_63_AACACCTCAGGGCTTC-1;G2_63_ACACCCACAGGTAACA-1;G2_63_ACATGCTCAAAGTATA-1;G2_63_ACCCAACAGGGTACAG-1;G2_63_ACGCTCACAATCAGGA-1;G2_63_ACTCACTTCGGACACT-1;G2_63_ACTTCGTTCATACCTC-1;G2_63_AGAGAATGTGGGAGAT-1;G2_63_AGTAATGAGACCCGTG-1;G2_63_AGTATCGTCACTGTTC-1;G2_63_AGTCTCCGTATCTTCG-1;G2_63_ATATTAGTCCCCAACC-1;G2_63_ATCCCGACAATGGGCG-1;G2_63_ATCCTATGTCACAGCA-1;G2_63_ATCTCACTCAACCCTT-1;G2_63_ATGAGTTTCCGTACAA-1;G2_63_CAATATATCAACTCCT-1;G2_63_CACAACATCCCTGCTA-1;G2_63_CACACGCCACCTGCTT-1;G2_63_CACAGGAAGAGAGTTA-1;G2_63_CACTACTTCAACGCAC-1;G2_63_CCAACAGGTCTAATGA-1;G2_63_CCAGTTCGTATGCCTC-1;G2_63_CCATTCAGTGCATGGC-1;G2_63_CCGCTATGTACGCCGG-1;G2_63_CGAACACTCGCACGTG-1;G2_63_CGAGCATTCATGTCGA-1;G2_63_CGCCACAAGGGGAATT-1;G2_63_CGCCCGTGTCAGTCTC-1;G2_63_CGCTACCTCCAAACCA-1;G2_63_CGCTCTATCACGGTTA-1;G2_63_CGCTTCGGTACCTAGG-1;G2_63_CGTATAAGTATCAATG-1;G2_63_CGTATAGTCGCCATGG-1;G2_63_CGTATGGGTATGTGTA-1;G2_63_CGTTGGTAGGTTGTGC-1;G2_63_CTCATTATCGGCCTCT-1;G2_63_GCATAGGAGATTATGC-1;G2_63_GCATTCCGTGGTTGAT-1;G2_63_GCGGTAGCACAGCATT-1;G2_63_GGAATGTAGGCAATCC-1;G2_63_GGAGCCTGTCCAACAG-1;G2_63_GGCGGTACAAGGGCAT-1;G2_63_GGGCCTATCCGTCTAT-1;G2_63_GTAATGAAGCGTTACA-1;G2_63_GTACGTCAGCTGAATT-1;G2_63_GTAGTTGTCATTGGGC-1;G2_63_GTATAGTTCCGGTCCT-1;G2_63_GTCGGTCCAATCAGAG-1;G2_63_GTCTCATTCAGTACAT-1;G2_63_GTTCTAGAGCACTTAG-1;G2_63_GTTCTCCCACCTTACC-1",54,"A_最高优先（显著扩增）","Ready","Single"
"G2_63","CSASNTGNYKYVF_CASRDRADTEVFF","TRAV5-1","TRBV10","CSASNTGNYKYVF","CASRDRADTEVFF","TRAJ40","TRBJ1-1",41,"GEQVEQLPSSLIVQEGASVLINCSYT","DSASVY","FPWYKQEPGKRLQFIID","IRSNMER","KQNQRLTLLFDKKTKHLSLHITATQPGDSAIYF","GAGTRLKVIA","ETAVFQTPNYHVTQVGNEVSFNCKQT","LGHDT","MYWYKQDSKKLLKIMFS","YNNKQL","IVNETVPRRFSPQSSDKAHLNLRIKSVEPEDSAVYL","GKGTRLTVV","G2_63_AAAGCGCCACAAGTAG-1;G2_63_ACAGCGAAGCTGTGGT-1;G2_63_ACCCAACAGAGCCCCA-1;G2_63_ACGCAGTTCGTCCTGC-1;G2_63_AGCCCTCTCAATTCGG-1;G2_63_AGCTTGGGTCTTCTCT-1;G2_63_AGTACGTGTCGTGCCC-1;G2_63_AGTCAGGAGCGTTACA-1;G2_63_ATCGCGGTCATAGTCG-1;G2_63_ATGGCTATCAAGCCTA-1;G2_63_ATTGTGGTCATGTGGC-1;G2_63_CAACGTCAGCGCGATT-1;G2_63_CACGCCAAGAATTGTC-1;G2_63_CATCGACAGACCTTAG-1;G2_63_CATCTTCAGGGGCTTT-1;G2_63_CATTCAGAGACATTCG-1;G2_63_CCAGCTTGTCGTGCCC-1;G2_63_CCCAACACAATCCTAA-1;G2_63_CCTCTCCGTGTCCGGG-1;G2_63_CCTTGAGCACGATAAG-1;G2_63_CGTCTCCAGAAAGCCG-1;G2_63_CTAAAGCGTAGCCTTC-1;G2_63_CTACATGAGCGTCATA-1;G2_63_CTAGGGCGTGTTAAGC-1;G2_63_CTATAACAGCAACGAG-1;G2_63_CTCATGAAGGGACATG-1;G2_63_CTCTAACTCGCCTTGC-1;G2_63_CTCTCATAGGGAGAGG-1;G2_63_CTTCGCATCAACTGCA-1;G2_63_GCCCCGTGTAACGAGA-1;G2_63_GCGTGTCCACAATCAC-1;G2_63_GGAACCCGTCTATTCG-1;G2_63_GGAACCGCAAACGGCG-1;G2_63_GGGTTCCCAGGATTTC-1;G2_63_GGTTGTGGTGGCTAAT-1;G2_63_GTATAGCGTGCTCTTA-1;G2_63_GTATTCCTCCTCGGGA-1;G2_63_GTCAATGTCAGGCTGT-1;G2_63_GTCGAGAAGATTACCG-1;G2_63_GTTCATTGTCGCGTCC-1;G2_63_GTTCGACAGACCCCAG-1",41,"B_高优先（中等扩增）","Ready","Single"
"G2_63","CAVSANSGTYQRF_CASSIKTGGYAEQFF","TRAV3-3","TRBV19","CAVSANSGTYQRF","CASSIKTGGYAEQFF","TRAJ13","TRBJ2-1",40,"GEQVEQRPPHLSVREGDSAFITCTYT","DPNSYY","FFWYKQEPGASLQLLMK","VFSSTEI","NEGQGFTVLLNKKDKRLSLNLTAAHPGDSAAYF","GTGTKLQVVP","GGIITQTPKFLIGQEGQKLTLKCQQN","FNHDT","MYWYRQDSGKGLRLIYY","SITEND","LQKGDLSEGYDASREKKSSFSLTVTSAQKNEMAVFL","GPGTRLTVL","G2_63_AACTTCTGTAGTGATC-1;G2_63_AAGTTCCCAGGCTACC-1;G2_63_AATCTGTAGAACGTTT-1;G2_63_ACAAGCTGTCCGTCGC-1;G2_63_ACCCTAAAGAACTTCG-1;G2_63_ACCTGCGAGGTAGTTT-1;G2_63_ACGGGATCAATACGCT-1;G2_63_ACTTCGCGTATAGTGC-1;G2_63_AGACATTTCACAACTG-1;G2_63_AGACGACCAGTATAGG-1;G2_63_AGCGGGTAGAGGTAAC-1;G2_63_AGCTATCCACAGTTAC-1;G2_63_ATACGGGAGCAGTATT-1;G2_63_ATGGCACTCGGACGTT-1;G2_63_ATGGGTGAGGCTTTGA-1;G2_63_CAAGTAAAGACTTGTG-1;G2_63_CAGTCATCAACTGGAA-1;G2_63_CAGTCCACAGTATAGG-1;G2_63_CCAAAGTGTCGCCCTA-1;G2_63_CCGCTTGGTGGCGCTG-1;G2_63_CGAACGGCAATCCAAC-1;G2_63_CGAAGGGGTGTTAAGC-1;G2_63_CGGGTATTCGCCTTGC-1;G2_63_CTCAGTAAGGTTCAGC-1;G2_63_CTGACATCAACCCACA-1;G2_63_GCGAATGAGGCTAAGG-1;G2_63_GCTTCGGAGAACATAG-1;G2_63_GGAAGTAGTACCTAGG-1;G2_63_GGCATAGAGCGCCACA-1;G2_63_GGCGAAGGTCATCGAG-1;G2_63_GGGTTACTCAGCGCCA-1;G2_63_GGGTTGAAGCAATATC-1;G2_63_GTAAGCTGTCTCCGCA-1;G2_63_GTAAGTAAGCAAGCGA-1;G2_63_GTAGGTTGTGGATCGC-1;G2_63_GTATCTTGTAGGCTCA-1;G2_63_GTCTAGGGTCCATAGG-1;G2_63_GTGTCGTAGGCGCTTG-1;G2_63_GTTAGAGCAGTGCATT-1;G2_63_GTTGCGCCAATTCATG-1",40,"B_高优先（中等扩增）","Ready","Single"
"G2_63","CAAPANYGNEKITF_CASSEREAETLYF","TRAV3-3","TRBV13-3","CAAPANYGNEKITF","CASSEREAETLYF","TRAJ48","TRBJ2-3",36,"GEQVEQRPPHLSVREGDSAVITCTYT","DPNSYY","FFWYKQEPGASLQLLMK","VFSSTEI","NEGQGFTVLLNKKDKRLSLNLTAAHPGDSAAYF","GAGTKLTIKP","EAAVTQSPRSKVAVTGGKVTLSCHQT","NNHDY","MYWYRQDTGHGLRLIHY","SYVADS","TEKGDIPDGYKASRPSQENFSLILELASLSQTAVYF","GSGTRLTVL","G2_63_AAAGCCTGTAACTCCC-1;G2_63_AACCGAACACGCGTAC-1;G2_63_AAGCTTCCACATGGGG-1;G2_63_AATCAAGAGATGCATT-1;G2_63_ACACGGTTCGTAGGCT-1;G2_63_ACCACAATCCGAGTGT-1;G2_63_ACCTATTGTATTCAGA-1;G2_63_ACTGCGAGTCACGCCC-1;G2_63_ACTGTCTTCCTTCGCA-1;G2_63_AGTCGATGTGTCGAAT-1;G2_63_AGTCTCCGTACATCTT-1;G2_63_ATAACGAAGATCGCGT-1;G2_63_ATCAGGGAGCGCCCAA-1;G2_63_ATGCAGTGTGGACTGC-1;G2_63_ATGCTCGCAACCACAT-1;G2_63_ATTGGGTGTGGTTAGT-1;G2_63_CAATAGGCAACTCGCA-1;G2_63_CAATATGGTCCGCCGT-1;G2_63_CAATCCAAGGGATAGT-1;G2_63_CACGTCGAGCCCAACG-1;G2_63_CCTAAGCAGCAGTCCG-1;G2_63_CGAAGGTCAGTTGGGG-1;G2_63_CGATGTTCAGTCTATA-1;G2_63_CGATTCCGTCCTTAGC-1;G2_63_CGCGACTCAGGTAGCG-1;G2_63_CGCGTAAGTATCTCTG-1;G2_63_CTAATCGAGCCGTCAG-1;G2_63_GGGACATCAGCGGTAG-1;G2_63_GGGTGTCGTACTTCAT-1;G2_63_GGTGATACACACTCGA-1;G2_63_GTAAGCTGTCCTAGAG-1;G2_63_GTATATCAGATCTCGA-1;G2_63_GTCTTCCCAGTCAAGA-1;G2_63_GTGTAATTCGCGAAAG-1;G2_63_GTTAAGGCACAATACC-1;G2_63_GTTACCTTCAGTTTGG-1",36,"B_高优先（中等扩增）","Ready","Single"
"G2_63","CALSPTASLGKLQF_CASSRQNTLYF","TRAV12N-2","TRBV19","CALSPTASLGKLQF","CASSRQNTLYF","TRAJ24","TRBJ2-4",33,"GDSVTQTEGLVTLTEGLPVMLNCTYQ","TAYSTF","LFWYVQHLNEAPKLLLK","SSTDNKR","TEHQGFHATLHKSSSSFHLQKSSAQLSDSALYY","GTGTQVVVTP","GGIITQTPKFLIGQEGQKLTLKCQQN","FNHDT","MYWYRQDSGKGLRLIYY","SITEND","LQKGDLSEGYDASREKKSSFSLTVTSAQKNEMAVFL","GAGTRLSVL","G2_63_AAACGCACACACAATC-1;G2_63_AACGGCTTCACGGTTA-1;G2_63_AATGTTCAGGGCGAGT-1;G2_63_ACAGCAGAGCCGTATA-1;G2_63_ACGCAGTTCGGTTCCC-1;G2_63_ACGCGTTAGAAGGCAT-1;G2_63_ACGCTGTAGACTGATT-1;G2_63_ACGGGTTTCAATGCGC-1;G2_63_ACTAATGGTAGAGTAG-1;G2_63_AGCCGTTAGGTCCATA-1;G2_63_ATCACCCGTCGAAGCC-1;G2_63_ATCGACCAGCTGCACG-1;G2_63_ATTCAAATCAGACTGC-1;G2_63_ATTCACGAGCTCTGGG-1;G2_63_CAGCGAGCAAATCCGT-1;G2_63_CCCAATCGTACGTGAT-1;G2_63_CCCTAAGCACTACTAA-1;G2_63_CCGAAACTCGTAGCAC-1;G2_63_CGTGCTACAAACGCAA-1;G2_63_CGTTCCCAGCGTTGGT-1;G2_63_CTACATCTCGGTTATG-1;G2_63_CTGCAACAGCGGCATT-1;G2_63_CTGGCCCGTGCGGAGA-1;G2_63_CTGGTCGAGACATTCG-1;G2_63_CTTAAGTAGCACGTAC-1;G2_63_GCAAGGCAGAAACGTA-1;G2_63_GCCCTATGTGTTAGCG-1;G2_63_GGTCAGCGTAACGTCG-1;G2_63_GGTGATACAAAACGCA-1;G2_63_GTAGGCTTCCCGAAAC-1;G2_63_GTCTAACCAAACCACT-1;G2_63_GTGGCGTGTGTTGTCC-1;G2_63_GTTGTAAGTCCTTGCG-1",33,"B_高优先（中等扩增）","Ready","Single"
"G2_63","CIVTDITASLGKLQF_CASSSGQPYEQYF","TRAV2","TRBV29","CIVTDITASLGKLQF","CASSSGQPYEQYF","TRAJ24","TRBJ2-7",32,"LAKTTQPPSMEAYEGQEVNVSCSHT","NIATSEY","IYWYRQVPHQGPQFIIQ","GYKDYVV","NEVASLFISADRKLSTLSLPWVSLRDAAVYY","GTGTQVVVTP","DMKVTQMPRYLIKRMGENVLLECGQD","MSHET","MYWYRQDPGLGLQLIYI","SYDVDS","NSEGDIPKGYRVSRKKREHFSLILDSAKTNQTSVYF","GPGTRLTVL","G2_63_AAATGGCAGCGTGGTT-1;G2_63_AACTCCCGTCTATTGT-1;G2_63_ACACATGTCAGCGGTT-1;G2_63_AGAGGTCCAACGCGAG-1;G2_63_AGCTATGTCCCTTAAC-1;G2_63_AGGTATCGTGCGCTGG-1;G2_63_AGTAAAGTCACGGTTA-1;G2_63_AGTCGGCGTATTCGTT-1;G2_63_ATAGGCGAGAGAGGTT-1;G2_63_ATGAAAGTCATCTCTA-1;G2_63_ATGTAACTCCAGTAGC-1;G2_63_CAAGCGTTCACGTCAA-1;G2_63_CAATTTCGTGCTAAGT-1;G2_63_CAGGACGCAAGCATAG-1;G2_63_CATTGGGGTAGGGGAT-1;G2_63_CCACTAAAGATCCTAG-1;G2_63_CCGCATACAGGACTTT-1;G2_63_CCTAGATCAAACACCT-1;G2_63_CGTTACTTCGGCCTCT-1;G2_63_CGTTGCGAGGCCTATA-1;G2_63_CTCTAACTCGTGCATA-1;G2_63_GCATGCCCAGCCAATT-1;G2_63_GCATTTACAGTCAACT-1;G2_63_GCCATGTAGATCTCGA-1;G2_63_GCCCAATAGGGGATTG-1;G2_63_GCCTTTAGTATGCAGT-1;G2_63_GGACGGAGTACAACGT-1;G2_63_GGCGGTACAAGTCGCC-1;G2_63_GTAGCCCCAGGCATAA-1;G2_63_GTCGCCAAGATGAGGT-1;G2_63_GTGGTAACAATTAATC-1;G2_63_GTTGGATGTACGCATG-1",32,"B_高优先（中等扩增）","Ready","Single"
"G2_63","CAVRDYSNNRLTL_CASSAGTGGERLFF","TRAV3-3","TRBV19","CAVRDYSNNRLTL","CASSAGTGGERLFF","TRAJ7","TRBJ1-4",29,"GEQVEQRPPHLSVREGDSAFITCTYT","DPNSYY","FFWYKQEPGASLQLLMK","VFSSTEI","NEGQGFTVLLNKKDKRLSLNLTAAHPGDSAAYF","GKGTQVVVLP","GGIITQTPKFLIGQEGQKLTLKCQQN","FNHDT","MYWYRQDSGKGLRLIYY","SITEND","LQKGDLSEGYDASREKKSSFSLTVTSAQKNEMAVFL","GHGTKLSVL","G2_63_AAACCAAAGACCCCAG-1;G2_63_ACCCCGAAGAATGTTC-1;G2_63_ACCTACGCAACCCCAA-1;G2_63_ACGGTCAGTCCTCTGG-1;G2_63_AGAGACCCAACCATAC-1;G2_63_AGGACCGCACGACGGA-1;G2_63_ATCCGGAGTCAACCCT-1;G2_63_ATCTCTTCAATAAGTA-1;G2_63_ATGGCTATCCTCACGC-1;G2_63_CAATTATCAACCATAC-1;G2_63_CAGGGTCGTCTGGCTT-1;G2_63_CATCATTGTACATATG-1;G2_63_CCAAAGCTCGCTTAAG-1;G2_63_CCATATGAGAGTGTAA-1;G2_63_CCATTCAGTGGCGGTT-1;G2_63_CCCTGATGTCCATTTG-1;G2_63_CCGCTTGGTGGTAATC-1;G2_63_CCTCTTACAGCGGTAG-1;G2_63_CCTGCTTCAGGATTAG-1;G2_63_CGCTCTGGTCTATAAG-1;G2_63_CGGCCTTTCGTAGCTA-1;G2_63_CGGCTTGAGACGTCCG-1;G2_63_CGTAACATCAGCTATG-1;G2_63_CGTATAAGTCCCTAGT-1;G2_63_CTCTCATAGCCGATTA-1;G2_63_GCATCAATCCCTTCCT-1;G2_63_GCATGAACAGCTTCGA-1;G2_63_GTATTCACAACGATAG-1;G2_63_GTTGCTTTCACTCGGG-1",29,"B_高优先（中等扩增）","Ready","Single"
"G2_63","CIVTDRGGGSNAKLTF_CTCSAVGRGGAETLYF","TRAV2","TRBV1","CIVTDRGGGSNAKLTF","CTCSAVGRGGAETLYF","TRAJ42","TRBJ2-3",26,"LAKTTQPPSMEAYEGQEVNVSCSHT","NIATSEY","IYWYRQVPHQGPQFIIQ","GYKDYVV","NEVASLFISADRKLSTLSLPWVSLRDAAVYY","GKGTKLSVKS","VTLLEQNPRWRLVPRGQAVNLRCILK","NSQYPW","MSWYQQDLQKQLQWLFT","LRSPGD","KEVKSLPGADYLATRVTDTELRLQVANMSQGRTLY","GSGTRLTVL","G2_63_ACGAACACACAGCACC-1;G2_63_AGCCCCTTCGTGACTA-1;G2_63_AGCGTAGAGAGGCAGC-1;G2_63_ATAATTGTCACTTCTA-1;G2_63_ATATGGCGTGTCATCC-1;G2_63_ATCCGGAGTGTAGTTA-1;G2_63_ATTCGACCAGTACTTA-1;G2_63_CAATATATCCCAGTAA-1;G2_63_CCAACCTGTCTTAATC-1;G2_63_CCATTTGGTAATCCCC-1;G2_63_CGCCCGTGTCAATGTA-1;G2_63_CGGTATGGTGCTTCGT-1;G2_63_CTAAGCATCCCGCGTT-1;G2_63_CTTCTAATCCTGTTCG-1;G2_63_GCACCTACAATTCTAG-1;G2_63_GCACGAAAGGGAGCGT-1;G2_63_GCATCCGAGATGGGAT-1;G2_63_GCGCGATGTACAGAAG-1;G2_63_GCTCACGAGCGTGAAG-1;G2_63_GGATGGTCAAGGTTTC-1;G2_63_GGCCAATTCATAAGTC-1;G2_63_GGCTGCATCGCATCGG-1;G2_63_GGTAATTTCACCCGCT-1;G2_63_GTCACGTAGACTTGTG-1;G2_63_GTTCAGTCACAGTGCC-1;G2_63_GTTGTCCGTACTAAGC-1",26,"B_高优先（中等扩增）","Ready","Single"
"G2_73","CAAMATGGNNKLTF_CASGDAAEQFF","TRAV9-4","TRBV12-2+TRBV13-2","CAAMATGGNNKLTF","CASGDAAEQFF","TRAJ56","TRBJ2-1",25,"AQSVTQPDARVTVSEGASLQLRCKYS","YSGTPY","LFWYVQYPRQGLQLLLK","YYSGDPVV","QGVNGFEAEFSKSDSSFHLRKASVHWSDSAVYF","GQGTVLSVIP","EAAVTQSPRNKVAVTGGKVTLSCNQT","NNHNN","MYWYRQDTGHGLRLIHY","SYGAGS","TEKGDIPDGYKASRPSQENFSLILELATPSQTSVYF","GPGTRLTVL","G2_73_AACCGTGGTCGATTCC-1;G2_73_AGTCCGCCAGCATTTA-1;G2_73_ATCGTCGCACCAGACC-1;G2_73_ATGCTCGCAGTACATC-1;G2_73_CAGCGGACAGGCTACC-1;G2_73_CAGTTCGCAGTCGCAC-1;G2_73_CCGCATTGTATCCAGG-1;G2_73_CCTTAGAAGCTTAGGC-1;G2_73_CGATTGCAGCTGAATT-1;G2_73_CGGGTACGTCAGCGGT-1;G2_73_CTGACATCACCTAGAT-1;G2_73_CTGGGGACACACAAGA-1;G2_73_CTGTGGAGTGTACCCT-1;G2_73_CTTGACGCAGGTTTCG-1;G2_73_GCGTGTCCACTTGACG-1;G2_73_GCTTCCCAGCTAAGCC-1;G2_73_GGACACTTCGGTAATT-1;G2_73_GGCGAAATCCCTGGCT-1;G2_73_GGGTAGGGTGTCGCTT-1;G2_73_GGTCATTCAAGAGGGA-1;G2_73_GGTTTACCAGGATAGC-1;G2_73_GTACATCCAACAGAAT-1;G2_73_GTCCATAAGGCTTATG-1;G2_73_GTCTGAGGTCACCCTG-1;G2_73_GTTGATCCAGTAGTAG-1",25,"B_高优先（中等扩增）","Ready","Multi_Allele"
"G2_63","CAARTRNMGYKLTF_CASSQGQGANQAPLF","TRAV7-4","TRBV2","CAARTRNMGYKLTF","CASSQGQGANQAPLF","TRAJ9","TRBJ1-5",23,"QQKVQQSPESLSVPEGGMASFNCTSS","DRNFQY","FWWYRQHSGEGPKALMS","IFSDGD","KKEGRFTAHLNKASLHVSLHIRDSQPSDSALYF","GTGTSLLVDP","DPKIIQKPKYLVAVTGSEKILICEQY","LGHNA","MYWYRQSAKKPLEFMFS","YSYQKL","MDNQTASSRFQPQSSKKNHLDLQITALKPDDSATYF","GEGTRLSVL","G2_63_AATGCGCTCAGGTAAA-1;G2_63_ACCTATACAAGGGGAA-1;G2_63_AGCATATTCCGGGTAT-1;G2_63_ATCGTCGCACTGGAGG-1;G2_63_ATGAAGGGTATCATGA-1;G2_63_CAAGACCTCCGTCGCT-1;G2_63_CAGTAGCTCGGCGCTA-1;G2_63_CAGTGCAGTACTTCGC-1;G2_63_CCAAGCCCAACATGCT-1;G2_63_CCCAGCTTCACGCAAC-1;G2_63_CGGTGCATCAGGAATA-1;G2_63_CGTATTGAGGTTATGT-1;G2_63_CGTTACAAGCTCTCCA-1;G2_63_CTCGAGTAGCATAACT-1;G2_63_CTGACACAGAATGGCG-1;G2_63_CTTGGTCGTAACAGGA-1;G2_63_GCCTTAGCAGGGTCTC-1;G2_63_GGGAGAACACTCGGAC-1;G2_63_GGGTCATTCCAGGGTT-1;G2_63_GTAAGATCAGCCACTA-1;G2_63_GTACCCTGTATACTAG-1;G2_63_GTAGGCTTCACATATA-1;G2_63_GTCTAACCACGTTTCC-1",23,"B_高优先（中等扩增）","Ready","Single"
"G2_79","CALYTGNYKYVF_CASSDADSPLYF","TRAV12-1","TRBV13-1","CALYTGNYKYVF","CASSDADSPLYF","TRAJ40","TRBJ1-6",21,"GDSVTQTEGLVTVTEGLPVKLNCTYQ","TTYLTIA","FFWYVQYLNEAPQVLLR","SSTDNKR","TEHQGFHATLHKSSSSFHLQKSSAQLSDSALYY","GAGTRLKVIA","EAAVTQSPRNKVTVTGGNVTLSCRQT","NSHNY","MYWYRQDTGHGLRLIHY","SYGAGN","LQIGDVPDGYKATRTTQEDFFLLLELASPSQTSLYF","AAGTRLTVT","G2_79_AACCCACAGACAAGCG-1;G2_79_AACGCGGCAACGAAAT-1;G2_79_AATCGTGTCATGGCCG-1;G2_79_ACACTCGCAGTCCACA-1;G2_79_ACGGGATCACAATCAC-1;G2_79_ACTCAGGGTGTTGGGC-1;G2_79_AGTTGCCAGACCTTTC-1;G2_79_ATACGTAGTCAGGCCG-1;G2_79_ATACGTGTCGCTGGCA-1;G2_79_ATATTGCAGAGGTTAA-1;G2_79_ATTCTGTGTGCTGCCC-1;G2_79_CCCACTATCAACAGCC-1;G2_79_CGCCACAAGCTACATG-1;G2_79_CGGAAACCAAGCATAG-1;G2_79_GCAATCCAGCATGGAG-1;G2_79_GCACTAATCAGCCGTG-1;G2_79_GCGCCTCGTCTCCTGG-1;G2_79_GCTTCCATCGGGTTCG-1;G2_79_GGGCTTCCAGGGGCTA-1;G2_79_GGTGGTTTCGCGAAAG-1;G2_79_GTCGAACTCATGATGT-1",21,"B_高优先（中等扩增）","Ready","Single"
"G2_63","CALSELNSAGNKLTF_CASSIKTGGYAEQFF","TRAV15N-2","TRBV19","CALSELNSAGNKLTF","CASSIKTGGYAEQFF","TRAJ17","TRBJ2-1",19,"AQRVTQVQPTGSSQWGEEVTLDCSYE","TSEYFYC","IIWYRQLFSGEMVFLIY","QTSFDTQN","QRNGRYSVVFQKSLKSISLVISASQPEDSGTYF","GIGTRVLVRP","GGIITQTPKFLIGQEGQKLTLKCQQN","FNHDT","MYWYRQDSGKGLRLIYY","SITEND","LQKGDLSEGYDASREKKSSFSLTVTSAQKNEMAVFL","GPGTRLTVL","G2_63_AACATGCGTATGTGCG-1;G2_63_ACCTTGCGTGCTCCGC-1;G2_63_ACGGTCGTCAGGGCAA-1;G2_63_ACGTCGCCAATACCTA-1;G2_63_AGCGTATGTGGAGCGA-1;G2_63_ATCAGGACAGGATCAA-1;G2_63_CACGCCCGTCGCATAG-1;G2_63_CATTATCGTACTCAGG-1;G2_63_CATTCACTCGGGCAAA-1;G2_63_CCAAATCCAATGTCCG-1;G2_63_CCCAGCAAGCCATAGC-1;G2_63_CCGTAATCAACCCTCT-1;G2_63_CCGTACACACCCTCAT-1;G2_63_CTCAGTAAGAACTGAA-1;G2_63_CTCGACACAAGGGACT-1;G2_63_CTGTACGCAACGCGCT-1;G2_63_GCCTTGTGTATATGGC-1;G2_63_GCTACGCCACAAGTAG-1;G2_63_GTGCGTTAGATGGTAA-1",19,"C_中优先（低度扩增）","Ready","Single"
"G2_73","CIVTDLNNNNAPRF_CASSDPDINTEVFF","TRAV2","TRBV13-3","CIVTDLNNNNAPRF","CASSDPDINTEVFF","TRAJ43","TRBJ1-1",19,"LAKTTQPPSMEAYEGQEVNVSCSHT","NIATSEY","IYWYRQVPHQGPQFIIQ","GYKDYVV","NEVASLFISADRKLSTLSLPWVSLRDAAVYY","GAGTKLTVKP","EAAVTQSPRSKVAVTGGKVTLSCHQT","NNHDY","MYWYRQDTGHGLRLIHY","SYVADS","TEKGDIPDGYKASRPSQENFSLILELASLSQTAVYF","GKGTRLTVV","G2_73_AACTCCCGTGTCCCCA-1;G2_73_AAGCCGGCACTAGGCC-1;G2_73_ACGTGGTTCGCGGCTA-1;G2_73_ACTATGTAGCCCATGG-1;G2_73_AGTTTACAGGGCTGAA-1;G2_73_ATACGCTCAAGGGACT-1;G2_73_CAATACGTCCCACAGG-1;G2_73_CAGTAGTGTATCCGTC-1;G2_73_CATACGGGTGGGAGAT-1;G2_73_CCAGACCCAAATGACG-1;G2_73_CCTCTTACAAATCACC-1;G2_73_CCTTCAGTCACACGTA-1;G2_73_CGACGGACAATGCGCC-1;G2_73_CGACTAGGTAAAGCGA-1;G2_73_CGTACGTAGAGGACCA-1;G2_73_CTTAGTCTCGTAAATC-1;G2_73_GCTACAGGTCGACGTA-1;G2_73_GGTGTCGTCGCGACAT-1;G2_73_GTATTGGTCGGGTTAC-1",19,"C_中优先（低度扩增）","Ready","Single"
"G2_63","CALGDTGYQNFYF_CASGGRGGAETLYF","TRAV6D-6","TRBV12-2+TRBV13-2","CALGDTGYQNFYF","CASGGRGGAETLYF","TRAJ49","TRBJ2-3",18,"GDSVTQTEGQVTVSESKSLIINCTYS","TTSIAYPN","LFWYVRYPGEGLQLLLK","VITAGQK","GSSRGFEATYNKETTSFHLQKASVQESDSAVYY","GKGTSLTVIP","EAAVTQSPRNKVAVTGGKVTLSCNQT","NNHNN","MYWYRQDTGHGLRLIHY","SYGAGS","TEKGDIPDGYKASRPSQENFSLILELATPSQTSVYF","GSGTRLTVL","G2_63_AACGCATGTGCTAGTG-1;G2_63_ACGACCCCAAGCCGTC-1;G2_63_ATACCCAAGCATGTCA-1;G2_63_ATAGTGTTCGGAGGTA-1;G2_63_ATCGATTAGCAGCTGT-1;G2_63_ATCGCGAGTACGCTGA-1;G2_63_CACCGCCGTCCTTTAG-1;G2_63_CATAAGCGTAACCCCT-1;G2_63_CATAGAGCACAGCGGA-1;G2_63_CCCAAATCAACATGGA-1;G2_63_CCTTCAGTCGTGCGTG-1;G2_63_CTATGCTTCCGGCAAT-1;G2_63_GCCTATCGTCTAACTT-1;G2_63_GGCGTGTGTCCCTCTC-1;G2_63_GGTAGTTGTACTTCTG-1;G2_63_GTACTCCGTCGCATCT-1;G2_63_GTATTCACAAATTCGC-1;G2_63_GTTATGTAGAAGCGAT-1",18,"C_中优先（低度扩增）","Ready","Multi_Allele"
"G2_63","CAAKNNNAPRF_CASSLTGGAETLYF","TRAV14N-1","TRBV15","CAAKNNNAPRF","CASSLTGGAETLYF","TRAJ43","TRBJ2-3",16,"QQQVRQSPQSLTVWEGETAILNCSYE","DSTFNY","FPWYQQFPGEGPALLIS","ISSVSDK","KEDGRFTIFFNKREKKLSLHITDSQPGDSATYF","GAGTKLTVKP","DAGVTQTPRHEVAEKGQTIILKCEPV","SGHND","LFWYRQTKIQGLELLSY","FRSKSL","MEDGGAFKDRFKAEMLNSSFSTLKIQPTEPKDSAVYL","GSGTRLTVL","G2_63_AAATGGTCAGCATCGC-1;G2_63_AAGCTAGCAGTTACTA-1;G2_63_ACGCCATAGCCAAGCT-1;G2_63_ACGGTGCGTCACTATT-1;G2_63_ACTGAGACAAGCGAAC-1;G2_63_ATGACCATCGCAGTGT-1;G2_63_ATTAACCAGGCTAGAG-1;G2_63_CAAATTCAGCCTGCAG-1;G2_63_CATTCAGAGCAGCGAA-1;G2_63_CCCAGTACACGCGACT-1;G2_63_CCTTCCGCAAAAGCGC-1;G2_63_CGGTGCATCCTTAGTC-1;G2_63_CGTTGGTAGAAAGGTC-1;G2_63_GCAACCCCACTTCGTC-1;G2_63_GGGTTATGTCCGCCGT-1;G2_63_GTTGCCCTCGTCCGCT-1",16,"C_中优先（低度扩增）","Ready","Single"
"G2_63","CAMRGYGGSGNKLIF_CASSLSRGPNSDYTF","TRAV6-3","TRBV29","CAMRGYGGSGNKLIF","CASSLSRGPNSDYTF","TRAJ32","TRBJ1-2",16,"GDSVIQMQGQVTLSENDFLFINCTYS","TTGYPT","LFWYVQYSGEGPQLLLQ","VTTANNK","GSSRGFEATYDKGTTSFHLQKTSVQEIDSAVYY","GTGTLLSVKP","DMKVTQMPRYLIKRMGENVLLECGQD","MSHET","MYWYRQDPGLGLQLIYI","SYDVDS","NSEGDIPKGYRVSRKKREHFSLILDSAKTNQTSVYF","GSGTRLLVI","G2_63_AAACGTAAGACAATTC-1;G2_63_AAATGCTTCCTCCTCT-1;G2_63_AACCGAACACTGCTTC-1;G2_63_AACGCACTCCATCATC-1;G2_63_AACGCGAAGCCATTGA-1;G2_63_AGCCCTCTCACAGGTC-1;G2_63_AGGCTGTTCAATTATG-1;G2_63_ATAACACTCCTTGTGT-1;G2_63_CATACCTTCACTCGCC-1;G2_63_CCGTTAGCACCTACCT-1;G2_63_CCTGTACGTCCGGCCT-1;G2_63_CGAGTAACAATACACC-1;G2_63_CGCGATTAGGTTCAGC-1;G2_63_CTCATTTCAACACAGA-1;G2_63_GCAAGCTTCGCAGTGT-1;G2_63_GGTAGGGGTACTTAAG-1",16,"C_中优先（低度扩增）","Ready","Single"
"G2_63","CILSHQGGSAKLIF_CASSGTGWAEQFF","TRAV21-DV12","TRBV13-3","CILSHQGGSAKLIF","CASSGTGWAEQFF","TRAJ57","TRBJ2-1",14,"DAKTTQPDSMESTEGETVHLPCSHA","TISGNEY","IYWYRQVPLQGPEYVTH","GLQQN","TTNSMAFLAIASDRKSSTLILTHVSLRDAAVYH","GEGTKLTVSS","EAAVTQSPRSKVAVTGGKVTLSCHQT","NNHDY","MYWYRQDTGHGLRLIHY","SYVADS","TEKGDIPDGYKASRPSQENFSLILELASLSQTAVYF","GPGTRLTVL","G2_63_ACCCCATGTATCAGTA-1;G2_63_ACGGGTTTCGCTTTAC-1;G2_63_AGAGGTCCAGCAATCT-1;G2_63_AGGCCATTCAGGCACT-1;G2_63_ATCCTACTCGGTATAT-1;G2_63_ATGATCCCACCTAGCA-1;G2_63_CCAGTAGGTGCTACCT-1;G2_63_CCGACACCACTAGGAA-1;G2_63_CGGGCTATCAGGGTTC-1;G2_63_CTAACGGGTCAGTAGT-1;G2_63_CTTGATGAGCTAGTGC-1;G2_63_GCCAATATCCACTTCG-1;G2_63_GCTCTCATCCTCACGC-1;G2_63_GGTCTATCAACCTAGT-1",14,"C_中优先（低度扩增）","Ready","Single"
"G2_63","CILTGFASALTF_CASSDGHYEQYF","TRAV21-DV12","TRBV13-3","CILTGFASALTF","CASSDGHYEQYF","TRAJ35","TRBJ2-7",14,"DAKTTQPDSMESTEGETVHLPCSHA","TISGNEY","IYWYRQVPLQGPEYVTH","GLQQN","TTNSMAFLAIASDRKSSTLILTHVSLRDAAVYH","GSGTKVIVLPY","EAAVTQSPRSKVAVTGGKVTLSCHQT","NNHDY","MYWYRQDTGHGLRLIHY","SYVADS","TEKGDIPDGYKASRPSQENFSLILELASLSQTAVYF","GPGTRLTVL","G2_63_AGCAGCAAGCAAACGG-1;G2_63_AGGGTCGCAAGTCGGG-1;G2_63_AGTGCTATCCTGGTCC-1;G2_63_ATACAGCGTGGTTGGC-1;G2_63_ATCCTATGTCTGGTCT-1;G2_63_ATCTCTGGTCTGTGGA-1;G2_63_CCTTATGGTATTACAG-1;G2_63_CGACCCTTCAATTGTA-1;G2_63_CGTCTCCAGCCTTCAT-1;G2_63_CTGGGCATCAAACCCA-1;G2_63_GGCATTGGTCCACGTT-1;G2_63_GGTTGTATCAAGCCGT-1;G2_63_GTATCCAAGCCTAATG-1;G2_63_GTCAACTCACATGAAG-1",14,"C_中优先（低度扩增）","Ready","Single"
"G2_73","CAAEVSSNTDKVVF_CASSRRGWDYEQYF","TRAV4-2","TRBV17","CAAEVSSNTDKVVF","CASSRRGWDYEQYF","TRAJ34","TRBJ2-7",14,"GMPVEQNPPALSLYEGADSGLRCNFS","TTMKS","VQWFQQNHRGRLITLFY","LAQGT","KENGRLKSTFNSKERYSTLHIKDAQLEDSGTYF","GTGTRLQVSP","DTTVKQNPRYKLARVGKPVNLICSQT","MNHDT","MYWYQKKPNQAPKLLLF","YYDKIL","NREADTFEKFQSSRPNNSFCSLYIGSAGLEYSAMYL","GPGTRLTVL","G2_73_AAGCGGCAGCAGTATT-1;G2_73_ACACACATCCGTCTAT-1;G2_73_ACGCCGGGTACCCCTG-1;G2_73_ATAATCATCAATTGGT-1;G2_73_ATCCTTATCCTGGGCA-1;G2_73_ATGCGAACACGGTGTC-1;G2_73_ATTACCTGTGGATTGT-1;G2_73_CAATCAGTCCTCAGCC-1;G2_73_CACTTAACAGGCGCAA-1;G2_73_CGGAATCTCAGTGCTA-1;G2_73_CTACGTAAGCCGCCAA-1;G2_73_GGGTAGGGTCGCTGGG-1;G2_73_GTAGCGGCACTCGCAA-1;G2_73_GTGTTACCAGTGGCAG-1",14,"C_中优先（低度扩增）","Ready","Single"
"G2_79","CSASRTQVVGQLTF_CASSLDPGQGAVGAETLYF","TRAV5-1","TRBV16","CSASRTQVVGQLTF","CASSLDPGQGAVGAETLYF","TRAJ5","TRBJ2-3",13,"GEQVEQLPSSLIVQEGASVLINCSYT","DSASVY","FPWYKQEPGKRLQFIID","IRSNMER","KQNQRLTLLFDKKTKHLSLHITATQPGDSAIYF","GSGTRLQVYA","NAGVIQTPRHKVTGKGQEATLWCEPI","SGHSA","VFWYRQTIVQGLEFLTY","FRNQAP","IDDSGMPKERFSAQMPNQSHSTLKIQSTQPQDSAVYL","GSGTRLTVL","G2_79_AATACGTTCCGATGGT-1;G2_79_ACGTGGGCAAACTCTA-1;G2_79_ACGTTCGCAGCCTTTC-1;G2_79_AGCCGAAAGCGTAGCT-1;G2_79_AGGGGTCAGCTGGGTT-1;G2_79_ATACCCTTCGTCTCGC-1;G2_79_ATGCTCGCACTGACAT-1;G2_79_CACAAGCTCAAGGGTG-1;G2_79_CCACCAACAGTTGAGA-1;G2_79_CGCCTGAAGCTGCAAC-1;G2_79_CTCATATGTAACCGGC-1;G2_79_GGGACCTGTCTTGTGC-1;G2_79_GTTGCCGAGCGTTATG-1",13,"C_中优先（低度扩增）","Ready","Single"
"G2_73","CATALTTASLGKLQF_CASSDGWQNTLYF","TRAV8D-1","TRBV13-1","CATALTTASLGKLQF","CASSDGWQNTLYF","TRAJ24","TRBJ2-4",12,"SQLAEENLWALSVHEGESVTVNCSYK","TSITA","LQWYRQKSGEGPAQLIL","IRSNERE","KRNGRLRATLDTSSQSSSLSITATRCEDTAVYF","GTGTQVVVTP","EAAVTQSPRNKVTVTGGNVTLSCRQT","NSHNY","MYWYRQDTGHGLRLIHY","SYGAGN","LQIGDVPDGYKATRTTQEDFFLLLELASPSQTSLYF","GAGTRLSVL","G2_73_AAGTGTAAGATTAAGG-1;G2_73_AATCTCCTCAAACCTG-1;G2_73_ACAGCAGAGCCTAAGC-1;G2_73_ATAAGACCAAAACCAG-1;G2_73_CAATGCTCAGGTTCGC-1;G2_73_CAATTCACAGCATGCC-1;G2_73_CCGTACACACCATGCA-1;G2_73_CGCACATAGAACACCC-1;G2_73_GCGAAACCACCCATTC-1;G2_73_GCTATGCAGAATGCGG-1;G2_73_GGCTTAATCCAGGTGT-1;G2_73_GGTGTTCAGGCTTCGG-1",12,"C_中优先（低度扩增）","Ready","Single"
"G2_79","CILTANTGKLTF_CGARDAGANSDYTF","TRAV21-DV12","TRBV20","CILTANTGKLTF","CGARDAGANSDYTF","TRAJ52","TRBJ1-2",12,"DAKTTQPDSMESTEGETVHLPCSHA","TISGNEY","IYWYRQVPLQGPEYVTH","GLQQN","TTNSMAFLAIASDRKSSTLILTHVSLRDAAVYH","GHGTILRVHP","GALVYQYPRRTICKSGTSMRMECQAV","GFQATS","VAWYRQSPQKTFELIAL","STVNSAI","KYEQNFTQEKFPISHPNLSFSSMTVLNAYLEDRGLYL","GSGTRLLVI","G2_79_ACCACGAGTCACCGTT-1;G2_79_CAGGGACAGATCTGCA-1;G2_79_CCGGCTTTCACTACCT-1;G2_79_CGAACGGCACCGGAAG-1;G2_79_CGCTTGTGTAGGAGGT-1;G2_79_CGTGCATAGACATAGA-1;G2_79_CTAGTCAAGCTACAGC-1;G2_79_GCGTAACTCCTGCTAT-1;G2_79_GGTATCCAGCGTGTTA-1;G2_79_GGTTGTCAGATCCAAT-1;G2_79_GTACCCGAGGTTCGAC-1;G2_79_GTTGCGAGTGCATTCC-1",12,"C_中优先（低度扩增）","Ready","Single"
"G2_63","CAVTLTGANTGKLTF_CASRRNERLFF","TRAV3-4","TRBV13-1","CAVTLTGANTGKLTF","CASRRNERLFF","TRAJ52","TRBJ1-4",11,"GEQVEQRPPHLSVPEGDSAVIICTYT","DSATAY","FYWYKQEPGAGLQLLMS","VFSNVDR","KEEQGLTVLLNKKDKQLSLNLTAAHPGDSAVYF","GHGTILRVHP","EAAVTQSPRNKVTVTGGNVTLSCRQT","NSHNY","MYWYRQDTGHGLRLIHY","SYGAGN","LQIGDVPDGYKATRTTQEDFFLLLELASPSQTSLYF","GHGTKLSVL","G2_63_AGAGGTTAGAATGTTC-1;G2_63_ATCAGGGAGATCCTAG-1;G2_63_ATCGCGGTCGCTTTCG-1;G2_63_ATGTATCAGAACGAAC-1;G2_63_CACTATTGTCCAACAG-1;G2_63_CATCTCCCAGGAAGCT-1;G2_63_CCGTGTTGTGGTTGAT-1;G2_63_CGATAGTGTCTTCTCT-1;G2_63_CGCATCGAGCACGGTT-1;G2_63_CGCTTTCCACAATACC-1;G2_63_GGACTACTCGCCTTGC-1",11,"C_中优先（低度扩增）","Ready","Single"
"G2_79","CALSATGYQNFYF_CASRLGGYAEQFF","TRAV12N-2","TRBV14","CALSATGYQNFYF","CASRLGGYAEQFF","TRAJ49","TRBJ2-1",11,"GDSVTQTEGLVTLTEGLPVMLNCTYQ","TAYSTF","LFWYVQHLNEAPKLLLK","SSTDNKR","TEHQGFHATLHKSSSSFHLQKSSAQLSDSALYY","GKGTSLTVIP","EAGVTQSPRYAVLQEGQAVSFWCDPI","SGHDT","LYWYQQPRDQGPQLLVY","FRDEAV","IDNSQLPSDRFSAVRPKGTNSTLKIQSAKQGDTATYL","GPGTRLTVL","G2_79_ACAGGGTCAACTATAT-1;G2_79_AGAGGAAAGACTGTTG-1;G2_79_AGCGTACTCGTCCTGC-1;G2_79_AGCTTGGGTATACAGC-1;G2_79_CACAATTAGGTTCAAT-1;G2_79_CACTATTGTCTATCGC-1;G2_79_CCGCATTGTCATGTCC-1;G2_79_CTAGTTACAGCTTCAG-1;G2_79_CTGTATTGTAACCGCA-1;G2_79_GGGGAATGTCATAGTA-1;G2_79_GGTCAACTCCACCCAC-1",11,"C_中优先（低度扩增）","Ready","Single"
"G2_63","CAVSANSGTYQRF_CASSLRTGGYAEQFF","TRAV3-3","TRBV10","CAVSANSGTYQRF","CASSLRTGGYAEQFF","TRAJ13","TRBJ2-1",10,"GEQVEQRPPHLSVREGDSAVITCTYT","DPNSYY","FFWYKQEPGASLQLLMK","VFSSTEI","NEGQGFTVLLNKKDKRLSLNLTAAHPGDSAAYF","GTGTKLQVVP","ETAVFQTPNYHVTQVGNEVSFNCKQT","LGHDT","MYWYKQDSKKLLKIMFS","YNNKQL","IVNETVPRRFSPQSSDKAHLNLRIKSVEPEDSAVYL","GPGTRLTVL","G2_63_ACTTCCGTCCCTGCAC-1;G2_63_AGAATACCAATTCAGC-1;G2_63_AGCATATTCATAACAC-1;G2_63_CAATACTAGGCTGTCG-1;G2_63_CACAATCCAACTAACC-1;G2_63_CTTCGTCCACCACGTA-1;G2_63_GGGGTACAGCGACGTT-1;G2_63_GTAATGAAGACATTCG-1;G2_63_GTCCCGAAGGGCTCAT-1;G2_63_GTGGGTTTCACTCCGC-1",10,"C_中优先（低度扩增）","Ready","Single"
"G2_63","CALGDVTTASLGKLQF_CAGDRANSDYTF","TRAV6D-6","TRBV31","CALGDVTTASLGKLQF","CAGDRANSDYTF","TRAJ24","TRBJ1-2",8,"GDSVTQTEGQVTVSESKSLIINCTYS","TTSIAYPN","LFWYVRYPGEGLQLLLK","VITAGQK","GSSRGFEATYNKETTSFHLQKASVQESDSAVYY","GTGTQVVVTP","AQTIHQWPVAEIKAVGSPLSLGCTIK","GKSSPN","LYWYWQATGGTLQQLFY","SITVG","QVESVVQLNLSASRPKDDQFILSTEKLLLSHSGFYL","GSGTRLLVI","G2_63_AACGCGGCAAGTCATC-1;G2_63_CACCATTTCAGACACC-1;G2_63_CGGCACATCCATCGGG-1;G2_63_GCACGTTAGGCATGGA-1;G2_63_GGACGACAGCCGCTGA-1;G2_63_GTAGTGTGTGGTTGTG-1;G2_63_GTCACGCCAGCCTTAG-1;G2_63_GTTACCTTCCGATCAA-1",8,"D_低优先（轻微扩增）","Ready","Single"
"G2_63","CAVTNNAGAKLTF_CTCSGTGSYAEQFF","TRAV3-3","TRBV1","CAVTNNAGAKLTF","CTCSGTGSYAEQFF","TRAJ39","TRBJ2-1",8,"GEQVEQRPPHLSVREGDSAFITCTYT","DPNSYY","FFWYKQEPGASLQLLMK","VFSSTEI","NEGQGFTVLLNKKDKRLSLNLTAAHPGDSAAYF","GGGTRLTVRP","VTLLEQNPRWRLVPRGQAVNLRCILK","NSQYPW","MSWYQQDLQKQLQWLFT","LRSPGD","KEVKSLPGADYLATRVTDTELRLQVANMSQGRTLY","GPGTRLTVL","G2_63_AAGTACGCAGGTTTCG-1;G2_63_ACAAGCTGTCAAGGCC-1;G2_63_AGCGTGCGTGCATTCC-1;G2_63_CGGAATTGTGGGTCTA-1;G2_63_CTAAAGTTCGGAAACG-1;G2_63_GCGTAGAAGAACTAGA-1;G2_63_GCTCGATAGGTTATCG-1;G2_63_GTCTATGAGCACGCCA-1",8,"D_低优先（轻微扩增）","Ready","Single"
"G2_73","CAAPYRGSALGRLHF_CAWRGQGASAETLYF","TRAV14N-2","TRBV31","CAAPYRGSALGRLHF","CAWRGQGASAETLYF","TRAJ18","TRBJ2-3",8,"QQQVRQSPQSLTVWEGETAILNCSYE","DSTFDY","FPWYRLFPGESPALLIA","IRPVSNK","KEDGRFTIFFNKREKKLSLHITDSQPGDSATYF","GAGTQLIVIP","AQTIHQWPVAEIKAVGSPLSLGCTIK","GKSSPN","LYWYWQATGGTLQQLFY","SITVG","QVESVVQLNLSASRPKDDQFILSTEKLLLSHSGFYL","GSGTRLTVL","G2_73_ACAGCGTTCACACATG-1;G2_73_ACCCTAAAGGCAAGCA-1;G2_73_ACGAGGCAGCAACCCG-1;G2_73_CAACCGTAGGTCCAGT-1;G2_73_CGCACTCTCATTCGTC-1;G2_73_GCCCAATAGCAGGAGC-1;G2_73_GCTATTACACTTGACG-1;G2_73_GTGCTGTAGCACTATG-1",8,"D_低优先（轻微扩增）","Ready","Single"
"G2_73","CVLGDPQGGRALIF_CTCSADRVSNERLFF","TRAV6-1","TRBV1","CVLGDPQGGRALIF","CTCSADRVSNERLFF","TRAJ15","TRBJ1-4",8,"GDSVTQMQGQVTLSEDDFLFINCTYS","TTWYPT","LFWYVQYPGEGPQLLLK","VTTANNK","GISRGFEATYDKRTTSFHLQKASVQESDSAVYY","GTGTTVSVSP","VTLLEQNPRWRLVPRGQAVNLRCILK","NSQYPW","MSWYQQDLQKQLQWLFT","LRSPGD","KEVKSLPGADYLATRVTDTELRLQVANMSQGRTLY","GHGTKLSVL","G2_73_AAGCCCAGTGTTCAGG-1;G2_73_AAGGTTCGTACACTCC-1;G2_73_AGAATAGTCATCCGTT-1;G2_73_AGTCGCCCAACCAAGA-1;G2_73_ATGCATTAGCGGAATG-1;G2_73_CACCATAAGCACATCA-1;G2_73_CTCATAACAAATTCCA-1;G2_73_GTCCGCAAGATGCTCA-1",8,"D_低优先（轻微扩增）","Ready","Single"
"G2_79","CAASKKPNYNVLYF_CASSPSGTGGTGQLYF","TRAV10N","TRBV2","CAASKKPNYNVLYF","CASSPSGTGGTGQLYF","TRAJ21","TRBJ2-2",8,"GEKVEQHQSTLSVREGDSAVINCTYT","DTASSY","FPWYKQEAGKSLHFVID","IRSNVDR","KQSQRLTVLLDKKAKRFSLHITATQPEDSAIYF","GSGTKLTVEP","DPKIIQKPKYLVAVTGSEKILICEQY","LGHNA","MYWYRQSAKKPLEFMFS","YSYQKL","MDNQTASSRFQPQSSKKNHLDLQITALKPDDSATYF","GEGSKLTVL","G2_79_ACGACAGAGGGACGAC-1;G2_79_ATTCTAGCACAATACC-1;G2_79_CCACTCATCAGTTTAA-1;G2_79_CCGTAGTAGCGTGAAG-1;G2_79_GCCATCGAGCCGTTAA-1;G2_79_GCCCAACCAAGCAGTA-1;G2_79_GGCTCGATCAGGTTCA-1;G2_79_GGTAAGTAGAATGGTA-1",8,"D_低优先（轻微扩增）","Ready","Single"
"G2_79","CAASMLPGANTGKLTF_CAWSPLTGSQNTLYF","TRAV10D","TRBV31","CAASMLPGANTGKLTF","CAWSPLTGSQNTLYF","TRAJ52","TRBJ2-4",8,"GEKVEQHESTLSVREGDSAVINCTYT","DTASSY","FPWYKQEAGKGLHFVID","IRSNVDR","KQSQRLIVLLDKKAKRFSLHITATQPEDSAIYF","GHGTILRVHP","AQTIHQWPVAEIKAVGSPLSLGCTIK","GKSSPN","LYWYWQATGGTLQQLFY","SITVG","QVESVVQLNLSASRPKDDQFILSTEKLLLSHSGFYL","GAGTRLSVL","G2_79_ATAGCGGAGAGCATGG-1;G2_79_ATAGGGTAGGGGTTTC-1;G2_79_ATCGTTGAGCCACTTT-1;G2_79_ATTATCTTCGTAGCGT-1;G2_79_CTTGACGCAATCTGAC-1;G2_79_GCACTAATCGGCCAAT-1;G2_79_GGACCGTGTCGCCCGT-1;G2_79_GTCCTAGCAACACTTA-1",8,"D_低优先（轻微扩增）","Ready","Single"
"G2_79","CALRGTGYQNFYF_CASSSRGLSQNTLYF","TRAV6D-6","TRBV17","CALRGTGYQNFYF","CASSSRGLSQNTLYF","TRAJ49","TRBJ2-4",8,"GDSVTQTEGQVTVSESKSLIINCTYS","ATSIAYPN","LFWYVRYPGEGLQLLLK","VITAGQK","GSSRGFEATYNKETTSFHLQKASVQESDSAVYY","GKGTSLTVIP","DTTVKQNPRYKLARVGKPVNLICSQT","MNHDT","MYWYQKKPNQAPKLLLF","YYDKIL","NREADTFEKFQSSRPNNSFCSLYIGSAGLEYSAMYL","GAGTRLSVL","G2_79_AGCCGAAAGCAGGCTT-1;G2_79_AGTACATTCGCAGTAC-1;G2_79_CACCCTATCCATAAGT-1;G2_79_CCTTAGCGTCGCGCTC-1;G2_79_CGGCTCCGTAGGAAAT-1;G2_79_CTTAGGGGTCCAGAAT-1;G2_79_GCACGAAAGCGCTGTG-1;G2_79_GGCGCTGGTCTGTCCG-1",8,"D_低优先（轻微扩增）","Ready","Single"
"G2_79","CALRRGGSNYKLTF_CASSDATGTGQLYF","TRAV6-5","TRBV13-1","CALRRGGSNYKLTF","CASSDATGTGQLYF","TRAJ53","TRBJ2-2",8,"GDSVTQTEGPVTLSEGTSLTVNCSYE","TKQYPT","LFWYVQYPGEGPQLLFK","VPKANEK","GSSRGFEATYNKEATSFHLQKASVQESDSAVYY","GKGTLLTVTP","EAAVTQSPRNKVTVTGGNVTLSCRQT","NSHNY","MYWYRQDTGHGLRLIHY","SYGAGN","LQIGDVPDGYKATRTTQEDFFLLLELASPSQTSLYF","GEGSKLTVL","G2_79_AAGCCCAGTCTAGCAG-1;G2_79_AATGCGCTCCACCTCA-1;G2_79_AGTGCGCGTCAGCTCT-1;G2_79_CCAACATCACTAAAGG-1;G2_79_CCCTATCCAGCACCTA-1;G2_79_CCTGCACTCGTGTATG-1;G2_79_GGAAGCTCAACATGGA-1;G2_79_GGAATCTGTATAGGGA-1",8,"D_低优先（轻微扩增）","Ready","Single"
"G2_79","CAVRERTNAYKVIF_CASSPSGTGVAERLFF","TRAV7N-5","TRBV2","CAVRERTNAYKVIF","CASSPSGTGVAERLFF","TRAJ30","TRBJ1-4",8,"QQKVQQSPESLTVSEGAMASLNCTFS","DGTSDN","FRWYRQHSGKGLEMLVS","IFSDGE","KEEGRFTAHLNRASLHVSLHIREPQPSDSAVYL","GKGTHLHVLP","DPKIIQKPKYLVAVTGSEKILICEQY","LGHNA","MYWYRQSAKKPLEFMFS","YSYQKL","MDNQTASSRFQPQSSKKNHLDLQITALKPDDSATYF","GHGTKLSVL","G2_79_AACTCACCAAGAATTA-1;G2_79_ACAATTGGTAATTGTG-1;G2_79_ATTAACTCACGCATAT-1;G2_79_ATTCAGAGTCGAAGTT-1;G2_79_CAATGCCAGCACGTAC-1;G2_79_CCGAATATCGCACCTC-1;G2_79_CCTCGAACAATTACGC-1;G2_79_CGCATTAAGAATGGCG-1",8,"D_低优先（轻微扩增）","Ready","Single"
"G2_63","CAMKNNNRIFF_CASSLRTGGYAEQFF","TRAV16N","TRBV10","CAMKNNNRIFF","CASSLRTGGYAEQFF","TRAJ31","TRBJ2-1",7,"AQKVTQTQTSISVMEKTTVTMDCVYE","TQDSSYF","LFWYKQTASGEIVFLIR","QDSYKKEN","ATVGHYSLNFQKPKSSIGLIITATQIEDSAVYF","GDGTQLVVKP","ETAVFQTPNYHVTQVGNEVSFNCKQT","LGHDT","MYWYKQDSKKLLKIMFS","YNNKQL","IVNETVPRRFSPQSSDKAHLNLRIKSVEPEDSAVYL","GPGTRLTVL","G2_63_AAAGGGGCAAATCGAG-1;G2_63_AACTAGGCACGTCTAG-1;G2_63_ATGAAAGTCGTCTTAC-1;G2_63_ATGATGCGTGGGGTCT-1;G2_63_CGAGTAACAGTGCAGG-1;G2_63_CTTAATTTCCGTTACT-1;G2_63_CTTGATGAGCGGTCAT-1",7,"D_低优先（轻微扩增）","Ready","Single"
"G2_63","CATGFASALTF_CASSQDIISNERLFF","TRAV8D-1","TRBV5","CATGFASALTF","CASSQDIISNERLFF","TRAJ35","TRBJ1-4",7,"SQLAEENPWALSVHEGESVTVNCSYK","TSITA","LQWYRQKSGEGPAQLIL","IRSNERE","KRNGRLRATLDTSSQSSSLSITATRCEDTAVYF","GSGTKVIVLPY","NTKITQSPRYLILGRANKSLECEQH","LGHNA","MYWYKQSAEKPPELMFL","YNLKQL","IRNETVPSRFIPECPDSSKLLLHISAVDPEDSAVYF","GHGTKLSVL","G2_63_CATATCCTCGCGTTAA-1;G2_63_CATCACAAGCGATGGA-1;G2_63_CCGACATAGGCTCGAT-1;G2_63_CGTACTTTCCCGCACT-1;G2_63_CTAATTCGTGTTCGTC-1;G2_63_CTAGGAACAAGGACTA-1;G2_63_GCAATCTCACCTCTCG-1",7,"D_低优先（轻微扩增）","Ready","Single"
"G2_73","CAQSTNAYKVIF_CASGGRDWGDEQYF","TRAV4-3","TRBV12-2+TRBV13-2","CAQSTNAYKVIF","CASGGRDWGDEQYF","TRAJ30","TRBJ2-7",7,"GDKVKQSPSALSLQEGTNSALRCNFS","IAATT","VQWFLQNPRGSLINLFY","LVPGT","KENGRLKSTFNSKESYSTLHIRDAQLEDSGTYF","GKGTHLHVLP","EAAVTQSPRNKVAVTGGKVTLSCNQT","NNHNN","MYWYRQDTGHGLRLIHY","SYGAGS","TEKGDIPDGYKASRPSQENFSLILELATPSQTSVYF","GPGTRLTVL","G2_73_ATAATGCTCAGACTGC-1;G2_73_CCACACACAGGACAAC-1;G2_73_CCTAGATCAAGTGGGT-1;G2_73_GGAATATCAAGCATAG-1;G2_73_GGGTATTGTCTAAATG-1;G2_73_GGTTCAATCCGCAGCA-1;G2_73_GGTTCGTAGCCGATTA-1",7,"D_低优先（轻微扩增）","Ready","Multi_Allele"
"G2_79","CAMSMGGNEKITF_CASSRPQYNYAEQFF","TRAV7N-5","TRBV5","CAMSMGGNEKITF","CASSRPQYNYAEQFF","TRAJ48","TRBJ2-1",7,"QQKVQQSPESLTVSEGAMASLNCTFS","DGTSDN","FRWYRQHSGKGLEVLVS","IFSDGE","KEEGRFTAHLNRASLHVSLHIREPQPSDSAVYL","GAGTKLTIKP","NTKITQSPRYLILGRANKSLECEQH","LGHNA","MYWYKQSAEKPPELMFL","YNLKQL","IRNETVPSRFIPECPDSSKLLLHISAVDPEDSAVYF","GPGTRLTVL","G2_79_AATGTTGGTAGAGGTA-1;G2_79_ACTTACGAGGTCTCCC-1;G2_79_AGCATAGCACCGCAGT-1;G2_79_ATGCTACCAACAGCGG-1;G2_79_GGACATGAGATTACAC-1;G2_79_GGTCTATCACACAAGA-1;G2_79_GTGCGGACAGGACACG-1",7,"D_低优先（轻微扩增）","Ready","Single"
"G2_63","CAASKRTGSGGKLTL_CGASWGGSGNTLYF","TRAV14N-2","TRBV20","CAASKRTGSGGKLTL","CGASWGGSGNTLYF","TRAJ44","TRBJ1-3",6,"QQQVRQSPQSLTVWEGETAILNCSYE","DSTFDY","FPWYRLFPGESPALLIA","IRPVSNK","KEDGRFTIFFNKREKKLSLHITDSQPGDSATYF","GTGTRLQVNL","GALVYQYPRRTICKSGTSMRMECQAV","GFQATS","VAWYRQSPQKTFELIAL","STVNSAI","KYEQNFTQEKFPISHPNLSFSSMTVLNAYLEDRGLYL","GEGSRLIVV","G2_63_AGCCATATCACGTAAT-1;G2_63_CCCTTATAGGGTCTGT-1;G2_63_CTCATAGAGCTGGTTA-1;G2_63_GGACCCATCCCTACAT-1;G2_63_GGAGCGAGTGCCTGGG-1;G2_63_GTTATAGGTCCGTCCA-1",6,"D_低优先（轻微扩增）","Ready","Single"
"G2_63","CALGRYGGSGNKLIF_CGARDTGISETLYF","TRAV6D-6","TRBV20","CALGRYGGSGNKLIF","CGARDTGISETLYF","TRAJ32","TRBJ2-3",6,"GDSVTQTEGQVTVSESKSLIINCTYS","TTSIAYPN","LFWYVRYPGEGLQLLLK","VITAGQK","GSSRGFEATYNKETTSFHLQKASVQESDSAVYY","GTGTLLSVKP","GALVYQYPRRTICKSGTSMRMECQAV","GFQATS","VAWYRQSPQKTFELIAL","STVNSAI","KYEQNFTQEKFPISHPNLSFSSMTVLNAYLEDRGLYL","GSGTRLTVL","G2_63_ACCCATAAGGTTAGTT-1;G2_63_ACTTTCGGTAGAGGGT-1;G2_63_AGCCATATCCAATCGA-1;G2_63_ATGCATCCACTACGAT-1;G2_63_CCAGCCTTCGGCCATG-1;G2_63_CGTACCTGTGGCATGC-1",6,"D_低优先（轻微扩增）","Ready","Single"
"G2_63","CAMRERQGGSAKLIF_CASSFAASAETLYF","TRAV16N","TRBV14","CAMRERQGGSAKLIF","CASSFAASAETLYF","TRAJ57","TRBJ2-3",6,"AQKVTQTQTSISVMEKTTVTMDCVYE","TQDSSYF","LFWYKQTASGEIVFLIR","QDSYKKEN","ATVGHYSLNFQKPKSSIGLIITATQIEDSAVYF","GEGTKLTVSS","EAGVTQSPRYAVLQEGQAVSFWCDPI","SGHDT","LYWYQQPRDQGPQLLVY","FRDEAV","IDNSQLPSDRFSAVRPKGTNSTLKIQSAKQGDTATYL","GSGTRLTVL","G2_63_AAACCATTCCTTAGTC-1;G2_63_AAAGTTACAGCGATAA-1;G2_63_AACGGTACACCCACAA-1;G2_63_AGACATAAGAGGACCA-1;G2_63_GGAGATTAGCGGGATA-1;G2_63_GTTGGTCAGCGCTTGG-1",6,"D_低优先（轻微扩增）","Ready","Single"
"G2_63","CAVSANSGTYQRF_CASSAGTGNTEVFF","TRAV3-3","TRBV29","CAVSANSGTYQRF","CASSAGTGNTEVFF","TRAJ13","TRBJ1-1",6,"GEQVEQRPPHLSVREGDSAFITCTYT","DPNSYY","FFWYKQEPGASLQLLMK","VFSSTEI","NEGQGFTVLLNKKDKRLSLNLTAAHPGDSAAYF","GTGTKLQVVP","DMKVTQMPRYLIKRMGENVLLECGQD","MSHET","MYWYRQDPGLGLQLIYI","SYDVDS","NSEGDIPKGYRVSRKKREHFSLILDSAKTNQTSVYF","GKGTRLTVV","G2_63_AGTAATGAGATATTGC-1;G2_63_AGTGTTCCACGCACTA-1;G2_63_ATAGGAGGTGGGATAA-1;G2_63_CCATCTGTCACCCTGC-1;G2_63_CTCAGTAAGGTTCATG-1;G2_63_GTGCAGGCAGCGGACA-1",6,"D_低优先（轻微扩增）","Ready","Single"
"G2_63","CAVSMPSGSWQLIF_CASSPGQGGSDYTF","TRAV7-3","TRBV29","CAVSMPSGSWQLIF","CASSPGQGGSDYTF","TRAJ22","TRBJ1-2",6,"QQNVQQSPESLIVPEGARTSLNCTFS","DSASQY","FWWYRQHSGKAPKALMS","IFSNGE","KEEGRFTIHLNKASLHFSLHIRDSQPSDSALYL","GSGTQLTVMP","DMKVTQMPRYLIKRMGENVLLECGQD","MSHET","MYWYRQDPGLGLQLIYI","SYDVDS","NSEGDIPKGYRVSRKKREHFSLILDSAKTNQTSVYF","GSGTRLLVI","G2_63_ATGGAGAGTCCATTTG-1;G2_63_ATGGGTGAGGTGGGTA-1;G2_63_CAACTTCTCATAGTGT-1;G2_63_GCCAACCCAACAGACA-1;G2_63_GTAGAACAGGCAGTGA-1;G2_63_GTAGGTGAGGTGCGAA-1",6,"D_低优先（轻微扩增）","Ready","Single"
"G2_63","CAVSPSSGSWQLIF_CAWSRLGVTSAETLYF","TRAV7-3","TRBV31","CAVSPSSGSWQLIF","CAWSRLGVTSAETLYF","TRAJ22","TRBJ2-3",6,"QQNVQQSPESLIVPEGARTSLNCTFS","DSASQY","FWWYRQHSGKAPKALMS","IFSNGE","KEEGRFTIHLNKASLHFSLHIRDSQPSDSALYL","GSGTQLTVMP","AQTIHQWPVAEIKAVGSPLSLGCTIK","GKSSPN","LYWYWQATGGTLQQLFY","SITVG","QVESVVQLNLSASRPKDDQFILSTEKLLLSHSGFYL","GSGTRLTVL","G2_63_ACAGCTATCGTCCTGC-1;G2_63_AGCTTCCGTGCGAGAG-1;G2_63_AGTCGATGTACTTCTG-1;G2_63_GGCAAGGGTGGCCTGG-1;G2_63_GGGTTAGAGCACTGTA-1;G2_63_GTTAACCCAGTCTAAC-1",6,"D_低优先（轻微扩增）","Ready","Single"
"G2_73","CAAEDNNRIFF_CASSDAQTERLFF","TRAV4-3","TRBV13-1","CAAEDNNRIFF","CASSDAQTERLFF","TRAJ31","TRBJ1-4",6,"GDKVKQSPSALSLQEGTNSALRCNFS","IAATT","VQWFLQNPRGSLINLFY","LVPGT","KENGRLKSTFNSKESYSTLHIRDAQLEDSGTYF","GDGTQLVVKP","EAAVTQSPRNKVTVTGGNVTLSCRQT","NSHNY","MYWYRQDTGHGLRLIHY","SYGAGN","LQIGDVPDGYKATRTTQEDFFLLLELASPSQTSLYF","GHGTKLSVL","G2_73_ACGCATATCCTCAGGG-1;G2_73_AGTTAGCGTGCTATCC-1;G2_73_ATGCCTCGTGGTGCCG-1;G2_73_CCATTGAAGATGGCGA-1;G2_73_CTAAGCATCCACGAGT-1;G2_73_CTCGAAGGTGGGTAGG-1",6,"D_低优先（轻微扩增）","Ready","Single"
"G2_73","CALERSNTGYQNFYF_CASSDTSYAEQFF","TRAV17","TRBV13-1","CALERSNTGYQNFYF","CASSDTSYAEQFF","TRAJ49","TRBJ2-1",6,"AQSVDQPDAHVTLYEGASLELRCSYS","YSAAPY","LFWYVQYPGQSLQFLLK","YITGDAVV","KGTKGFEAEFRKSNSSFNLKKSPAHWSDSAKYF","GKGTSLTVIP","EAAVTQSPRNKVTVTGGNVTLSCRQT","NSHNY","MYWYRQDTGHGLRLIHY","SYGAGN","LQIGDVPDGYKATRTTQEDFFLLLELASPSQTSLYF","GPGTRLTVL","G2_73_AAACGATCAGCCTCTT-1;G2_73_ACCTTCGTCGGCTTAA-1;G2_73_ATCATCGAGCTCAGGT-1;G2_73_ATCCCCGGTCTGTCTA-1;G2_73_ATTCATTTCCAGTAGC-1;G2_73_GGTGCGTGTATCCGCT-1",6,"D_低优先（轻微扩增）","Ready","Single"
"G2_73","CILRDLQGGSAKLIF_CTCSADRVNYAEQFF","TRAV21-DV12","TRBV1","CILRDLQGGSAKLIF","CTCSADRVNYAEQFF","TRAJ57","TRBJ2-1",6,"DAKTTQPDSMESTEGETVHLPCSHA","TISGNEY","IYWYRQVPLQGPEYVTH","GLQQN","TTNSMAFLAIASDRKSSTLILTHVSLRDAAVYH","GEGTKLTVSS","VTLLEQNPRWRLVPRGQAVNLRCILK","NSQYPW","MSWYQQDLQKQLQWLFT","LRSPGD","KEVKSLPGADYLATRVTDTELRLQVANMSQGRTLY","GPGTRLTVL","G2_73_ACGTGGGCAGGCAATA-1;G2_73_AGACGGGGTCCAACTC-1;G2_73_ATCGCGAGTACTACTT-1;G2_73_CACGTACAGCTAAGCC-1;G2_73_CGATAGTGTACGAAAG-1;G2_73_GCTCCGCGTGCTATCC-1",6,"D_低优先（轻微扩增）","Ready","Single"
"G2_79","CAAANTGANTGKLTF_CASSFTGSETLYF","TRAV14D-3-DV8","TRBV10","CAAANTGANTGKLTF","CASSFTGSETLYF","TRAJ52","TRBJ2-3",6,"QQQVRQSPQSLTVWEGETAILNCSYE","NSAFDY","FPWYQQFPGEGPALLIS","ILSVSNK","KEDGRFTIFFNKREKKLSLHIADSQPGDSATYF","GHGTILRVHP","ETAVFQTPNYHVTQVGNEVSFNCKQT","LGHDT","MYWYKQDSKKLLKIMFS","YNNKQL","IVNETVPRRFSPQSSDKAHLNLRIKSVEPEDSAVYL","GSGTRLTVL","G2_79_ACCTAGGGTGCCTTGT-1;G2_79_ACGGTGTTCCATCATC-1;G2_79_AGCCATATCATCCTTA-1;G2_79_CACTTAGAGGTCCTCC-1;G2_79_CCGTCAGAGAGTCCCG-1;G2_79_GGAGCCACACGGAAAC-1",6,"D_低优先（轻微扩增）","Ready","Single"
"G2_79","CAASAANYNVLYF_CASSLSGDITSQNTLYF","TRAV14N-1","TRBV29","CAASAANYNVLYF","CASSLSGDITSQNTLYF","TRAJ21","TRBJ2-4",6,"QQQVRQSPQSLTVWEGETAILNCSYE","DSTFNY","FPWYQQFPGEGPALLIS","ISSVSDK","KEDGRFTIFFNKREKKLSLHITDSQPGDSATYF","GSGTKLTVEP","DMKVTQMPRYLIKRMGENVLLECGQD","MSHET","MYWYRQDPGLGLQLIYI","SYDVDS","NSEGDIPKGYRVSRKKREHFSLILDSAKTNQTSVYF","GAGTRLSVL","G2_79_ACATGCCAGGTGCGAA-1;G2_79_ACTTCAACAGCTAGAA-1;G2_79_CAGTTTACAATAAGGT-1;G2_79_CATGTCCGTAATTTGG-1;G2_79_CCGTTGGAGGGCGAAC-1;G2_79_CTCATAGAGCAAACGG-1",6,"D_低优先（轻微扩增）","Ready","Single"
"G2_79","CALSERPSGSWQLIF_CASSQTGSQDTQYF","TRAV6-5","TRBV2","CALSERPSGSWQLIF","CASSQTGSQDTQYF","TRAJ22","TRBJ2-5",6,"GDSVTQTEGPVTLSEGTSLTVNCSYE","TKQYPT","LFWYVQYPGEGPQLLFK","VPKANEK","GSSRGFEATYNKEATSFHLQKASVQESDSAVYY","GSGTQLTVMP","DPKIIQKPKYLVAVTGSEKILICEQY","LGHNA","MYWYRQSAKKPLEFMFS","YSYQKL","MDNQTASSRFQPQSSKKNHLDLQITALKPDDSATYF","GPGTRLLVL","G2_79_AAGTCTCCACTAACGT-1;G2_79_ACCAGATGTATCATCT-1;G2_79_ACTCGGCCAGTACGAA-1;G2_79_AGCGTAGAGCAAACCC-1;G2_79_CCGACTACAAACGTTC-1;G2_79_CTGGCCCGTACAATTG-1",6,"D_低优先（轻微扩增）","Ready","Single"
"G2_63","CAAEASANYNVLYF_CASSRDRGNERLFF","TRAV4-3","TRBV19","CAAEASANYNVLYF","CASSRDRGNERLFF","TRAJ21","TRBJ1-4",5,"GDKVKQSPSALSLQEGTNSALRCNFS","IAATT","VQWFLQNPRGSLINLFY","LVPGT","KENGRLKSTFNSKESYSTLHIRDAQLEDSGTYF","GSGTKLTVEP","GGIITQTPKFLIGQEGQKLTLKCQQN","FNHDT","MYWYRQDSGKGLRLIYY","SITEND","LQKGDLSEGYDASREKKSSFSLTVTSAQKNEMAVFL","GHGTKLSVL","G2_63_ACGATATTCCAAACCA-1;G2_63_AGGACTCTCGTGCAGT-1;G2_63_AGGTAAGGTGCCTCTG-1;G2_63_ATGGGTTGTGCCAAAT-1;G2_63_CAAGGGCAGATCCGAC-1",5,"D_低优先（轻微扩增）","Ready","Single"
"G2_63","CAASPMATGGNNKLTF_CASSSGTGGDDNQAPLF","TRAV7D-4","TRBV16","CAASPMATGGNNKLTF","CASSSGTGGDDNQAPLF","TRAJ56","TRBJ1-5",5,"QQKVQQSPESLSVPEGGMASLNCTSS","DRNFQY","FWWYRQHSGEGPKALMS","IFSDGD","KKEGRFTAHLNKASLHVSLHIRDSQPSDSALYF","GQGTVLSVIP","NAGVIQTPRHKVTGKGQEATLWCEPI","SGHSA","VFWYRQTIVQGLEFLTY","FRNQAP","IDDSGMPKERFSAQMPNQSHSTLKIQSTQPQDSAVYL","GEGTRLSVL","G2_63_CACTCCCAGATTCACG-1;G2_63_CAGGATTGTCGGGGTT-1;G2_63_CCGTTTCCAGGTTGGG-1;G2_63_CTCAGGGTCATGGTTG-1;G2_63_GCTCTGTGTATGAGGA-1",5,"D_低优先（轻微扩增）","Ready","Single"
"G2_63","CALNQGGSAKLIF_CAWSLHWGGNYAEQFF","TRAV12-3","TRBV31","CALNQGGSAKLIF","CAWSLHWGGNYAEQFF","TRAJ57","TRBJ2-1",5,"GDSVTQTEGLVTLTEGLPVMLNCTYQ","TIYSNAF","LFWYVHYLNESPWLLLR","SSTDNKR","TEHQGFHATLHKSSSSFHLQKSSAQLSDSALYY","GEGTKLTVSS","AQTIHQWPVAEIKAVGSPLSLGCTIK","GKSSPN","LYWYWQATGGTLQQLFY","SITVG","QVESVVQLNLSASRPKDDQFILSTEKLLLSHSGFYL","GPGTRLTVL","G2_63_AAGCATAAGATACGAA-1;G2_63_ACTGCGAGTCGACTCT-1;G2_63_AGCGCATTCCCTTAAC-1;G2_63_AGTTTCACAGCGGACA-1;G2_63_CCAGCCCGTCTGCATC-1",5,"D_低优先（轻微扩增）","Ready","Single"
"G2_63","CALRGAGNTRKLIF_CASSQVRGGEDTQYF","TRAV17","TRBV2","CALRGAGNTRKLIF","CASSQVRGGEDTQYF","TRAJ37","TRBJ2-5",5,"AQSVDQPDAHVTLYEGASLELRCSYS","YSAAPY","LFWYVQYPGQSLQFLLK","YITGDAVV","KGTKGFEAEFRKSNSSFNLKKSPAHWSDSAKYF","GLGTTLQVQP","DPKIIQKPKYLVAVTGSEKILICEQY","LGHNA","MYWYRQSAKKPLEFMFS","YSYQKL","MDNQTASSRFQPQSSKKNHLDLQITALKPDDSATYF","GPGTRLLVL","G2_63_ACTCATTGTGTGGTCA-1;G2_63_ATTCTAGCAGGACTAA-1;G2_63_GCATAGCTCCACCTAT-1;G2_63_GTCCCTATCCTTCTAA-1;G2_63_GTCCTCCAGGGGTTTC-1",5,"D_低优先（轻微扩增）","Ready","Single"
"G2_63","CAMDGSSGSWQLIF_CASSDAGGSYEQYF","TRAV13-1","TRBV13-3","CAMDGSSGSWQLIF","CASSDAGGSYEQYF","TRAJ22","TRBJ2-7",5,"GQQVQQSPASLVLQEGENAELQCNFS","TSLNS","MQWFYQRPGGSLVSLFY","NPSGT","KQSGRLTSTTVIKERRSSLHISSSQTTDSGTYL","GSGTQLTVMP","EAAVTQSPRSKVAVTGGKVTLSCHQT","NNHDY","MYWYRQDTGHGLRLIHY","SYVADS","TEKGDIPDGYKASRPSQENFSLILELASLSQTAVYF","GPGTRLTVL","G2_63_CACCCACTCCTAAAGT-1;G2_63_CGTGTTCGTCCTTATG-1;G2_63_CTAACGGGTGGATGTT-1;G2_63_GCCTCGAAGCACAGCT-1;G2_63_GGTAAGCCAACGTGCC-1",5,"D_低优先（轻微扩增）","Ready","Single"
"G2_63","CATDASNNNAPRF_CAWSLQGSDYTF","TRAV8D-1","TRBV31","CATDASNNNAPRF","CAWSLQGSDYTF","TRAJ43","TRBJ1-2",5,"SQLAEENPWALSVHEGESVTVNCSYK","TSITA","LQWYRQKSGEGPAQLIL","IRSNERE","KRNGRLRATLDTSSQSSSLSITATRCEDTAVYF","GAGTKLTVKP","AQTIHQWPVAEIKAVGSPLSLGCTIK","GKSSPN","LYWYWQATGGTLQQLFY","SITVG","QVESVVQLNLSASRPKDDQFILSTEKLLLSHSGFYL","GSGTRLLVI","G2_63_CCTAGCACAACGGGAT-1;G2_63_CGTACTTTCCCTCTAG-1;G2_63_CTGGTGAGTGCCATTC-1;G2_63_GCTTCGACACCACGTA-1;G2_63_GTCTCCCAGGCTGTTA-1",5,"D_低优先（轻微扩增）","Ready","Single"
"G2_63","CAVKGNTRKLIF_CAWSLGDWGEEQYF","TRAV7-3","TRBV31","CAVKGNTRKLIF","CAWSLGDWGEEQYF","TRAJ37","TRBJ2-7",5,"QQNVQQSPESLIVPEGARTSLNCTFS","DSASQY","FWWYRQHSGKAPKALMS","IFSNGE","KEEGRFTIHLNKASLHFSLHIRDSQPSDSALYL","GLGTTLQVQP","AQTIHQWPVAEIKAVGSPLSLGCTIK","GKSSPN","LYWYWQATGGTLQQLFY","SITVG","QVESVVQLNLSASRPKDDQFILSTEKLLLSHSGFYL","GPGTRLTVL","G2_63_AATTGTCAGCTACGAC-1;G2_63_CACTGTAAGCGATGAG-1;G2_63_CGCATAGGTCCCTGTG-1;G2_63_CTCACCTCAACTCGAT-1;G2_63_GGCGGTTGTCCGACAA-1",5,"D_低优先（轻微扩增）","Ready","Single"
"G2_63","CAVRGYAQGLTF_CASSRREATEVFF","TRAV1","TRBV13-3","CAVRGYAQGLTF","CASSRREATEVFF","TRAJ26","TRBJ1-1",5,"GQGVEQPDNLMSVEGTFARVNCTYS","TSGFNG","LSWYQQREGHAPVFLSY","VVLDGL","KDSGHFSTFLSRSNGYSYLLLTELQIKDSASYL","GLGTRVSVFP","EAAVTQSPRSKVAVTGGKVTLSCHQT","NNHDY","MYWYRQDTGHGLRLIHY","SYVADS","TEKGDIPDGYKASRPSQENFSLILELASLSQTAVYF","GKGTRLTVV","G2_63_AGACTTTAGCGAAACG-1;G2_63_ATTGTCCTCCCAATAG-1;G2_63_CAACTCCGTGCGTAGC-1;G2_63_CCAGCTTGTGGTGCCG-1;G2_63_CTAACTTGTGGTATGT-1",5,"D_低优先（轻微扩增）","Ready","Single"
"G2_63","CAVSANSGTYQRF_CASSLGTGNTEVFF","TRAV3-3","TRBV29","CAVSANSGTYQRF","CASSLGTGNTEVFF","TRAJ13","TRBJ1-1",5,"GEQVEQRPPHLSVREGDSAFITCTYT","DPNSYY","FFWYKQEPGASLQLLMK","VFSSTEI","NEGQGFTVLLNKKDKRLSLNLTAAHPGDSAAYF","GTGTKLQVVP","DMKVTQMPRYLIKRMGENVLLECGQD","MSHET","MYWYRQDPGLGLQLIYI","SYDVDS","NSEGDIPKGYRVSRKKREHFSLILDSAKTNQTSVYF","GKGTRLTVV","G2_63_AATCCCTTCCATAAGT-1;G2_63_ACTGCCACAAATACCC-1;G2_63_CAAACCTCAACATGCT-1;G2_63_CGTCTTAGTCCATCCG-1;G2_63_GCATGGAAGATGAGGT-1",5,"D_低优先（轻微扩增）","Ready","Single"
"G2_63","CAVTLSNTDKVVF_CSSRDPNSDYTF","TRAV3-3","TRBV30","CAVTLSNTDKVVF","CSSRDPNSDYTF","TRAJ34","TRBJ1-2",5,"GEQVEQRPPHLSVREGDSAVITCTYT","DPNSYY","FFWYKQEPGASLQLLMK","VFSSTEI","NEGQGFTVLLNKKDKRLSLNLTAAHPGDSAAYF","GTGTRLQVSP","SVLLYQKPNRDICQSGTSLKIQCVAD","SQVVS","MFWYQQFQEQSLMLMAT","ANEGSEA","TYESGFTKDKFPISRPNLTFSTLTVNNARPGDSSIYF","GSGTRLLVI","G2_63_ACAGATTTCGTGAGCT-1;G2_63_CATAACGTCAGTTATA-1;G2_63_CGAAGTGAGATCATCG-1;G2_63_CTAAGGACAAATTACT-1;G2_63_CTGGGTGTCATGAATC-1",5,"D_低优先（轻微扩增）","Ready","Single"
"G2_63","CIPTGGNNKLTF_CASNVGAYEQYF","TRAV21-DV12","TRBV13-1","CIPTGGNNKLTF","CASNVGAYEQYF","TRAJ56","TRBJ2-7",5,"DAKTTQPDSMESTEGETVHLPCSHA","TISGNEY","IYWYRQVPLQGPEYVTH","GLQQN","TTNSMAFLAIASDRKSSTLILTHVSLRDAAVYH","GQGTVLSVIP","EAAVTQSPRNKVTVTGGNVTLSCRQT","NSHNY","MYWYRQDTGHGLRLIHY","SYGAGN","LQIGDVPDGYKATRTTQEDFFLLLELASPSQTSLYF","GPGTRLTVL","G2_63_AGCGTAGAGCCTTTAC-1;G2_63_CACAGGAAGACCTGTA-1;G2_63_CAGCTTCGTAGGGCGA-1;G2_63_GGAATCACACACGTCA-1;G2_63_GGTACAACACGTTCAG-1",5,"D_低优先（轻微扩增）","Ready","Single"
"G2_73","CAADANKMIF_CASGGVQDTQYF","TRAV7-4","TRBV12-2+TRBV13-2","CAADANKMIF","CASGGVQDTQYF","TRAJ47","TRBJ2-5",5,"QQKVQQSPESLSVPEGGMASFNCTSS","DRNFQY","FWWYRQHSGEGPKALMS","IFSDGD","KKEGRFTAHLNKASLHVSLHIRDSQPSDSALYF","GLGTILRVRP","EAAVTQSPRNKVAVTGGKVTLSCNQT","NNHNN","MYWYRQDTGHGLRLIHY","SYGAGS","TEKGDIPDGYKASRPSQENFSLILELATPSQTSVYF","GPGTRLLVL","G2_73_AACCTACCAAGCTTTA-1;G2_73_ATCAGGGAGAATGGGT-1;G2_73_CCACTCTCAAAGCATG-1;G2_73_CGTTTCGTCAAACTTA-1;G2_73_CTAGTTACAACGCCAC-1",5,"D_低优先（轻微扩增）","Ready","Multi_Allele"
"G2_73","CAANTGGNNKLTF_CASSPRQGYNSPLYF","TRAV14D-3-DV8","TRBV5","CAANTGGNNKLTF","CASSPRQGYNSPLYF","TRAJ56","TRBJ1-6",5,"QQQVRQSPQSLTVWEGETAILNCSYE","NSAFDY","FPWYQQFPGEGPALLIS","ILSVSNK","KEDGRFTIFFNKREKKLSLHIADSQPGDSATYF","GQGTVLSVIP","NTKITQSPRYLILGRANKSLECEQH","LGHNA","MYWYKQSAEKPPELMFL","YNLKQL","IRNETVPSRFIPECPDSSKLLLHISAVDPEDSAVYF","AAGTRLTVT","G2_73_AGGCACAAGACTTGTG-1;G2_73_AGGTAAGGTACGGTTG-1;G2_73_GCTAGGGCAATGCAGA-1;G2_73_GGCCTCTTCGGGCAAA-1;G2_73_GGGTTCAGTACTTGGG-1",5,"D_低优先（轻微扩增）","Ready","Single"
"G2_73","CALGNNNNRIFF_CAWSLEGAPYAEQFF","TRAV6N-5","TRBV31","CALGNNNNRIFF","CAWSLEGAPYAEQFF","TRAJ31","TRBJ2-1",5,"DSVTQTEGPVTLSEGTSLTVNCSYET","KQYPTL","FWYVQYPGEGPQLLFKV","PKANEKG","SNRGFEATYNKEATSFHLQKASVQESDSAVYY","GDGTQLVVKP","AQTIHQWPVAEIKAVGSPLSLGCTIK","GKSSPN","LYWYWQATGGTLQQLFY","SITVG","QVESVVQLNLSASRPKDDQFILSTEKLLLSHSGFYL","GPGTRLTVL","G2_73_AAGCCGTTCCCTTAAC-1;G2_73_GCCCAACCAATGACAG-1;G2_73_GCCTGACCAACAGCGG-1;G2_73_GCGTCTTGTCGTATAA-1;G2_73_GTAGCGTTCCACTACT-1",5,"D_低优先（轻微扩增）","Ready","Single"
"G2_73","CALSELSAQGLTF_CASSLDLGGQLYF","TRAV15-2-DV6-2","TRBV16","CALSELSAQGLTF","CASSLDLGGQLYF","TRAJ26","TRBJ2-3",5,"AQKVTQVQSTGSSQWGEVTLHCSYE","TSEYFYV","ILWYKQLFSGEMVFLIY","QTSFDTQN","QRNSRYSVVFQKSLKSISLVISASQPEDSGTYF","GLGTRVSVFP","NAGVIQTPRHKVTGKGQEATLWCEPI","SGHSA","VFWYRQTIVQGLEFLTY","FRNQAP","IDDSGMPKERFSAQMPNQSHSTLKIQSTQPQDSAVYL","GSGTRLTVL","G2_73_AATCGGACACGGTGCT-1;G2_73_ACAGGTTGTAAACGCT-1;G2_73_ACTTACACACTGCTTC-1;G2_73_AGCAGTCTCATAGCAT-1;G2_73_GTTCGCACAGCTTCAG-1",5,"D_低优先（轻微扩增）","Ready","Single"
"G2_73","CALWELAGATGGNNKLTF_CTCSAIRDWGLGSQNTLYF","TRAV15D-1-DV6D-1","TRBV1","CALWELAGATGGNNKLTF","CTCSAIRDWGLGSQNTLYF","TRAJ56","TRBJ2-4",5,"AQKVIQVWSTASRQEGEELTLDCSYE","TSQVLYH","LFWYKHLLSGEMVFLIR","QMSSSTAK","ERSGRYSVVFQKSLKSISLVISALQPDDSGKYF","GQGTVLSVIP","VTLLEQNPRWRLVPRGQAVNLRCILK","NSQYPW","MSWYQQDLQKQLQWLFT","LRSPGD","KEVKSLPGADYLATRVTDTELRLQVANMSQGRTLY","GAGTRLSVL","G2_73_AAGCTGGAGGCGGAGT-1;G2_73_ACAACGGAGGTTAGTT-1;G2_73_AGCGTAGAGACAATAG-1;G2_73_ATCCACAAGCGTACAC-1;G2_73_CAGCCCAAGGCGAAGC-1",5,"D_低优先（轻微扩增）","Ready","Single"
"G2_73","CASNTGYQNFYF_CASSLHNSYNSPLYF","TRAV16N","TRBV29","CASNTGYQNFYF","CASSLHNSYNSPLYF","TRAJ49","TRBJ1-6",5,"AQKVTQTQTSISVMEKTTVTMDCVYE","TQDSSYF","LFWYKQTASGEIVFLIR","QDSYKKEN","ATVGHYSLNFQKPKSSIGLIITATQIEDSAVYF","GKGTSLTVIP","DMKVTQMPRYLIKRMGENVLLECGQD","MSHET","MYWYRQDPGLGLQLIYI","SYDVDS","NSEGDIPKGYRVSRKKREHFSLILDSAKTNQTSVYF","AAGTRLTVT","G2_73_AACGAGAGTGTCTTCA-1;G2_73_AAGTGAGGTCGACTAG-1;G2_73_CAAACCTCAGCTAGAA-1;G2_73_CATCGGCCAGTAGCGG-1;G2_73_GTTGTGCAGCGGAATG-1",5,"D_低优先（轻微扩增）","Ready","Single"
"G2_73","CAVHNTNTGKLTF_CASSDTTGGDYAEQFF","TRAV9-1","TRBV13-1","CAVHNTNTGKLTF","CASSDTTGGDYAEQFF","TRAJ27","TRBJ2-1",5,"TQTVSQSDAHVTVFEGDSVELRCNYS","YGGSIY","LSWYIQHHGRGLQFLLK","YYSGNPVV","QGVNGFEAEFSKSDSSFHLRKASVHWSDSAVYF","GDGTVLTVKP","EAAVTQSPRNKVTVTGGNVTLSCRQT","NSHNY","MYWYRQDTGHGLRLIHY","SYGAGN","LQIGDVPDGYKATRTTQEDFFLLLELASPSQTSLYF","GPGTRLTVL","G2_73_AAGCCCAGTCACCCTG-1;G2_73_CCCAAATCAGGTACAA-1;G2_73_CTCTCATAGCGACAAG-1;G2_73_GCAAAGGTCCCTTCTC-1;G2_73_GCTACATCACGATTAC-1",5,"D_低优先（轻微扩增）","Ready","Single"
"G2_73","CAVSISGGNNKLTF_CASSLGRYAEQFF","TRAV7N-5","TRBV3","CAVSISGGNNKLTF","CASSLGRYAEQFF","TRAJ56","TRBJ2-1",5,"QQKVQQSPESLTVSEGAMASLNCTFS","DGTSDN","FRWYRQHSGKGLEMLVS","IFSDGE","KEEGRFTAHLNRASLHVSLHIREPQPSDSAVYL","GQGTVLSVIP","GPKVLQIPSHQIIDMGQMVTLNCDPV","SNHLY","FYWYKQILGQQMEFLVN","FYNGKV","MEKSKLFKDQFSVERPDGSYFTLKIQPTALEDSAVYF","GPGTRLTVL","G2_73_CCATACGCACTATCCC-1;G2_73_CCCAAATCAACGCACC-1;G2_73_CGCATTAAGGTGGGTA-1;G2_73_GGCGGATAGACTGCAC-1;G2_73_GTTATAATCATGACCA-1",5,"D_低优先（轻微扩增）","Ready","Single"
"G2_73","CAVSTGYQNFYF_CASSSTGGSAETLYF","TRAV7-3","TRBV17","CAVSTGYQNFYF","CASSSTGGSAETLYF","TRAJ49","TRBJ2-3",5,"QQNVQQSPESLIVPEGARTSLNCTFS","DSASQY","FWWYRQHSGKAPKALMS","IFSNGE","KEEGRFTIHLNKASLHFSLHIRDSQPSDSALYL","GKGTSLTVIP","DTTVKQNPRYKLARVGKPVNLICSQT","MNHDT","MYWYQKKPNQAPKLLLF","YYDKIL","NREADTFEKFQSSRPNNSFCSLYIGSAGLEYSAMYL","GSGTRLTVL","G2_73_AAACGCTGTCGAGCGT-1;G2_73_AGCCTCCTCCTCCTCT-1;G2_73_CACAGCTAGCATCGAC-1;G2_73_CTGTAACCAATTCAGC-1;G2_73_GCTACAGGTGGTGGAG-1",5,"D_低优先（轻微扩增）","Ready","Single"
"G2_79","CAASRTGGYKVVF_CASSQDRGVGGLSSYEQYF","TRAV7D-2","TRBV2","CAASRTGGYKVVF","CASSQDRGVGGLSSYEQYF","TRAJ12","TRBJ2-7",5,"QQKVQQSPESLIVPEGGMASLNCTSS","DRNVDY","FWWYRQHSGKSPKMLMS","IFSNGE","KEEGRFTVHLNKASLHTSLHIRDSQPSDSALYL","GSGTRLLVSP","DPKIIQKPKYLVAVTGSEKILICEQY","LGHNA","MYWYRQSAKKPLEFMFS","YSYQKL","MDNQTASSRFQPQSSKKNHLDLQITALKPDDSATYF","GPGTRLTVL","G2_79_ACAGTTAGTAATTGGC-1;G2_79_ATGCGCCCACACTAAC-1;G2_79_CCCTGAACAGCTAACT-1;G2_79_CGTTTCCCAGCGGACA-1;G2_79_GGCCTGGGTACAAGCT-1",5,"D_低优先（轻微扩增）","Ready","Single"
"G2_79","CAMKNGNEKITF_CTCSPQNNSPLYF","TRAV6-3","TRBV1","CAMKNGNEKITF","CTCSPQNNSPLYF","TRAJ48","TRBJ1-6",5,"GDSVIQMQGQVTLSENDFLFINCTYS","TTGYPT","LFWYVQYSGEGPQLLLQ","VTTANNK","GSSRGFEATYDKGTTSFHLQKTSVQEIDSAVYY","GAGTKLTIKP","VTLLEQNPRWRLVPRGQAVNLRCILK","NSQYPW","MSWYQQDLQKQLQWLFT","LRSPGD","KEVKSLPGADYLATRVTDTELRLQVANMSQGRTLY","AAGTRLTVT","G2_79_AGGAATATCGGCTAAC-1;G2_79_ATGTGTAGTCTTAGCC-1;G2_79_CTACTCCCAGTGTTCG-1;G2_79_CTGCGCCGTCCGATAG-1;G2_79_GGACCTGTCCGGTCGA-1",5,"D_低优先（轻微扩增）","Ready","Single"
"G2_79","CAVSANGANTGKLTF_CTCSAGQNYAEQFF","TRAV3-4","TRBV1","CAVSANGANTGKLTF","CTCSAGQNYAEQFF","TRAJ52","TRBJ2-1",5,"GEQVEQRPPHLSVPEGDSAVIICTYT","DSATAY","FYWYKQEPGAGLQLLMS","VFSNVDR","KEEQGLTVLLNKKDKQLSLNLTAAHPGDSAVYF","GHGTILRVHP","VTLLEQNPRWRLVPRGQAVNLRCILK","NSQYPW","MSWYQQDLQKQLQWLFT","LRSPGD","KEVKSLPGADYLATRVTDTELRLQVANMSQGRTLY","GPGTRLTVL","G2_79_AAACTCCCAACCTAGT-1;G2_79_AAGGCATAGAGTGCAG-1;G2_79_ATACTAGGTGCTTAGG-1;G2_79_ATGGCTATCATGTCGA-1;G2_79_CCTCGAGAGGCTTTGA-1",5,"D_低优先（轻微扩增）","Ready","Single"
"G2_79","CSASRSNYQLIW_CASGDTGLHSAETLYF","TRAV5-1","TRBV12-2+TRBV13-2","CSASRSNYQLIW","CASGDTGLHSAETLYF","TRAJ33","TRBJ2-3",5,"GEQVEQLPSSLIVQEGASVLINCSYT","DSASVY","FPWYKQEPGKRLQFIID","IRSNMER","KQNQRLTLLFDKKTKHLSLHITATQPGDSAIYF","GSGTKLIIKP","EAAVTQSPRNKVAVTGGKVTLSCNQT","NNHNN","MYWYRQDTGHGLRLIHY","SYGAGS","TEKGDIPDGYKASRPSQENFSLILELATPSQTSVYF","GSGTRLTVL","G2_79_ACGGTTATCCAGCAGT-1;G2_79_ATCTGCAAGATCTCGA-1;G2_79_CCGACTACACAGCGAG-1;G2_79_GGATGGGGTAAGCGTT-1;G2_79_GTCTATTGTAGCGTCA-1",5,"D_低优先（轻微扩增）","Ready","Multi_Allele"
"G2_63","CAAATGGNNKLTF_CASSPRQGYNSPLYF","TRAV14D-3-DV8","TRBV5","CAAATGGNNKLTF","CASSPRQGYNSPLYF","TRAJ56","TRBJ1-6",4,"QQQVRQSPQSLTVWEGETAILNCSYE","NSAFDY","FPWYQQFPGEGPALLIS","ILSVSNK","KEDGRFTIFFNKREKKLSLHIADSQPGDSATYF","GQGTVLSVIP","NTKITQSPRYLILGRANKSLECEQH","LGHNA","MYWYKQSAEKPPELMFL","YNLKQL","IRNETVPSRFIPECPDSSKLLLHISAVDPEDSAVYF","AAGTRLTVT","G2_63_CACTTACTCCCTACAT-1;G2_63_CTAAAGTTCGGCTTCC-1;G2_63_GCGCCTCGTGCTGCCC-1;G2_63_GGTAAAGGTGGTCTAG-1",4,"E_备选（极小扩增）","Ready","Single"
"G2_63","CAARNNNNAPRF_CASSPPSGGLAEQFF","TRAV14N-1","TRBV29","CAARNNNNAPRF","CASSPPSGGLAEQFF","TRAJ43","TRBJ2-1",4,"QQQVRQSPQSLTVWEGETAILNCSYE","DSTFNY","FPWYQQFPGEGPALLIS","ISSVSDK","KEDGRFTIFFNKREKKLSLHITDSQPGDSATYF","GAGTKLTVKP","DMKVTQMPRYLIKRMGENVLLECGQD","MSHET","MYWYRQDPGLGLQLIYI","SYDVDS","NSEGDIPKGYRVSRKKREHFSLILDSAKTNQTSVYF","GPGTRLTVL","G2_63_AGACGATAGGTTCATG-1;G2_63_CTCGCATGTCTGATAA-1;G2_63_GTACGGGCAGCGAATA-1;G2_63_GTATCGGGTAACATGC-1",4,"E_备选（极小扩增）","Ready","Single"
"G2_63","CAASMATGGNNKLTF_CTCSGWGGVDEQYF","TRAV10D","TRBV1","CAASMATGGNNKLTF","CTCSGWGGVDEQYF","TRAJ56","TRBJ2-7",4,"GEKVEQHESTLSVREGDSAVINCTYT","DTASSY","FPWYKQEAGKGLHFVID","IRSNVDR","KQSQRLIVLLDKKAKRFSLHITATQPEDSAIYF","GQGTVLSVIP","VTLLEQNPRWRLVPRGQAVNLRCILK","NSQYPW","MSWYQQDLQKQLQWLFT","LRSPGD","KEVKSLPGADYLATRVTDTELRLQVANMSQGRTLY","GPGTRLTVL","G2_63_CCGACTCTCCGCAATA-1;G2_63_CGCATACAGAACTAGA-1;G2_63_GGCGATAAGCCACGAT-1;G2_63_GGTTGTGGTGCGTAGC-1",4,"E_备选（极小扩增）","Ready","Single"
"G2_63","CAASPGYQNFYF_CASSIQANTLYF","TRAV7D-2","TRBV10","CAASPGYQNFYF","CASSIQANTLYF","TRAJ49","TRBJ2-4",4,"QQKVQQSPESLIVPEGGMASLNCTSS","DRNVDY","FWWYRQHSGKSPKMLMS","IFSNGE","KEEGRFTVHLNKASLHTSLHIRDSQPSDSALYL","GKGTSLTVIP","ETAVFQTPNYHVTQVGNEVSFNCKQT","LGHDT","MYWYKQDSKKLLKIMFS","YNNKQL","IVNETVPRRFSPQSSDKAHLNLRIKSVEPEDSAVYL","GAGTRLSVL","G2_63_AGGACTCTCGTTCACT-1;G2_63_CGCATTAAGCACCCGA-1;G2_63_GTCTCCGGTGTATGCG-1;G2_63_GTGGCGACAGTCCACA-1",4,"E_备选（极小扩增）","Ready","Single"
"G2_63","CAASRGTSSSFSKLVF_CASSKIYEQYF","TRAV10D","TRBV17","CAASRGTSSSFSKLVF","CASSKIYEQYF","TRAJ50","TRBJ2-7",4,"GEKVEQHESTLSVREGDSAVINCTYT","DTASSY","FPWYKQEAGKGLHFVID","IRSNVDR","KQSQRLIVLLDKKAKRFSLHITATQPEDSAIYF","GQGTSLSVVP","DTTVKQNPRYKLARVGKPVNLICSQT","MNHDT","MYWYQKKPNQAPKLLLF","YYDKIL","NREADTFEKFQSSRPNNSFCSLYIGSAGLEYSAMYL","GPGTRLTVL","G2_63_ATCGTGGGTAAGCCAT-1;G2_63_CGATTTACACAAGCGG-1;G2_63_CTTAAGCCAACGATAG-1;G2_63_GTGCCATAGCTAGTAT-1",4,"E_备选（极小扩增）","Ready","Single"
"G2_63","CALGATSSGQKLVF_CASSLGTGNTEVFF","TRAV12-1","TRBV29","CALGATSSGQKLVF","CASSLGTGNTEVFF","TRAJ16","TRBJ1-1",4,"GDSVTQTEGLVTVTEGLPVKLNCTYQ","TTYLTIA","FFWYVQYLNEAPQVLLR","SSTDNKR","TEHQGFHATLHKSSSSFHLQKSSAQLSDSALYY","GQGTILKVYL","DMKVTQMPRYLIKRMGENVLLECGQD","MSHET","MYWYRQDPGLGLQLIYI","SYDVDS","NSEGDIPKGYRVSRKKREHFSLILDSAKTNQTSVYF","GKGTRLTVV","G2_63_CGTGTCCTCACGCGCA-1;G2_63_CTCATTGGTCTGGATG-1;G2_63_GGGAGTGGTGTGTAGT-1;G2_63_GGTTCAGGTGGAATGA-1",4,"E_备选（极小扩增）","Ready","Single"
"G2_63","CALGRTGNTRKLIF_CASKRQGGNERLFF","TRAV6N-5","TRBV13-3","CALGRTGNTRKLIF","CASKRQGGNERLFF","TRAJ37","TRBJ1-4",4,"DSVTQTEGPVTLSEGTSLTVNCSYET","KQYPTL","FWYVQYPGEGPQLLFKV","PKANEKG","SNRGFEATYNKEATSFHLQKASVQESDSAVYY","GLGTTLQVQP","EAAVTQSPRSKVAVTGGKVTLSCHQT","NNHDY","MYWYRQDTGHGLRLIHY","SYVADS","TEKGDIPDGYKASRPSQENFSLILELASLSQTAVYF","GHGTKLSVL","G2_63_AAAGGTATCACTTCCG-1;G2_63_CATATGCCAAGGACAC-1;G2_63_CGGAATGAGACGACAG-1;G2_63_CGTGGAAAGCAAGAGT-1",4,"E_备选（极小扩增）","Ready","Single"
"G2_63","CALGYSGGSNYKLTF_CAWSQTGGQYF","TRAV6N-7","TRBV31","CALGYSGGSNYKLTF","CAWSQTGGQYF","TRAJ53","TRBJ2-7",4,"GDSVTQTEGQVALSEEDFLTIHCNYS","ASGYPA","LFWYVQYPGEGPQFLFR","ASRDKEK","GSSRGFEATYNKETTSFHLQKASVQESDSAVYY","GKGTLLTVTP","AQTIHQWPVAEIKAVGSPLSLGCTIK","GKSSPN","LYWYWQATGGTLQQLFY","SITVG","QVESVVQLNLSASRPKDDQFILSTEKLLLSHSGFYL","GPGTRLTVL","G2_63_AGTCGTCAGAGCGGTA-1;G2_63_CCTGGTGAGGTGAGTG-1;G2_63_CGCTTGCTCCTTCTAA-1;G2_63_CTGACGCCAGCAAGAC-1",4,"E_备选（极小扩增）","Ready","Single"
"G2_63","CALSDDGTGGYKVVF_CASGADWGENYAEQFF","TRAV12-3","TRBV12-2+TRBV13-2","CALSDDGTGGYKVVF","CASGADWGENYAEQFF","TRAJ12","TRBJ2-1",4,"GDSVTQTEGLVTLTEGLPVMLNCTYQ","TIYSNAF","LFWYVHYLNESPWLLLR","SSTDNKR","TEHQGFHATLHKSSSSFHLQKSSAQLSDSALYY","GSGTRLLVSP","EAAVTQSPRNKVAVTGGKVTLSCNQT","NNHNN","MYWYRQDTGHGLRLIHY","SYGAGS","TEKGDIPDGYKASRPSQENFSLILELATPSQTSVYF","GPGTRLTVL","G2_63_ACCATCTTCCGGACCA-1;G2_63_ACGTCCACAAGAGGGA-1;G2_63_CTAATCCTCAGTTTGG-1;G2_63_GTGCTCCTCGTCCTGC-1",4,"E_备选（极小扩增）","Ready","Multi_Allele"
"G2_63","CALVGTGGYKVVF_CASSGDHSDYTF","TRAV6-4","TRBV13-3","CALVGTGGYKVVF","CASSGDHSDYTF","TRAJ12","TRBJ1-2",4,"GDSVTQKQGQVTLSEDDFLFINCTYS","TTTYPT","LLWYVQYPGQGPQLLLK","VTTANNK","GISRGFEATYDKGTTSFHLQKASVQESDSAVYF","GSGTRLLVSP","EAAVTQSPRSKVAVTGGKVTLSCHQT","NNHDY","MYWYRQDTGHGLRLIHY","SYVADS","TEKGDIPDGYKASRPSQENFSLILELASLSQTAVYF","GSGTRLLVI","G2_63_ACCCAACAGCAACCCG-1;G2_63_CTCCTCAAGCGAATGG-1;G2_63_GTAGTTGTCCTTAGCT-1;G2_63_GTATTCGAGCGTCATA-1",4,"E_备选（极小扩增）","Ready","Single"
"G2_63","CAMEDQGGRALIF_CASRAGVGNTLYF","TRAV13-1","TRBV29","CAMEDQGGRALIF","CASRAGVGNTLYF","TRAJ15","TRBJ2-4",4,"GQQVQQSPASLVLQEGENAELQCNFS","TSLNS","MQWFYQRPEGSLVSLFY","NPSGT","KQSGRLTSTTVIKERRSSLHISSSQITDSGTYL","GTGTTVSVSP","DMKVTQMPRYLIKRMGENVLLECGQD","MSHET","MYWYRQDPGLGLQLIYI","SYDVDS","NSEGDIPKGYRVSRKKREHFSLILDSAKTNQTSVYF","GAGTRLSVL","G2_63_AGAATGGGTCCAACTC-1;G2_63_CTAGTAAGTATGCCGA-1;G2_63_CTATCTTCACGGCTAC-1;G2_63_GTCCGTACAGTTACCG-1",4,"E_备选（极小扩增）","Ready","Single"
"G2_63","CAMREGSRGGRALIF_CASSLDPGGEYEQYF","TRAV16N","TRBV16","CAMREGSRGGRALIF","CASSLDPGGEYEQYF","TRAJ15","TRBJ2-7",4,"AQKVTQTQTSISVMEKTTVTMDCVYE","TQDSSYF","LFWYKQTASGEIVFLIR","QDSYKKEN","ATVGHYSLNFQKPKSSIGLIITATQIEDSAVYF","GTGTTVSVSP","NAGVIQTPRHKVTGKGQEATLWCEPI","SGHSA","VFWYRQTIVQGLEFLTY","FRNQAP","IDDSGMPKERFSAQMPNQSHSTLKIQSTQPQDSAVYL","GPGTRLTVL","G2_63_CAATAGAAGAAGCTTT-1;G2_63_CAGCAGTTCAGAGAAC-1;G2_63_CCGCGTTTCGGTCATA-1;G2_63_CTATAACAGCCATGGT-1",4,"E_备选（极小扩增）","Ready","Single"
"G2_63","CAMRGNSGGSNAKLTF_CASSQRDINSPLYF","TRAV16N","TRBV5","CAMRGNSGGSNAKLTF","CASSQRDINSPLYF","TRAJ42","TRBJ1-6",4,"AQKVTQTQTSISVMEKTTVTMDCVYE","TQDSSYF","LFWYKQTASGEIVFLIR","QDSYKKEN","ATVGHYSLNFQKPKSSIGLIITATQIEDSAVYF","GKGTKLSVKS","NTKITQSPRYLILGRANKSLECEQH","LGHNA","MYWYKQSAEKPPELMFL","YNLKQL","IRNETVPSRFIPECPDSSKLLLHISAVDPEDSAVYF","AAGTRLTVT","G2_63_AACGTGCTCCTCAGGG-1;G2_63_CCATTCAGTCTCCGGC-1;G2_63_CCTTGAGCACCCTTAC-1;G2_63_GCATAATTCCTTAATT-1",4,"E_备选（极小扩增）","Ready","Single"
"G2_63","CAMRNSAGNKLTF_CASSLTTNSDYTF","TRAV16N","TRBV19","CAMRNSAGNKLTF","CASSLTTNSDYTF","TRAJ17","TRBJ1-2",4,"AQKVTQTQTSISVMEKTTVTMDCVYE","TQDSSYF","LFWYKQTASGEIVFLIR","QDSYKKEN","ATVGHYSLNFQKPKSSIGLIITATQIEDSAVYF","GIGTRVLVRP","GGIITQTPKFLIGQEGQKLTLKCQQN","FNHDT","MYWYRQDSGKGLRLIYY","SITEND","LQKGDLSEGYDASREKKSSFSLTVTSAQKNEMAVFL","GSGTRLLVI","G2_63_AATGGCTGTAACGTCG-1;G2_63_CATAGCCAGAAGGTGT-1;G2_63_GTGCATATCCTACTAC-1;G2_63_GTTGCGAGTGTACTCC-1",4,"E_备选（极小扩增）","Ready","Single"
"G2_63","CAPLPYANKMIF_CASSGDIEQYF","TRAV13N-2","TRBV16","CAPLPYANKMIF","CASSGDIEQYF","TRAJ47","TRBJ2-7",4,"GQQVQQSPSSLVLQEGENAELQCNFS","STATQ","LQWFYQSPGGSLVSLLS","NPSGT","KHTGRLTSTTVTKERRSSLHISSSQTTDSGTYL","GLGTILRVRP","NAGVIQTPRHKVTGKGQEATLWCEPI","SGHSA","VFWYRQTIVQGLEFLTY","FRNQAP","IDDSGMPKERFSAQMPNQSHSTLKIQSTQPQDSAVYL","GPGTRLTVL","G2_63_AAGGGTGTCATGGCTA-1;G2_63_ACTCCTGTCACAGCAC-1;G2_63_GGTGCGACACCCTTAC-1;G2_63_GTGCGCGGTCGCTGCC-1",4,"E_备选（极小扩增）","Ready","Single"
"G2_63","CAVSLTGGNNKLTF_CASGDAGQLYF","TRAV9N-2","TRBV12-2+TRBV13-2","CAVSLTGGNNKLTF","CASGDAGQLYF","TRAJ56","TRBJ2-2",4,"AQSVTQPDARVTVSEGASLQLRCKYS","SSVTPY","LFWYVQYPRQGLQLLLK","YYSGDPVV","QGVNGFEAEFSKSNSSFHLRKASVHWSDSAVYF","GQGTVLSVIP","EAAVTQSPRNKVAVTGGKVTLSCNQT","NNHNN","MYWYRQDTGHGLRLIHY","SYGAGS","TEKGDIPDGYKASRPSQENFSLILELATPSQTSVYF","GEGSKLTVL","G2_63_AACTCACCAACTATAT-1;G2_63_CTTAGTGAGAAGCTGG-1;G2_63_GCGTTAATCCTATCCG-1;G2_63_GTCTGAGGTACTTTCG-1",4,"E_备选（极小扩增）","Ready","Multi_Allele"
"G2_63","CAVSMPSGSWQLIF_CAWSLTGANNNQAPLF","TRAV7-3","TRBV31","CAVSMPSGSWQLIF","CAWSLTGANNNQAPLF","TRAJ22","TRBJ1-5",4,"QQNVQQSPESLIVPEGARTSLNCTFS","DSASQY","FWWYRQHSGKAPKALMS","IFSNGE","KEEGRFTIHLNKASLHFSLHIRDSQPSDSALYL","GSGTQLTVMP","AQTIHQWPVAEIKAVGSPLSLGCTIK","GKSSPN","LYWYWQATGGTLQQLFY","SITVG","QVESVVQLNLSASRPKDDQFILSTEKLLLSHSGFYL","GEGTRLSVL","G2_63_AAGCGTTGTGCTTCCG-1;G2_63_CTAACATAGACCAATT-1;G2_63_CTGTCGGAGAATCTGT-1;G2_63_GGAATTAAGCGTATAT-1",4,"E_备选（极小扩增）","Ready","Single"
"G2_63","CAVSNTGYQNFYF_CASSLAPSAETLYF","TRAV7-3","TRBV3","CAVSNTGYQNFYF","CASSLAPSAETLYF","TRAJ49","TRBJ2-3",4,"QQNVQQSPESLIVPEGARTSLNCTFS","DSASQY","FWWYRQHSGKAPKALMS","IFSNGE","KEEGRFTIHLNKASLHFSLHIRDSQPSDSALYL","GKGTSLTVIP","GPKVLQIPSHQIIDMGQMVTLNCDPV","SNHLY","FYWYKQILGQQMEFLVN","FYNGKV","MEKSKLFKDQFSVERPDGSYFTLKIQPTALEDSAVYF","GSGTRLTVL","G2_63_ACGCAACTCATGCGGT-1;G2_63_AGGTTCGGTAGCCAGC-1;G2_63_CATAGGCTCCTGGGCA-1;G2_63_CATCGGAGTAACTGCG-1",4,"E_备选（极小扩增）","Ready","Single"
"G2_63","CAVSVDTNAYKVIF_CASSQDWGYEQYF","TRAV3-4","TRBV5","CAVSVDTNAYKVIF","CASSQDWGYEQYF","TRAJ30","TRBJ2-7",4,"GEQVEQRPPHLSVPEGDSAVIICTYT","DSATAY","FYWYKQEPGAGLQLLMS","VFSNVDR","KEEQGLTVLLNKKDKQLSLNLTAAHPGDSAVYF","GKGTHLHVLP","NTKITQSPRYLILGRANKSLECEQH","LGHNA","MYWYKQSAEKPPELMFL","YNLKQL","IRNETVPSRFIPECPDSSKLLLHISAVDPEDSAVYF","GPGTRLTVL","G2_63_CTATAATCACTAGCAT-1;G2_63_GCCTGCCGTGGGGTAG-1;G2_63_GGTGCCGGTCGTTCCG-1;G2_63_GTAGGCAAGCGGATTC-1",4,"E_备选（极小扩增）","Ready","Single"
"G2_63","CGRTGGADRLTF_CASSDGETLYF","TRAV5N-4","TRBV13-1","CGRTGGADRLTF","CASSDGETLYF","TRAJ45","TRBJ2-3",4,"GEQVEQLPSILRVQEGSSASINCTYE","NSASNY","FPWYKQEPGENPKLIID","IRSNMER","KQTQGLIVLLDKKAKRFSLHITDTQPGDSAMYF","GKGTQLIIQP","EAAVTQSPRNKVTVTGGNVTLSCRQT","NSHNY","MYWYRQDTGHGLRLIHY","SYGAGN","LQIGDVPDGYKATRTTQEDFFLLLELASPSQTSLYF","GSGTRLTVL","G2_63_CGAAGTACACCAATAC-1;G2_63_CTATGTCTCCTCATTA-1;G2_63_CTCATTGGTGTTATGA-1;G2_63_GTGTCGTAGGGACGGT-1",4,"E_备选（极小扩增）","Ready","Single"
"G2_63","CILRVRAGYQNFYF_CASSYRGSYNSPLYF","TRAV21-DV12","TRBV10","CILRVRAGYQNFYF","CASSYRGSYNSPLYF","TRAJ49","TRBJ1-6",4,"DAKTTQPDSMESTEGETVHLPCSHA","TISGNEY","IYWYRQVPLQGPEYVTH","GLQQN","TTNSMAFLAIASDRKSSTLILTHVSLRDAAVYH","GKGTSLTVIP","ETAVFQTPNYHVTQVGNEVSFNCKQT","LGHDT","MYWYKQDSKKLLKIMFS","YNNKQL","IVNETVPRRFSPQSSDKAHLNLRIKSVEPEDSAVYL","AAGTRLTVT","G2_63_ACATGTTAGCGACCAT-1;G2_63_ACGCGTTAGATGCCAC-1;G2_63_ACTTTCCAGACGCCCA-1;G2_63_GTCCTCCAGGCTATTG-1",4,"E_备选（极小扩增）","Ready","Single"
"G2_63","CVVCYTGYQNFYF_CGASGTKSGNTLYF","TRAV11","TRBV20","CVVCYTGYQNFYF","CGASGTKSGNTLYF","TRAJ49","TRBJ1-3",4,"KTQVEQSPQSLVVRQGENCVLQCNYS","VTPDNH","LRWFKQDTGKGLVSLTV","LVHENDK","TSNGRYSATLDKDAKHSTLHITATLLDDTATYI","GKGTSLTVIP","GALVYQYPRRTICKSGTSMRMECQAV","GFQATS","VAWYRQSPQKTFELIAL","STVNSAI","KYEQNFTQEKFPISHPNLSFSSMTVLNAYLEDRGLYL","GEGSRLIVV","G2_63_ATCTGACCAGCCCTAA-1;G2_63_CAAGTAAAGCCCACGA-1;G2_63_CTAGTCTTCGTCTCTG-1;G2_63_GTGAGGTCAATCTGAC-1",4,"E_备选（极小扩增）","Ready","Single"
"G2_63","CVVGDRGSALGRLHF_CTCSASGLSGNTLYF","TRAV11","TRBV1","CVVGDRGSALGRLHF","CTCSASGLSGNTLYF","TRAJ18","TRBJ1-3",4,"KTQVEQSPQSLVVRQGENCVLQCNYS","VTPDNH","LRWFKQDTGKGLVSLTV","LVHENDK","TSNGRYSATLDKDAKHSTLHITATLLDDTATYI","GAGTQLIVIP","VTLLEQNPRWRLVPRGQAVNLRCILK","NSQYPW","MSWYQQDLQKQLQWLFT","LRSPGD","KEVKSLPGADYLATRVTDTELRLQVANMSQGRTLY","GEGSRLIVV","G2_63_AATACAGAGGGTGATG-1;G2_63_ATGCCAGGTGTGTGAT-1;G2_63_CTCACTCCAGCCAAGG-1;G2_63_GGCTAATGTCTGGTCT-1",4,"E_备选（极小扩增）","Ready","Single"
"G2_73","CAARNNNNAPRF_CTCSAQGLNYAEQFF","TRAV10N","TRBV1","CAARNNNNAPRF","CTCSAQGLNYAEQFF","TRAJ43","TRBJ2-1",4,"GEKVEQHQSTLSVREGDSAVINCTYT","DTASSY","FPWYKQEAGKSLHFVID","IRSNVDR","KQSQRLTVLLDKKAKRFSLHITATQPEDSAIYF","GAGTKLTVKP","VTLLEQNPRWRLVPRGQAVNLRCILK","NSQYPW","MSWYQQDLQKQLQWLFT","LRSPGD","KEVKSLPGADYLATRVTDTELRLQVANMSQGRTLY","GPGTRLTVL","G2_73_AAAGTTCTCACTCTGT-1;G2_73_CCACTCTCACCGACAC-1;G2_73_CTGGGTTAGGCACGTT-1;G2_73_GTCCGGGGTCGCTTCG-1",4,"E_备选（极小扩增）","Ready","Single"
"G2_73","CAASAGNNRIFF_CASSFQGAETLYF","TRAV5N-4","TRBV10","CAASAGNNRIFF","CASSFQGAETLYF","TRAJ31","TRBJ2-3",4,"GEQVEQLPSILRVQERSSASINCTYE","NSASNY","FPWYKQEPGENPKLIID","IRSNMER","KQIQGLIVLLDKKAKRFSLHITDTQPADSAMYF","GDGTQLVVKP","ETAVFQTPNYHVTQVGNEVSFNCKQT","LGHDT","MYWYKQDSKKLLKIMFS","YNNKQL","IVNETVPRRFSPQSSDKAHLNLRIKSVEPEDSAVYL","GSGTRLTVL","G2_73_AACGTAAAGGGGCGAT-1;G2_73_CTCAGTAAGCCAGAGA-1;G2_73_GCGGGTTGTGGGTATT-1;G2_73_GGGCATTTCCATTGCT-1",4,"E_备选（极小扩增）","Ready","Single"
"G2_73","CAASLDSNYQLIW_CTCSTSQISNERLFF","TRAV7-4","TRBV1","CAASLDSNYQLIW","CTCSTSQISNERLFF","TRAJ33","TRBJ1-4",4,"QQKVQQSPESLSVPEGGMASFNCTSS","DRNFQY","FWWYRQHSGEGPKALMS","IFSDGD","KKEGRFTAHLNKASLHVSLHIRDSQPSDSALYF","GSGTKLIIKP","VTLLEQNPRWRLVPRGQAVNLRCILK","NSQYPW","MSWYQQDLQKQLQWLFT","LRSPGD","KEVKSLPGADYLATRVTDTELRLQVANMSQGRTLY","GHGTKLSVL","G2_73_AGGATTCGTCAAAGGA-1;G2_73_CACCTCCAGGGAGGTC-1;G2_73_CCGGCTTTCCAAGCTA-1;G2_73_GGTTGCCCACCTTACC-1",4,"E_备选（极小扩增）","Ready","Single"
"G2_73","CAASMNYGGSGNKLIF_CACQGSPDYTF","TRAV9-1","TRBV31","CAASMNYGGSGNKLIF","CACQGSPDYTF","TRAJ32","TRBJ1-2",4,"TQTVSQSDAHVTVFEGDSVELRCNYS","YGGSIY","LSWYIQHHGRGLQFLLK","YYSGNPVV","QGVNGFEAEFSKSDSSFHLRKASVHWSDSAVYF","GTGTLLSVKP","AQTIHQWPVAEIKAVGSPLSLGCTIK","GKSSPN","LYWYWQATGGTLQQLFY","SITVG","QVESVVQLNLSASRPKDDQFILSTEKLLLSHSGFYL","GSGTRLLVI","G2_73_ACGCAGTTCCACACCC-1;G2_73_CCACAGGTCCCTTCTC-1;G2_73_CGAGTGCGTGGTCTCT-1;G2_73_GTGGATTGTATGCTCC-1",4,"E_备选（极小扩增）","Ready","Single"
"G2_73","CALVEGDSAGNKLTF_CASSGTYSDYTF","TRAV6D-4","TRBV13-3","CALVEGDSAGNKLTF","CASSGTYSDYTF","TRAJ17","TRBJ1-2",4,"GDSVTQKQGQVTLSEDDFLFINCTYS","TTTYPT","LFWYVQYPGQGPQLLLK","VTTANNK","GISRGFEATYDKGTTSFHLQKASVQESDSAVYF","GIGTRVLVRP","EAAVTQSPRSKVAVTGGKVTLSCHQT","NNHDY","MYWYRQDTGHGLRLIHY","SYVADS","TEKGDIPDGYKASRPSQENFSLILELASLSQTAVYF","GSGTRLLVI","G2_73_AACTCGGGTCGTAATA-1;G2_73_CTCATGAAGCGTTCAA-1;G2_73_CTCCGGTTCAATTCGG-1;G2_73_GGTATGCTCACCAAAT-1",4,"E_备选（极小扩增）","Ready","Single"
"G2_73","CAMRPYGGSGNKLIF_CASGDAGFYAEQFF","TRAV6-3","TRBV12-2+TRBV13-2","CAMRPYGGSGNKLIF","CASGDAGFYAEQFF","TRAJ32","TRBJ2-1",4,"GDSVIQMQGQVTLSENDFLFINCTYS","TTGYPT","LFWYVQYSGEGPQLLLQ","VTTANNK","GSSRGFEATYDKGTTSFHLQKTSVQEIDSAVYY","GTGTLLSVKP","EAAVTQSPRNKVAVTGGKVTLSCNQT","NNHNN","MYWYRQDTGHGLRLIHY","SYGAGS","TEKGDIPDGYKASRPSQENFSLILELATPSQTSVYF","GPGTRLTVL","G2_73_AATTCGTAGAATACGA-1;G2_73_CAGCGCATCGCAACGT-1;G2_73_CGTACCTGTGCATCAG-1;G2_73_GGCGCAACAACTCGGC-1",4,"E_备选（极小扩增）","Ready","Multi_Allele"
"G2_73","CATALASSSFSKLVF_CASKEGQGWNSPLYF","TRAV8D-2","TRBV13-1","CATALASSSFSKLVF","CASKEGQGWNSPLYF","TRAJ50","TRBJ1-6",4,"SQWGEENLQALSIQEGEDVTMNCSYK","TYTTV","VHWYRQDSGRGPALIIL","IRSNERE","KRSGRLRATLDTSSQSSSLSITAAQCEDTAVYF","GQGTSLSVVP","EAAVTQSPRNKVTVTGGNVTLSCRQT","NSHNY","MYWYRQDTGHGLRLIHY","SYGAGN","LQIGDVPDGYKATRTTQEDFFLLLELASPSQTSLYF","AAGTRLTVT","G2_73_AAGGCCGCACACTTAA-1;G2_73_AGGAGGTGTGGGTTTG-1;G2_73_CCTGATTTCAGTACTG-1;G2_73_GTTGGGGCACACGTCA-1",4,"E_备选（极小扩增）","Ready","Single"
"G2_73","CATGGADRLTF_CASSFRGGADEQYF","TRAV8D-1","TRBV14","CATGGADRLTF","CASSFRGGADEQYF","TRAJ45","TRBJ2-7",4,"SQLAEENPWALSVHEGESVTVNCSYK","TSITA","LQWYRQKSGEGPAQLIL","IRSNERE","KRNGRLRATLDTSSQSSSLSITATRCEDTAVYF","GKGTQLIIQP","EAGVTQSPRYAVLQEGQAVSFWCDPI","SGHDT","LYWYQQPRDQGPQLLVY","FRDEAV","IDNSQLPSDRFSAVRPKGTNSTLKIQSAKQGDTATYL","GPGTRLTVL","G2_73_AGCTTACCAAGCAAAT-1;G2_73_CTGGGTTAGATGTAGA-1;G2_73_GCGCCTTTCACCCAAA-1;G2_73_GTAACTGTCGGTTAAT-1",4,"E_备选（极小扩增）","Ready","Single"
"G2_73","CAVPAPSGSWQLIF_CASGRTDNNQAPLF","TRAV7-3","TRBV12-2+TRBV13-2","CAVPAPSGSWQLIF","CASGRTDNNQAPLF","TRAJ22","TRBJ1-5",4,"QQNVQQSPESLIVPEGARTSLNCTFS","DSASQY","FWWYRQHSGKAPKALMS","IFSNGE","KEEGRFTIHLNKASLHFSLHIRDSQPSDSALYL","GSGTQLTVMP","EAAVTQSPRNKVAVTGGKVTLSCNQT","NNHNN","MYWYRQDTGHGLRLIHY","SYGAGS","TEKGDIPDGYKASRPSQENFSLILELATPSQTSVYF","GEGTRLSVL","G2_73_ACGAACGAGGGGGTAC-1;G2_73_AGACGCTTCGCCCGTT-1;G2_73_CTCGCTGGTATTGGTA-1;G2_73_CTGGGTGTCGTATCAG-1",4,"E_备选（极小扩增）","Ready","Multi_Allele"
"G2_73","CAVRDNYAQGLTF_CASSQVGTGVYAEQFF","TRAV1","TRBV2","CAVRDNYAQGLTF","CASSQVGTGVYAEQFF","TRAJ26","TRBJ2-1",4,"GQGVEQPDNLMSVEGTFARVNCTYS","TSGFNG","LSWYQQREGHAPVFLSY","VVLDGL","KDSGHFSTFLSRSNGYSYLLLTELQIKDSASYL","GLGTRVSVFP","DPKIIQKPKYLVAVTGSEKILICEQY","LGHNA","MYWYRQSAKKPLEFMFS","YSYQKL","MDNQTASSRFQPQSSKKNHLDLQITALKPDDSATYF","GPGTRLTVL","G2_73_CAATATGGTAAGTCCG-1;G2_73_CCTTGCGGTGTTATAG-1;G2_73_GCCATTAAGAGAAGCT-1;G2_73_GCTACATCAGCAACTT-1",4,"E_备选（极小扩增）","Ready","Single"
"G2_79","CAAPSSSFSKLVF_CASSFSTNTGQLYF","TRAV4-3","TRBV14","CAAPSSSFSKLVF","CASSFSTNTGQLYF","TRAJ50","TRBJ2-2",4,"GDQVKQSPSALSLQEGTNSALRCNFS","IATTT","VQWFLQNPRGSLMNLFY","LVPGT","KENGRLKSTFNSKESYSTLHIRDAQLEDSGTYF","GQGTSLSVVP","EAGVTQSPRYAVLQEGQAVSFWCDPI","SGHDT","LYWYQQPRDQGPQLLVY","FRDEAV","IDNSQLPSDRFSAVRPKGTNSTLKIQSAKQGDTATYL","GEGSKLTVL","G2_79_AAGCGTACAGTGCACC-1;G2_79_AGCAATTTCCGTCGTC-1;G2_79_ATGCTCCGTATCAGTA-1;G2_79_ATTAAGGAGATGGGGC-1",4,"E_备选（极小扩增）","Ready","Single"
"G2_79","CAASERSTGGNNKLTF_CASSDTSQNTLYF","TRAV7-4","TRBV13-1","CAASERSTGGNNKLTF","CASSDTSQNTLYF","TRAJ56","TRBJ2-4",4,"QQKVQQSPESLSVPEGGMASFNCTSS","DRNFQY","FWWYRQHSGEGPKALMS","IFSDGD","KKEGRFTAHLNKASLHVSLHIRDSQPSDSALYF","GQGTVLSVIP","EAAVTQSPRNKVTVTGGNVTLSCRQT","NSHNY","MYWYRQDTGHGLRLIHY","SYGAGN","LQIGDVPDGYKATRTTQEDFFLLLELASPSQTSLYF","GAGTRLSVL","G2_79_AGGCGGTAGAGCAACG-1;G2_79_CCGGTTACAGCGCATC-1;G2_79_CTTGGGTAGGCTTACA-1;G2_79_GTCCATAAGGGTCGTT-1",4,"E_备选（极小扩增）","Ready","Single"
"G2_79","CALRATSSGQKLVF_CASSLRDRVTEVFF","TRAV6-5","TRBV19","CALRATSSGQKLVF","CASSLRDRVTEVFF","TRAJ16","TRBJ1-1",4,"GDSVTQTEGPVTLSEGTSLTVNCSYE","TKQYPT","LFWYVQYPGEGPQLLFK","VPKANEK","GSSRGFEATYNKEATSFHLQKASVQESDSAVYY","GQGTILKVYL","GGIITQTPKFLIGQEGQKLTLKCQQN","FNHDT","MYWYRQDSGKGLRLIYY","SITEND","LQKGDLSEGYDASREKKSSFSLTVTSAQKNEMAVFL","GKGTRLTVV","G2_79_AGACTTGTCATGTGGC-1;G2_79_CGGGATTTCATGTAAC-1;G2_79_GGAGTATAGGTTCGCG-1;G2_79_GGTCATATCCAGCGCA-1",4,"E_备选（极小扩增）","Ready","Single"
"G2_79","CALSGNNNNRIFF_CASSPF","TRAV6-5","TRBV3","CALSGNNNNRIFF","CASSPF","TRAJ31","TRBJ1-1",4,"GDSVTQTEGPVTLSEGTSLTVNCSYE","TKQYPT","LFWYVQYPGEGPQLLFK","VPKANEK","GSSRGFEATYNKEATSFHLQKASVQESDSAVYY","GDGTQLVVKP","GPKVLQIPSHQIIDMGQMVTLNCDPV","SNHLY","FYWYKQILGQQMEFLVN","FYNGKV","MEKSKLFKDQFSVERPDGSYFTLKIQPTALEDSAVYF","GKGTRLTVV","G2_79_AGGCGCTGTCCAAAGT-1;G2_79_CAGGAGCAGCTGTACA-1;G2_79_GCATACCAGCGAAGCA-1;G2_79_GCTATAAGTCCCTAGT-1",4,"E_备选（极小扩增）","Ready","Single"
"G2_79","CAVNTGANTGKLTF_CAWGGQTNSDYTF","TRAV8D-1","TRBV31","CAVNTGANTGKLTF","CAWGGQTNSDYTF","TRAJ52","TRBJ1-2",4,"SQLAEENPWALSVHEGESVTVNCSYK","TSITA","LQWYRQKSGEGPAQLIL","IRSNERE","KRNGRLRATLDTSSQSSSLSITATRCEDTAVYF","GHGTILRVHP","AQTIHQWPVAEIKAVGSPLSLGCTIK","GKSSPN","LYWYWQATGGTLQQLFY","SITVG","QVESVVQLNLSASRPKDDQFILSTEKLLLSHSGFYL","GSGTRLLVI","G2_79_ACCCTATTCAGGACTC-1;G2_79_CCGTATAAGAAGCGTG-1;G2_79_GCACACCCAAAAGCCA-1;G2_79_GGGACATCAACAGGGT-1",4,"E_备选（极小扩增）","Ready","Single"
"G2_79","CAVRTGNTRKLIF_CASSEGGRYEQYF","TRAV9N-4","TRBV13-1","CAVRTGNTRKLIF","CASSEGGRYEQYF","TRAJ37","TRBJ2-7",4,"AQSVTQPDARVTVSEGASLQLRCKYS","YSATPY","LFWYVQYPRQGLQMLLK","YYSGDPVV","QGVNGFEAEFSKSDSSFHLRKASVHWSDSAVYF","GLGTTLQVQP","EAAVTQSPRNKVTVTGGNVTLSCRQT","NSHNY","MYWYRQDTGHGLRLIHY","SYGAGN","LQIGDVPDGYKATRTTQEDFFLLLELASPSQTSLYF","GPGTRLTVL","G2_79_ACCCCGTTCCTGCATT-1;G2_79_ATCATCGAGATGATGA-1;G2_79_GCTAAGGAGCAGGGGT-1;G2_79_GGCTCTCTCGCTTTCG-1",4,"E_备选（极小扩增）","Ready","Single"
"G2_79","CVVGDRGSALGRLHF_CASSRGTGGADQDTQYF","TRAV11","TRBV17","CVVGDRGSALGRLHF","CASSRGTGGADQDTQYF","TRAJ18","TRBJ2-5",4,"KTQVEQSPQSLVVRQGENCVLQCNYS","VTPDNH","LRWFKQDTGKGLVSLTV","LVHENDK","TSNGRYSATLDKDAKHSTLHITATLLDDTATYI","GAGTQLIVIP","DTTVKQNPRYKLARVGKPVNLICSQT","MNHDT","MYWYQKKPNQAPKLLLF","YYDKIL","NREADTFEKFQSSRPNNSFCSLYIGSAGLEYSAMYL","GPGTRLLVL","G2_79_ACATTCCTCCATGGGT-1;G2_79_ATACGCTCAGCTATCG-1;G2_79_CATCTATGTGGTGTCA-1;G2_79_GTTGTCCGTGTCGCTT-1",4,"E_备选（极小扩增）","Ready","Single"
"G2_63","CAAEAGGGYKVVF_CASSFPTGGVNERLFF","TRAV4-3","TRBV10","CAAEAGGGYKVVF","CASSFPTGGVNERLFF","TRAJ12","TRBJ1-4",3,"GDKVKQSPSALSLQEGTNSALRCNFS","IAATT","VQWFLQNPRGSLINLFY","LVPGT","KENGRLKSTFNSKESYSTLHIRDAQLEDSGTYF","GSGTRLLVSP","ETAVFQTPNYHVTQVGNEVSFNCKQT","LGHDT","MYWYKQDSKKLLKIMFS","YNNKQL","IVNETVPRRFSPQSSDKAHLNLRIKSVEPEDSAVYL","GHGTKLSVL","G2_63_ATGGGTGAGAACAGGT-1;G2_63_GCGTCTTGTAAAGCTC-1;G2_63_GGGGCTTGTACAGCGC-1",3,"E_备选（极小扩增）","Ready","Single"
"G2_63","CAAGTNYGNEKITF_CASRGTFGSQNTLYF","TRAV19","TRBV19","CAAGTNYGNEKITF","CASRGTFGSQNTLYF","TRAJ48","TRBJ2-4",3,"GQQVKQSSPSLTVQEGGILILNCDYE","NDMFDY","FAWYKKYPDNSPTLLIS","VRSNVDK","REDGRFTVFLNKSGKHFSLHITASQPEDTAVYL","GAGTKLTIKP","GGIITQTPKFLIGQEGQKLTLKCQQN","FNHDT","MYWYRQDSGKGLRLIYY","SITEND","LQKGDLSEGYDASREKKSSFSLTVTSAQKNEMAVFL","GAGTRLSVL","G2_63_ACAAGTCGTACTCATT-1;G2_63_CTAACCGCACACAAGA-1;G2_63_GGTCGCATCATTCGCT-1",3,"E_备选（极小扩增）","Ready","Single"
"G2_63","CAARTSGGNYKPTF_CASSTNRGANSDYTF","TRAV7-4","TRBV10","CAARTSGGNYKPTF","CASSTNRGANSDYTF","TRAJ6","TRBJ1-2",3,"QQKVQQSPESLSVPEGGMASFNCTSS","DRNFQY","FWWYRQHSGEGPKALMS","IFSDGD","KKEGRFTAHLNKASLHVSLHIRDSQPSDSALYF","GKGTSLVVHP","ETAVFQTPNYHVTQVGNEVSFNCKQT","LGHDT","MYWYKQDSKKLLKIMFS","YNNKQL","IVNETVPRRFSPQSSDKAHLNLRIKSVEPEDSAVYL","GSGTRLLVI","G2_63_GCTAGATGTACTCGCT-1;G2_63_GGAGAGGAGCTCCTCA-1;G2_63_GGTTTCAAGAGGCCAA-1",3,"E_备选（极小扩增）","Ready","Single"
"G2_63","CAASDLSSGSWQLIF_CASSQDSWGQNTLYF","TRAV7-4","TRBV2","CAASDLSSGSWQLIF","CASSQDSWGQNTLYF","TRAJ22","TRBJ2-4",3,"QQKVQQSPESLSVPEGGMASFNCTSS","DRNFQY","FWWYRQHSGEGPKALMS","IFSDGD","KKEGRFTAHLNKASLHVSLHIRDSQPSDSALYF","GSGTQLTVMP","DPKIIQKPKYLVAVTGSEKILICEQY","LGHNA","MYWYRQSAKKPLEFMFS","YSYQKL","MDNQTASSRFQPQSSKKNHLDLQITALKPDDSATYF","GAGTRLSVL","G2_63_ATATTGCAGCCGTTGG-1;G2_63_GCACGTGTCGTACGGT-1;G2_63_GTTGATTAGAGGGCGT-1",3,"E_备选（极小扩增）","Ready","Single"
"G2_63","CAASGGATGGNNKLTF_CASSDARRDTQYF","TRAV14D-3-DV8","TRBV13-1","CAASGGATGGNNKLTF","CASSDARRDTQYF","TRAJ56","TRBJ2-5",3,"QQQVRQSPQSLTVWEGETAILNCSYE","NSAFDY","FPWYQQFPGEGPALLIS","ILSVSNK","KEDGRFTIFFNKREKKLSLHIADSQPGDSATYF","GQGTVLSVIP","EAAVTQSPRNKVTVTGGNVTLSCRQT","NSHNY","MYWYRQDTGHGLRLIHY","SYGAGN","LQIGDVPDGYKATRTTQEDFFLLLELASPSQTSLYF","GPGTRLLVL","G2_63_ATCACGTCAACGAGAC-1;G2_63_ATCCGACAGGGCGAGT-1;G2_63_CGTAGAGAGCTTCGTT-1",3,"E_备选（极小扩增）","Ready","Single"
"G2_63","CAASNTASLGKLQF_CASSHPGTRQNTLYF","TRAV14N-2","TRBV2","CAASNTASLGKLQF","CASSHPGTRQNTLYF","TRAJ24","TRBJ2-4",3,"QQQVRQSPQSLTVWEGETTILNCSYE","DSTFDY","FPWYRQFPGKSPALLIA","ISLVSNK","KEDGRFTIFFNKREKKLSLHITDSQPGDSATYF","GTGTQVVVTP","DPKIIQKPKYLVAVTGSEKILICEQY","LGHNA","MYWYRQSAKKPLEFMFS","YSYQKL","MDNQTASSRFQPQSSKKNHLDLQITALKPDDSATYF","GAGTRLSVL","G2_63_AATCACCCACAACAGA-1;G2_63_CATCTTCAGACTATGT-1;G2_63_CCTTAACTCGCTGTGG-1",3,"E_备选（极小扩增）","Ready","Single"
"G2_63","CAASTGYQNFYF_CASSSVGHTNERLFF","TRAV7D-4","TRBV15","CAASTGYQNFYF","CASSSVGHTNERLFF","TRAJ49","TRBJ1-4",3,"QQKVQQSPESLSVPEGGMASLNCTSS","DRNFQY","FWWYRQHSGEGPKALMS","IFSDGD","KKEGRFTAHLNKASLHVSLHIRDSQPSDSALYF","GKGTSLTVIP","DAGVTQTPRHEVAEKGQTIILKCEPV","SGHND","LFWYRQTKIQGLELLSY","FRSKSL","MEDGGAFKDRFKAEMLNSSFSTLKIQPTEPKDSAVYL","GHGTKLSVL","G2_63_AGCGGGAGTAGTTAGC-1;G2_63_ATCCGAGGTACGGATT-1;G2_63_CACTTACTCCTTCTAA-1",3,"E_备选（极小扩增）","Ready","Single"
"G2_63","CAATNNAGAKLTF_CASGEMRRKSQNTLYF","TRAV14N-2","TRBV12-2+TRBV13-2","CAATNNAGAKLTF","CASGEMRRKSQNTLYF","TRAJ39","TRBJ2-4",3,"QQQVRQSPQSLTVWEGETAILNCSYE","DSTFDY","FPWYRLFPGESPALLIA","IRPVSNK","KEDGRFTIFFNKREKKLSLHITDSQPGDSATYF","GGGTRLTVRP","EAAVTQSPRNKVAVTGGKVTLSCNQT","NNHNN","MYWYRQDTGHGLRLIHY","SYGAGS","TEKGDIPDGYKASRPSQENFSLILELATPSQTSVYF","GAGTRLSVL","G2_63_CATATTCGTCGCCATT-1;G2_63_CTAGTGGGTAAAGCTC-1;G2_63_CTGCATTTCCATAACG-1",3,"E_备选（极小扩增）","Ready","Multi_Allele"
"G2_63","CAGSNTGYQNFYF_CASSFRQGSAETLYF","TRAV5N-4","TRBV29","CAGSNTGYQNFYF","CASSFRQGSAETLYF","TRAJ49","TRBJ2-3",3,"GEQVEQLPSILRVQEGSSASINCTYE","NSASNY","FPWYKQEPGENPKLIID","IRSNMER","KQTQGLIVLLDKKAKRFSLHITDTQPGDSAMYF","GKGTSLTVIP","DMKVTQMPRYLIKRMGENVLLECGQD","MSHET","MYWYRQDPGLGLQLIYI","SYDVDS","NSEGDIPKGYRVSRKKREHFSLILDSAKTNQTSVYF","GSGTRLTVL","G2_63_ATCAGGGAGCCGTCAG-1;G2_63_CCTTCATAGCACAATT-1;G2_63_GGGTGAGGTCGACTAG-1",3,"E_备选（极小扩增）","Ready","Single"
"G2_63","CALEGLNQGGSAKLIF_CASRASYNSPLYF","TRAV17","TRBV13-1","CALEGLNQGGSAKLIF","CASRASYNSPLYF","TRAJ57","TRBJ1-6",3,"AQSVDQPDAHVTLYEGASLELRCSYS","YSAAPY","LFWYVQYPGQSLQFLLK","YITGDAVV","KGTKGFEAEFRKSNSSFNLKKSPAHWSDSAKYF","GEGTKLTVSS","EAAVTQSPRNKVTVTGGNVTLSCRQT","NSHNY","MYWYRQDTGHGLRLIHY","SYGAGN","LQIGDVPDGYKATRTTQEDFFLLLELASPSQTSLYF","AAGTRLTVT","G2_63_CCATTCAGTACTGGAT-1;G2_63_GTGCGAGCAAACATAA-1;G2_63_GTTCTACTCGCGCCTT-1",3,"E_备选（极小扩增）","Ready","Single"
"G2_63","CALSASSGSWQLIF_CASSRQGGDTQYF","TRAV6N-7","TRBV13-3","CALSASSGSWQLIF","CASSRQGGDTQYF","TRAJ22","TRBJ2-5",3,"GDSVTQTEGQVALSEEDFLTIHCNYS","ASGYPA","LFWYVQYPGEGPQFLFR","ASRDKEK","GSSRGFEATYNKEATSFHLQKASVQESDSAVYY","GSGTQLTVMP","EAAVTQSPRSKVAVTGGKVTLSCHQT","NNHDY","MYWYRQDTGHGLRLIHY","SYVADS","TEKGDIPDGYKASRPSQENFSLILELASLSQTAVYF","GPGTRLLVL","G2_63_CAAAGGTAGAGCCGTT-1;G2_63_GCAACGTTCGTCGAAC-1;G2_63_GTAAGCTGTAAGCGCC-1",3,"E_备选（极小扩增）","Ready","Single"
"G2_63","CALSASSNTDKVVF_CASSEVREVFF","TRAV12N-2","TRBV13-1","CALSASSNTDKVVF","CASSEVREVFF","TRAJ34","TRBJ1-1",3,"GDSVTQTEGLVTLTEGLPVMLNCTYQ","TAYSTF","LFWYVQHLNEAPKLLLK","SSTDNKR","TEHQGFHATLHKSSSSFHLQKSSAQLSDSALYY","GTGTRLQVSP","EAAVTQSPRNKVTVTGGNVTLSCRQT","NSHNY","MYWYRQDTGHGLRLIHY","SYGAGN","LQIGDVPDGYKATRTTQEDFFLLLELASPSQTSLYF","GKGTRLTVV","G2_63_ATCGTTGAGGGGCGAT-1;G2_63_CTCCGACTCACGGTGT-1;G2_63_GTTCGGGTCATTCAAA-1",3,"E_备选（极小扩增）","Ready","Single"
"G2_63","CALSETGNYKYVF_CASSIRLGGLGEQYF","TRAV6N-7","TRBV19","CALSETGNYKYVF","CASSIRLGGLGEQYF","TRAJ40","TRBJ2-7",3,"GDSVTQTEGQVALSEEDFLTIHCNYS","ASGYPA","LFWYVQYPGEGPQFLFR","ASRDKEK","GSSRGFEATYNKEATSFHLQKASVQESDSAVYY","GAGTRLKVIA","GGIITQTPKFLIGQEGQKLTLKCQQN","FNHDT","MYWYRQDSGKGLRLIYY","SITEND","LQKGDLSEGYDASREKKSSFSLTVTSAQKNEMAVFL","GPGTRLTVL","G2_63_ACGTAATTCAGTTTAA-1;G2_63_AGCTGAACAGTTGCCA-1;G2_63_ATTCATGCACATACCG-1",3,"E_备选（极小扩增）","Ready","Single"
"G2_63","CALSPNSGTYQRF_CASSESGAGNTLYF","TRAV6-5","TRBV13-1","CALSPNSGTYQRF","CASSESGAGNTLYF","TRAJ13","TRBJ1-3",3,"GDSVTQTEGPVTLSEGTSLTVNCSYE","TKQYPT","LFWYVQYPGEGPQLLFK","VPKANEK","GSSRGFEATYNKEATSFHLQKASVQESDSAVYY","GTGTKLQVVP","EAAVTQSPRNKVTVTGGNVTLSCRQT","NSHNY","MYWYRQDTGHGLRLIHY","SYGAGN","LQIGDVPDGYKATRTTQEDFFLLLELASPSQTSLYF","GEGSRLIVV","G2_63_CTAATCTGTACCTAGG-1;G2_63_GGCGGTACACCGTTAG-1;G2_63_GTCCGCTTCCCACTTG-1",3,"E_备选（极小扩增）","Ready","Single"
"G2_63","CALVRTTASLGKLQF_CAWSLDFGGSAETLYF","TRAV6N-5","TRBV31","CALVRTTASLGKLQF","CAWSLDFGGSAETLYF","TRAJ24","TRBJ2-3",3,"DSVTQTEGPVTLSEGTSLTVNCSYET","KQYPTL","FWYVQYPGEGPQLLFKV","PKANEKG","SNRGFEATYNKEATSFHLQKASVQESDSAVYY","GTGTQVVVTP","AQTIHQWPVAEIKAVGSPLSLGCTIK","GKSSPN","LYWYWQATGGTLQQLFY","SITVG","QVESVVQLNLSASRPKDDQFILSTEKLLLSHSGFYL","GSGTRLTVL","G2_63_ATATTGGGTGGGGTTC-1;G2_63_CAAGACGAGGCCATAC-1;G2_63_CAATTAATCGGACATC-1",3,"E_备选（极小扩增）","Ready","Single"
"G2_63","CAMREGRPSGSWQLIF_CASGDLWEGNQAPLF","TRAV16N","TRBV13-2","CAMREGRPSGSWQLIF","CASGDLWEGNQAPLF","TRAJ22","TRBJ1-5",3,"AQKVTQTQTSISVMEKTTVTMDCVYE","TQDSSYF","LFWYKQTASGEIVFLIR","QDSYKKEN","ATVGHYSLNFQKPKSSIGLIITATQIEDSAVYF","GSGTQLTVMP","EAAVTQSPRNKVAVTGGKVTLSCNQT","NNHNN","MYWYRQDTGHGLRLIHY","SYGAGS","TEKGDIPDGYKASRPSQENFSLILELATPSQTSVYF","GEGTRLSVL","G2_63_ATAAGGGGTAGAGATG-1;G2_63_CATTCCGTCCTCGGGA-1;G2_63_GCTCTAGCACTTCTAT-1",3,"E_备选（极小扩增）","Ready","Single"
"G2_63","CAMRENQGGRALIF_CASSSGTGASDYTF","TRAV6-3","TRBV19","CAMRENQGGRALIF","CASSSGTGASDYTF","TRAJ15","TRBJ1-2",3,"GDSVIQMQGQVTLSENDFLFINCTYS","TTGYPT","LFWYVQYSGEGPQLLLQ","VTTANNK","GSSRGFEATYDKGTTSFHLQKTSVQEIDSAVYY","GTGTTVSVSP","GGIITQTPKFLIGQEGQKLTLKCQQN","FNHDT","MYWYRQDSGKGLRLIYY","SITEND","LQKGDLSEGYDASREKKSSFSLTVTSAQKNEMAVFL","GSGTRLLVI","G2_63_AAGTGTAAGAGGGTGC-1;G2_63_GGCTAAGAGGGTGATG-1;G2_63_GGGACTCGTAGTCGGC-1",3,"E_备选（极小扩增）","Ready","Single"
"G2_63","CATGGADRLTF_CASSFRGGQDTQYF","TRAV8D-1","TRBV14","CATGGADRLTF","CASSFRGGQDTQYF","TRAJ45","TRBJ2-5",3,"SQLAEENPWALSVHEGESVTVNCSYK","TSITA","LQWYRQKSGEGPAQLIL","IRSNERE","KRNGRLRATLDTSSQSSSLSITATRCEDTAVYF","GKGTQLIIQP","EAGVTQSPRYAVLQEGQAVSFWCDPI","SGHDT","LYWYQQPRDQGPQLLVY","FRDEAV","IDNSQLPSDRFSAVRPKGTNSTLKIQSAKQGDTATYL","GPGTRLLVL","G2_63_ACATTAATCCTTCTAA-1;G2_63_CAGGGGTAGCCATAGC-1;G2_63_CTTATGTGTCTTAGCC-1",3,"E_备选（极小扩增）","Ready","Single"
"G2_63","CAVNSNSGTYQRF_CASRPTGRANSDYTF","TRAV9-1","TRBV10","CAVNSNSGTYQRF","CASRPTGRANSDYTF","TRAJ13","TRBJ1-2",3,"TQTVSQSDAHVTVFEGDSVELRCNYS","YGGSIY","LSWYIQHHGRGLQFLLK","YYSGNPVV","QGVNGFEAEFSKSDSSFHLRKASVHWSDSAVYF","GTGTKLQVVP","ETAVFQTPNYHVTQVGNEVSFNCKQT","LGHDT","MYWYKQDSKKLLKIMFS","YNNKQL","IVNETVPRRFSPQSSDKAHLNLRIKSVEPEDSAVYL","GSGTRLLVI","G2_63_AAGGGGCTCCAAGCTA-1;G2_63_CGTCTCCAGCAATCCA-1;G2_63_GCTTCGGAGGTCTGTA-1",3,"E_备选（极小扩增）","Ready","Single"
"G2_63","CAVSMPSGSWQLIF_CASGDANSPLYF","TRAV7-3","TRBV12-2+TRBV13-2","CAVSMPSGSWQLIF","CASGDANSPLYF","TRAJ22","TRBJ1-6",3,"QQNVQQSPESLIVPEGARTSLNCTFS","DSASQY","FWWYRQHSGKAPKALMS","IFSNGE","KEEGRFTIHLNKASLHFSLHIRDSQPSDSALYL","GSGTQLTVMP","EAAVTQSPRNKVAVTGGKVTLSCNQT","NNHNN","MYWYRQDTGHGLRLIHY","SYGAGS","TEKGDIPDGYKASRPSQENFSLILELATPSQTSVYF","AAGTRLTVT","G2_63_CTCTGGCTCCGTCAAA-1;G2_63_CTGTGAGGTCTTAGCC-1;G2_63_GCTCATTTCCCTGCAC-1",3,"E_备选（极小扩增）","Ready","Multi_Allele"
"G2_63","CVVGDRGSALGRLHF_CASSLSNGQGVGNTLYF","TRAV11","TRBV29","CVVGDRGSALGRLHF","CASSLSNGQGVGNTLYF","TRAJ18","TRBJ1-3",3,"KTQVEQSPQSLVVRQGENCVLQCNYS","VTPDNH","LRWFKQDTGKGLVSLTV","LVHENDK","TSNGRYSATLDKDAKHSTLHITATLLDDTATYI","GAGTQLIVIP","DMKVTQMPRYLIKRMGENVLLECGQD","MSHET","MYWYRQDPGLGLQLIYI","SYDVDS","NSEGDIPKGYRVSRKKREHFSLILDSAKTNQTSVYF","GEGSRLIVV","G2_63_CATCACAAGATCTGCA-1;G2_63_GTCGCGGGTCTCGCAT-1;G2_63_GTGTATAGTATGCTCC-1",3,"E_备选（极小扩增）","Ready","Single"
"G2_73","CAAEAGSGSWQLIF_CASSIRGRGNTLYF","TRAV4-4-DV10","TRBV19","CAAEAGSGSWQLIF","CASSIRGRGNTLYF","TRAJ22","TRBJ1-3",3,"GDQVEQSPSALSLHEGTDSALRCNFT","TTMRS","VQWFRQNSRGSLISLFY","LASGT","KENGRLKSAFDSKERRYSTLHIRDAQLEDSGTYF","GSGTQLTVMP","GGIITQTPKFLIGQEGQKLTLKCQQN","FNHDT","MYWYRQDSGKGLRLIYY","SITEND","LQKGDLSEGYDASREKKSSFSLTVTSAQKNEMAVFL","GEGSRLIVV","G2_73_AAAGCGAGTCATTTCG-1;G2_73_ATCTGACCACATATCA-1;G2_73_GTGTCGCCACAGTTCG-1",3,"E_备选（极小扩增）","Ready","Single"
"G2_73","CAAERGNEKITF_CASRPRGTENTLYF","TRAV4-4-DV10","TRBV10","CAAERGNEKITF","CASRPRGTENTLYF","TRAJ48","TRBJ2-4",3,"GDQVEQSPSALSLHEGTDSALRCNFT","TTMRS","VQWFRQNSRGSLISLFY","LASGT","KENGRLKSAFDSKERRYSTLHIRDAQLEDSGTYF","GAGTKLTIKP","ETAVFQTPNYHVTQVGNEVSFNCKQT","LGHDT","MYWYKQDSKKLLKIMFS","YNNKQL","IVNETVPRRFSPQSSDKAHLNLRIKSVEPEDSAVYL","GAGTRLSVL","G2_73_AAAGCGAGTGGTGTGC-1;G2_73_ACCACGAGTGGTATTA-1;G2_73_CGCCTAACAAAATCCC-1",3,"E_备选（极小扩增）","Ready","Single"
"G2_73","CAAEVGGSWQLIF_CASSPDRGRVSYEQYF","TRAV4-2","TRBV19","CAAEVGGSWQLIF","CASSPDRGRVSYEQYF","TRAJ22","TRBJ2-7",3,"GMPVEQNPPALSLYEGADSGLRCNFS","TTMKS","VQWFQQNHRGRLITLFY","LAQGT","KENGRLKSTFNSKERYSTLHIKDAQLEDSGTYF","GSGTQLTVMP","GGIITQTPKFLIGQEGQKLTLKCQQN","FNHDT","MYWYRQDSGKGLRLIYY","SITEND","LQKGDLSEGYDASREKKSSFSLTVTSAQKNEMAVFL","GPGTRLTVL","G2_73_ACTCCGACAATATTAC-1;G2_73_ACTTCTGGTCCAGGTA-1;G2_73_CCAACCGAGGGACATG-1",3,"E_备选（极小扩增）","Ready","Single"
"G2_73","CAASGSNNRIFF_CASSIMGAYEQYF","TRAV14N-3","TRBV19","CAASGSNNRIFF","CASSIMGAYEQYF","TRAJ31","TRBJ2-7",3,"QQQVRQSPQSLTVWEGETAILNCSYE","NSAFDY","FPWYQQFPGEGPALLIA","IRSVSDK","KEDGGFTIFFNKREKNLSLHIKDSQPGDSATYF","GDGTQLVVKP","GGIITQTPKFLIGQEGQKLTLKCQQN","FNHDT","MYWYRQDSGKGLRLIYY","SITEND","LQKGDLSEGYDASREKKSSFSLTVTSAQKNEMAVFL","GPGTRLTVL","G2_73_CACATACCAGTATTCA-1;G2_73_CTTGATGAGACATAAG-1;G2_73_GGGAATTAGCACCTCC-1",3,"E_备选（极小扩增）","Ready","Single"
"G2_73","CAASIRSNYQLIW_CASSQEGTGGSQNTLYF","TRAV10D","TRBV2","CAASIRSNYQLIW","CASSQEGTGGSQNTLYF","TRAJ33","TRBJ2-4",3,"GEKVEQHESTLSVREGDSAVINCTYT","DTASSY","FPWYKQEAGKGLHFVID","IRSNVDR","KQSQRLIVLLDKKAKRFSLHITATQPEDSAIYF","GSGTKLIIKP","DPKIIQKPKYLVAVTGSEKILICEQY","LGHNA","MYWYRQSAKKPLEFMFS","YSYQKL","MDNQTASSRFQPQSSKKNHLDLQITALKPDDSATYF","GAGTRLSVL","G2_73_AACAGAGGTGTTACGG-1;G2_73_CGATCAGGTGCATTCC-1;G2_73_GTCTAGCAGCACCCGA-1",3,"E_备选（极小扩增）","Ready","Single"
"G2_73","CAATGSGGKLTL_CTCSATGGAGTGQLYF","TRAV14N-2","TRBV1","CAATGSGGKLTL","CTCSATGGAGTGQLYF","TRAJ44","TRBJ2-2",3,"QQQVRQSPQSLTVWEGETAILNCSYE","DSTFDY","FPWYRLFPGESPALLIA","IRPVSNK","KEDGRFTIFFNKREKKLSLHITDSQPGDSATYF","GTGTRLQVNL","VTLLEQNPRWRLVPRGQAVNLRCILK","NSQYPW","MSWYQQDLQKQLQWLFT","LRSPGD","KEVKSLPGADYLATRVTDTELRLQVANMSQGRTLY","GEGSKLTVL","G2_73_AAATGGTCAATAAGAC-1;G2_73_AGTATTGGTGTACTCC-1;G2_73_CGTATTGAGCCGTTGG-1",3,"E_备选（极小扩增）","Ready","Single"
"G2_73","CAAVTGANTGKLTF_CASSQESWGNYEQYF","TRAV4-4-DV10","TRBV5","CAAVTGANTGKLTF","CASSQESWGNYEQYF","TRAJ52","TRBJ2-7",3,"GDQVEQSPSALSLHEGTDSALRCNFT","TTMRS","VQWFRQNSRGSLISLFY","LASGT","KENGRLKSAFDSKERRYSTLHIRDAQLEDSGTYF","GHGTILRVHP","NTKITQSPRYLILGRANKSLECEQH","LGHNA","MYWYKQSAEKPPELMFL","YNLKQL","IRNETVPSRFIPECPDSSKLLLHISAVDPEDSAVYF","GPGTRLTVL","G2_73_ACATACCCACAGGTCC-1;G2_73_ACTGGGGCAGGACCTC-1;G2_73_CCGCCATTCGCCATAA-1",3,"E_备选（极小扩增）","Ready","Single"
"G2_73","CAIELSSSFSKLVF_CASSFGANTEVFF","TRAV13N-2","TRBV14","CAIELSSSFSKLVF","CASSFGANTEVFF","TRAJ50","TRBJ1-1",3,"GQQVQQSPSSLVLQEGENAELQCNFS","STATQ","LQWFYQSPGGSLVSLLS","NPSGT","KHTGRLTSTTVTKERRSSLHISSSQTTDSGTYL","GQGTSLSVVP","EAGVTQSPRYAVLQEGQAVSFWCDPI","SGHDT","LYWYQQPRDQGPQLLVY","FRDEAV","IDNSQLPSDRFSAVRPKGTNSTLKIQSAKQGDTATYL","GKGTRLTVV","G2_73_ATCATGCCAGCAGCGA-1;G2_73_CTGCGTCTCACCAAGC-1;G2_73_GTCTTATGTACTATGA-1",3,"E_备选（极小扩增）","Ready","Single"
"G2_73","CALAPYQGGRALIF_CGARTGGSQNTLYF","TRAV6D-4","TRBV20","CALAPYQGGRALIF","CGARTGGSQNTLYF","TRAJ15","TRBJ2-4",3,"GDSVTQKQGQVTLSEDDFLFINCTYS","TTTYPT","LFWYVQYPGQGPQLLLK","VTTANNK","GISRGFEATYDKGTTSFHLQKASVQESDSAVYF","GTGTTVSVSP","GALVYQYPRRTICKSGTSMRMECQAV","GFQATS","VAWYRQSPQKTFELIAL","STVNSAI","KYEQNFTQEKFPISHPNLSFSSMTVLNAYLEDRGLYL","GAGTRLSVL","G2_73_ATGACGGAGGTATTCG-1;G2_73_GGTTATAGTCAGGTAT-1;G2_73_GGTTCGGTCCCTAGGG-1",3,"E_备选（极小扩增）","Ready","Single"
"G2_73","CALEGHSGGSNAKLTF_CGARGPYEQYF","TRAV17","TRBV20","CALEGHSGGSNAKLTF","CGARGPYEQYF","TRAJ42","TRBJ2-7",3,"AQSVDQPDAHVTLYEGASLELRCSYS","YSAAPY","LFWYVQYPGQSLQFLLK","YITGDAVV","KGTKGFEAEFRKSNSSFNLKKSPAHWSDSAKYF","GKGTKLSVKS","GALVYQYPRRTICKSGTSMRMECQAV","GFQATS","VAWYRQSPQKTFELIAL","STVNSAI","KYEQNFTQEKFPISHPNLSFSSMTVLNAYLEDRGLYL","GPGTRLTVL","G2_73_AACGGCGCACCCAGAC-1;G2_73_CGGGTTTAGATTACGT-1;G2_73_CTATGTTGTCGTTCCG-1",3,"E_备选（极小扩增）","Ready","Single"
"G2_73","CALGDGGYKVVF_CASSYDWGVEQYF","TRAV6N-7","TRBV10","CALGDGGYKVVF","CASSYDWGVEQYF","TRAJ12","TRBJ2-7",3,"GDSVTQTEGQVALSEEDFLTIHCNYS","ASGYPA","LFWYVQYPGEGPQFLFR","ASRDKEK","GSSRGFEATYNKETTSFHLQKASVQESDSAVYY","GSGTRLLVSP","ETAVFQTPNYHVTQVGNEVSFNCKQT","LGHDT","MYWYKQDSKKLLKIMFS","YNNKQL","IVNETVPRRFSPQSSDKAHLNLRIKSVEPEDSAVYL","GPGTRLTVL","G2_73_AGACTTTAGAGGACGC-1;G2_73_CCGAATATCCGCTAAA-1;G2_73_GGCGTTCCAACTTACA-1",3,"E_备选（极小扩增）","Ready","Single"
"G2_73","CALNNAGAKLTF_CTCSPTGTGGQNTLYF","TRAV6-5","TRBV1","CALNNAGAKLTF","CTCSPTGTGGQNTLYF","TRAJ39","TRBJ2-4",3,"GDSVTQTEGPVTLSEGTSLTVNCSYE","TKQYPT","LFWYVQYPGEGPQLLFK","VPKANEK","GSNRGFEATYNKEATSFHLQKASVQESDSAVYY","GGGTRLTVRP","VTLLEQNPRWRLVPRGQAVNLRCILK","NSQYPW","MSWYQQDLQKQLQWLFT","LRSPGD","KEVKSLPGADYLATRVTDTELRLQVANMSQGRTLY","GAGTRLSVL","G2_73_AGGACACCAATGGACA-1;G2_73_CGGAATTGTCTTAGGG-1;G2_73_GTTCATCTCCGGCTTC-1",3,"E_备选（极小扩增）","Ready","Single"
"G2_73","CALRDSNYQLIW_CASSLWDRGLNTLYF","TRAV6D-6","TRBV29","CALRDSNYQLIW","CASSLWDRGLNTLYF","TRAJ33","TRBJ2-4",3,"GDSVTQTEGQVTVSESKSLIINCTYS","ATSIAYPN","LFWYVRYPGEGLQLLLK","VITAGQK","GSSRGFEATYNKETTSFHLQKASVQESDSAVYY","GSGTKLIIKP","DMKVTQMPRYLIKRMGENVLLECGQD","MSHET","MYWYRQDPGLGLQLIYI","SYDVDS","NSEGDIPKGYRVSRKKREHFSLILDSAKTNQTSVYF","GAGTRLSVL","G2_73_CGCTGACCAACACTTA-1;G2_73_GCCAAATGTGGAATGA-1;G2_73_GCTTTGAAGACGATGG-1",3,"E_备选（极小扩增）","Ready","Single"
"G2_73","CALSDPPGNTRKLIF_CTCSAGGGERLFF","TRAV12-1","TRBV1","CALSDPPGNTRKLIF","CTCSAGGGERLFF","TRAJ37","TRBJ1-4",3,"GDSVTQTEGLVTVTEGLPVKLNCTYQ","TTYLTIA","FFWYVQYLNEAPQVLLR","SSTDNKR","TEHQGFHATLHKSSSSFHLQKSSAQLSDSALYY","GLGTTLQVQP","VTLLEQNPRWRLVPRGQAVNLRCILK","NSQYPW","MSWYQQDLQKQLQWLFT","LRSPGD","KEVKSLPGADYLATRVTDTELRLQVANMSQGRTLY","GHGTKLSVL","G2_73_AGCCTCCTCATGTGGC-1;G2_73_GGAAGCTCAGTCGGTC-1;G2_73_GGACCGACAACGTCGC-1",3,"E_备选（极小扩增）","Ready","Single"
"G2_73","CALSNTDKVVF_CAWRTDSGNTLYF","TRAV6N-5","TRBV31","CALSNTDKVVF","CAWRTDSGNTLYF","TRAJ34","TRBJ1-3",3,"DSVTQTEGPVTLSEGTSLTVNCSYET","KQYPTL","FWYVQYPGEGPQLLFKV","PKANEKG","SNRGFEATYNKEATSFHLQKASVQESDSAVYY","GTGTRLQVSP","AQTIHQWPVAEIKAVGSPLSLGCTIK","GKSSPN","LYWYWQATGGTLQQLFY","SITVG","QVESVVQLNLSASRPKDDQFILSTEKLLLSHSGFYL","GEGSRLIVV","G2_73_AAGGTAATCACTTGCT-1;G2_73_CGCTGCAAGCGTAATT-1;G2_73_GCTCCGCGTGGTAAAG-1",3,"E_备选（极小扩增）","Ready","Single"
"G2_73","CALSPNNNRIFF_CASSLDRKGLFF","TRAV6-5","TRBV29","CALSPNNNRIFF","CASSLDRKGLFF","TRAJ31","TRBJ1-4",3,"GDSVTQTEGPVTLSEGTSLTVNCSYE","TKQYPT","LFWYVQYPGEGPQLLFK","VPKANEK","GSSRGFEATYNKEATSFHLQKASVQESDSAVYY","GDGTQLVVKP","DMKVTQMPRYLIKRMGENVLLECGQD","MSHET","MYWYRQDPGLGLQLIYI","SYDVDS","NSEGDIPKGYRVSRKKREHFSLILDSAKTNQTSVYF","GHGTKLSVL","G2_73_ATATGGCGTCTTCAAT-1;G2_73_CCTATTCAGCGTTGGT-1;G2_73_GGCGGTTGTGTAATTG-1",3,"E_备选（极小扩增）","Ready","Single"
"G2_73","CALVRGSALGRLHF_CASSETGSAETLYF","TRAV6N-5","TRBV17","CALVRGSALGRLHF","CASSETGSAETLYF","TRAJ18","TRBJ2-3",3,"DSVTQTEGPVTLSEGTSLTVNCSYET","KQYPTL","FWYVQYPGEGPQLLFKV","PKANEKG","SNRGFEATYNKEATSFHLQKASVQESDSAVYY","GAGTQLIVIP","DTTVKQNPRYKLARVGKPVNLICSQT","MNHDT","MYWYQKKPNQAPKLLLF","YYDKIL","NREADTFEKFQSSRPNNSFCSLYIGSAGLEYSAMYL","GSGTRLTVL","G2_73_ACAAGATCAGCATTAC-1;G2_73_CATCGCTGTCCTTCGG-1;G2_73_CGGCACTCACTGACGC-1",3,"E_备选（极小扩增）","Ready","Single"
"G2_73","CAMRGFMQQGTGSKLSF_CASSDVGFGNTLYF","TRAV16N","TRBV13-3","CAMRGFMQQGTGSKLSF","CASSDVGFGNTLYF","TRAJ58","TRBJ1-3",3,"AQKVTQTQTSISVMEKTTVTMDCVYE","TQDSSYF","LFWYKQTASGEIVFLIR","QDSYKKEN","ATVGHYSLNFQKPKSSIGLIITATQIEDSAVYF","GKGAKLTVSP","EAAVTQSPRSKVAVTGGKVTLSCHQT","NNHDY","MYWYRQDTGHGLRLIHY","SYVADS","TEKGDIPDGYKASRPSQENFSLILELASLSQTAVYF","GEGSRLIVV","G2_73_ACCACATCAGTCGGTC-1;G2_73_CGGCGTATCGCCCGTT-1;G2_73_CTGCACCTCGCTCCTA-1",3,"E_备选（极小扩增）","Ready","Single"
"G2_73","CAMSMANTGKLTF_CASSDNWGQDTQYF","TRAV7N-5","TRBV13-3","CAMSMANTGKLTF","CASSDNWGQDTQYF","TRAJ27","TRBJ2-5",3,"QQKVQQSPESLTVSEGAMASLNCTFS","DGTSDN","FRWYRQHSGKGLEVLVS","IFSDGE","KEEGRFTAHLNRASLHVSLHIREPQPSDSAVYL","GDGTVLTVKP","EAAVTQSPRSKVAVTGGKVTLSCHQT","NNHDY","MYWYRQDTGHGLRLIHY","SYVADS","TEKGDIPDGYKASRPSQENFSLILELASLSQTAVYF","GPGTRLLVL","G2_73_CAGTAAGCAGTGGCGA-1;G2_73_CGGGCATGTCTAGCAG-1;G2_73_CTCGCAACAACAGAGC-1",3,"E_备选（极小扩增）","Ready","Single"
"G2_73","CAPLNSGGSNYKLTF_CASSQGGEQYF","TRAV7D-3","TRBV17","CAPLNSGGSNYKLTF","CASSQGGEQYF","TRAJ53","TRBJ2-7",3,"QQKVQQSPESLIVPEGAMTSLNCTFS","DSASQY","FAWYRQHSGKAPKALMS","IFSNGE","KEEGRFTIHLNKASLHFSLHIRDSQPSDSALYL","GKGTLLTVTP","DTTVKQNPRYKLARVGKPVNLICSQT","MNHDT","MYWYQKKPNQAPKLLLF","YYDKIL","NREADTFEKFQSSRPNNSFCSLYIGSAGLEYSAMYL","GPGTRLTVL","G2_73_CAAAGCCTCGCTCCAC-1;G2_73_GGTTGGTTCACGTATG-1;G2_73_GGTTTCCGTGCATTGG-1",3,"E_备选（极小扩增）","Ready","Single"
"G2_73","CATDHNYAQGLTF_CASRDRGHEQYF","TRAV8D-1","TRBV19","CATDHNYAQGLTF","CASRDRGHEQYF","TRAJ26","TRBJ2-7",3,"SQLAEENLWALSVHEGESVTVNCSYK","TSITA","LQWYRQKSGEGPAQLIL","IRSNERE","KRNGRLRATLDTSSQSSSLSITATRCEDTAVYF","GLGTRVSVFP","GGIITQTPKFLIGQEGQKLTLKCQQN","FNHDT","MYWYRQDSGKGLRLIYY","SITEND","LQKGDLSEGYDASREKKSSFSLTVTSAQKNEMAVFL","GPGTRLTVL","G2_73_AGACTTTAGCTAGCGT-1;G2_73_CGATAGACAAGACGAC-1;G2_73_GCTAAGGAGACATGAA-1",3,"E_备选（极小扩增）","Ready","Single"
"G2_73","CAVSDTYAQGLTF_CASSTGTVSNERLFF","TRAV3-3","TRBV13-3","CAVSDTYAQGLTF","CASSTGTVSNERLFF","TRAJ26","TRBJ1-4",3,"GEQVEQRPPHLSVREGDSAFITCTYT","DPNSYY","FFWYKQEPGASLQLLMK","VFSSTEI","NEGQGFTVLLNKKDKRLSLNLTAAHPGDSAAYF","GLGTRVSVFP","EAAVTQSPRSKVAVTGGKVTLSCHQT","NNHDY","MYWYRQDTGHGLRLIHY","SYVADS","TEKGDIPDGYKASRPSQENFSLILELASLSQTAVYF","GHGTKLSVL","G2_73_AGCTGCCCACACTCTC-1;G2_73_GCGTAGAAGCCCACGA-1;G2_73_GGTCGTCCAACGCCAC-1",3,"E_备选（极小扩增）","Ready","Single"
"G2_73","CAVSMEGSNAKLTF_CASSEGGEQYF","TRAV7-3","TRBV13-1","CAVSMEGSNAKLTF","CASSEGGEQYF","TRAJ42","TRBJ2-7",3,"QQNVQQSPESLIVPEGARTSLNCTFS","DSASQY","FWWYRQHSGKAPKALMS","IFSNGE","KEEGRFTIHLNKASLHFSLHIRDSQPSDSALYL","GKGTKLSVKS","EAAVTQSPRNKVTVTGGNVTLSCRQT","NSHNY","MYWYRQDTGHGLRLIHY","SYGAGN","LQIGDVPDGYKATRTTQEDFFLLLELASPSQTSLYF","GPGTRLTVL","G2_73_ATCCGTTTCATATCCC-1;G2_73_ATTACGCCACCATAAC-1;G2_73_CTCGAGCCAACACAAG-1",3,"E_备选（极小扩增）","Ready","Single"
"G2_73","CAVSSNTGYQNFYF_CASRGGLFYEQYF","TRAV7-3","TRBV17","CAVSSNTGYQNFYF","CASRGGLFYEQYF","TRAJ49","TRBJ2-7",3,"QQNVQQSPESLIVPEGARTSLNCTFS","DSASQY","FWWYRQHSGKAPKALMS","IFSNGE","KEEGRFTIHLNKASLHFSLHIRDSQPSDSALYL","GKGTSLTVIP","DTTVKQNPRYKLARVGKPVNLICSQT","MNHDT","MYWYQKKPNQAPKLLLF","YYDKIL","NREADTFEKFQSSRPNNSFCSLYIGSAGLEYSAMYL","GPGTRLTVL","G2_73_ACTGGATGTGCTCCGC-1;G2_73_CAATCCCGTACGAGTT-1;G2_73_CAGGTGCGTCACTCCG-1",3,"E_备选（极小扩增）","Ready","Single"
"G2_79","CAADHTGYQNFYF_CASSSGTGSYEQYF","TRAV4-3","TRBV10","CAADHTGYQNFYF","CASSSGTGSYEQYF","TRAJ49","TRBJ2-7",3,"GDQVKQSPSALSLQEGTNSALRCNFS","IATTT","VQWFLQNPRGSLMNLFY","LVPGT","KENGRLKSTFNSKESYSTLHIRDAQLEDSGTYF","GKGTSLTVIP","ETAVFQTPNYHVTQVGNEVSFNCKQT","LGHDT","MYWYKQDSKKLLKIMFS","YNNKQL","IVNETVPRRFSPQSSDKAHLNLRIKSVEPEDSAVYL","GPGTRLTVL","G2_79_GCTGTTAAGGCGAGTA-1;G2_79_GGTTTACCACCACGTA-1;G2_79_GTAGAACAGGGAGAGG-1",3,"E_备选（极小扩增）","Ready","Single"
"G2_79","CAADTNAYKVIF_CASSQGTGRDTQYF","TRAV4-2","TRBV2","CAADTNAYKVIF","CASSQGTGRDTQYF","TRAJ30","TRBJ2-5",3,"GMPVEQNPPALSLYEGADSGLRCNFS","TTMKS","VQWFQQNHRGRLITLFY","LAQGT","KENGRLKSTFNSKERYSTLHIKDAQLEDSGTYF","GKGTHLHVLP","DPKIIQKPKYLVAVTGSEKILICEQY","LGHNA","MYWYRQSAKKPLEFMFS","YSYQKL","MDNQTASSRFQPQSSKKNHLDLQITALKPDDSATYF","GPGTRLLVL","G2_79_AAACTCCCACTATACA-1;G2_79_CCGTAACAGGGGTTTC-1;G2_79_CTACGGAGTCCTCATA-1",3,"E_备选（极小扩增）","Ready","Single"
"G2_79","CAAEGPSSFSKLVF_CASSDGSANTGQLYF","TRAV4-4-DV10","TRBV13-1","CAAEGPSSFSKLVF","CASSDGSANTGQLYF","TRAJ50","TRBJ2-2",3,"GDQVEQSPSALSLHEGTDSALRCNFT","TTMRS","VQWFRQNSRGSLISLFY","LASGT","KENGRLKSAFDSKERRYSTLHIRDAQLEDSGTYF","GQGTSLSVVP","EAAVTQSPRNKVTVTGGNVTLSCRQT","NSHNY","MYWYRQDTGHGLRLIHY","SYGAGN","LQIGDVPDGYKATRTTQEDFFLLLELASPSQTSLYF","GEGSKLTVL","G2_79_AGGCCGTGTCTCCTGG-1;G2_79_CCATTCGTCCTACAAG-1;G2_79_CTAAGCCAGAATATCC-1",3,"E_备选（极小扩增）","Ready","Single"
"G2_79","CAASARPNYNVLYF_CTCSAGQSSYEQYF","TRAV5N-4","TRBV1","CAASARPNYNVLYF","CTCSAGQSSYEQYF","TRAJ21","TRBJ2-7",3,"GEQVEQLPSILRVQEGSSASINCTYE","NSASNY","FPWYKQEPGENPKLIID","IRSNMER","KQTQGLIVLLDKKAKRFSLHITDTQPGDSAMYF","GSGTKLTVEP","VTLLEQNPRWRLVPRGQAVNLRCILK","NSQYPW","MSWYQQDLQKQLQWLFT","LRSPGD","KEVKSLPGADYLATRVTDTELRLQVANMSQGRTLY","GPGTRLTVL","G2_79_ACTTAATCAGCGTGTC-1;G2_79_ATCCGAGGTACAGGTT-1;G2_79_GGTCATATCAAACCCA-1",3,"E_备选（极小扩增）","Ready","Single"
"G2_79","CAASPNTGGADRLTF_CASSILGVAETLYF","TRAV10N","TRBV19","CAASPNTGGADRLTF","CASSILGVAETLYF","TRAJ45","TRBJ2-3",3,"GEKVEQHQSTLSVREGDSAVINCTYT","DTASSY","FPWYKQEAGKSLHFVID","IRSNVDR","KQSQRLTVLLDKKAKRFSLHITATQPEDSAIYF","GKGTQLIIQP","GGIITQTPKFLIGQEGQKLTLKCQQN","FNHDT","MYWYRQDSGKGLRLIYY","SITEND","LQKGDLSEGYDASREKKSSFSLTVTSAQKNEMAVFL","GSGTRLTVL","G2_79_AGGACATAGCACCGCA-1;G2_79_CATGGGTTCCCAATTC-1;G2_79_GCCCTTATCATCAGGC-1",3,"E_备选（极小扩增）","Ready","Single"
"G2_79","CAASRGTGGYKVVF_CASSPSYNNQAPLF","TRAV10N","TRBV29","CAASRGTGGYKVVF","CASSPSYNNQAPLF","TRAJ12","TRBJ1-5",3,"GEKVEQHQSTLSVREGDSAVINCTYT","DTASSY","FPWYKQEAGKSLHFVID","IRSNVDR","KQSQRLTVLLDKKAKRFSLHITATQPEDSAIYF","GSGTRLLVSP","DMKVTQMPRYLIKRMGENVLLECGQD","MSHET","MYWYRQDPGLGLQLIYI","SYDVDS","NSEGDIPKGYRVSRKKREHFSLILDSAKTNQTSVYF","GEGTRLSVL","G2_79_ACTAAACTCCATTACC-1;G2_79_AGCGTATGTACGTGAT-1;G2_79_GTAAGACAGCAAGCGA-1",3,"E_备选（极小扩增）","Ready","Single"
"G2_79","CAASTGNTRKLIF_CASSDARTANERLFF","TRAV10D","TRBV13-1","CAASTGNTRKLIF","CASSDARTANERLFF","TRAJ37","TRBJ1-4",3,"GEKVEQHESTLSVREGDSAVINCTYT","DTASSY","FPWYKQEAGKGLHFVID","IRSNVDR","KQSQRLIVLLDKKAKRFSLHITATQPEDSAIYF","GLGTTLQVQP","EAAVTQSPRNKVTVTGGNVTLSCRQT","NSHNY","MYWYRQDTGHGLRLIHY","SYGAGN","LQIGDVPDGYKATRTTQEDFFLLLELASPSQTSLYF","GHGTKLSVL","G2_79_ATAGGGTAGAAAGTGC-1;G2_79_ATTCATTTCCGCCGTT-1;G2_79_GTAACTGTCACAATCG-1",3,"E_备选（极小扩增）","Ready","Single"
"G2_79","CAATSNTGANTGKLTF_CASSDMGGGSYEQYF","TRAV5N-4","TRBV13-3","CAATSNTGANTGKLTF","CASSDMGGGSYEQYF","TRAJ52","TRBJ2-7",3,"GEQVEQLPSILRVQEGSSASINCTYE","NSASNY","FPWYKQEPGENPKLIID","IRSNMER","KQTQGLIVLLDKKAKRFSLHITDTQPGDSAMYF","GHGTILRVHP","EAAVTQSPRSKVAVTGGKVTLSCHQT","NNHDY","MYWYRQDTGHGLRLIHY","SYVADS","TEKGDIPDGYKASRPSQENFSLILELASLSQTAVYF","GPGTRLTVL","G2_79_ATCCGAGGTAATTCCT-1;G2_79_GCGCGAACACCATAAC-1;G2_79_GTGGCGACAAGGTAAT-1",3,"E_备选（极小扩增）","Ready","Single"
"G2_79","CAFANSGTYQRF_CGANRGNTEVFF","TRAV13-1","TRBV20","CAFANSGTYQRF","CGANRGNTEVFF","TRAJ13","TRBJ1-1",3,"GQQVQQSPASLVLQEGENAELQCNFS","TSLNS","MQWFYQRPGGSLVSLFY","NPSGT","KQSGRLTSTTVIKERRSSLHISSSQTTDSGTYL","GTGTKLQVVP","GALVYQYPRRTICKSGTSMRMECQAV","GFQATS","VAWYRQSPQKTFELIAL","STVNSAI","KYEQNFTQEKFPISHPNLSFSSMTVLNAYLEDRGLYL","GKGTRLTVV","G2_79_AACACCTCAGCGCGAA-1;G2_79_ACGGTCCCACGGTGTC-1;G2_79_ATTGTCTGTACTCATT-1",3,"E_备选（极小扩增）","Ready","Single"
"G2_79","CALGDKNYANKMIF_CASSTTRGERLFF","TRAV6N-7","TRBV29","CALGDKNYANKMIF","CASSTTRGERLFF","TRAJ47","TRBJ1-4",3,"GDSVTQTEGQVALSEEDFLTIHCNYS","ASGYPA","LFWYVQYPGEGPQFLFR","ASRDKEK","GSSRGFEATYNKETTSFHLQKASVQESDSAVYY","GLGTILRVRP","DMKVTQMPRYLIKRMGENVLLECGQD","MSHET","MYWYRQDPGLGLQLIYI","SYDVDS","NSEGDIPKGYRVSRKKREHFSLILDSAKTNQTSVYF","GHGTKLSVL","G2_79_ACGAGGCAGGGTTGTC-1;G2_79_CCCTATCCACAACAGA-1;G2_79_CCTTCCTTCCACAGGT-1",3,"E_备选（极小扩增）","Ready","Single"
"G2_79","CALGERGRALIF_CAWRGLGVYEQYF","TRAV6D-6","TRBV31","CALGERGRALIF","CAWRGLGVYEQYF","TRAJ15","TRBJ2-7",3,"GDSVTQTEGQVTVSESKSLIINCTYS","TTSIAYPN","LFWYVRYPGEGLQLLLK","VITAGQK","GSSRGFEATYNKETTSFHLQKASVQESDSAVYY","GTGTTVSVSP","AQTIHQWPVAEIKAVGSPLSLGCTIK","GKSSPN","LYWYWQATGGTLQQLFY","SITVG","QVESVVQLNLSASRPKDDQFILSTEKLLLSHSGFYL","GPGTRLTVL","G2_79_CACTCTGTCCAGCAAC-1;G2_79_CCTTCTACAGGTGATA-1;G2_79_GCAAGCTTCCCTGATT-1",3,"E_备选（极小扩增）","Ready","Single"
"G2_79","CALSAGGNNKLTF_CTCSAAGGASQNTLYF","TRAV9-4","TRBV1","CALSAGGNNKLTF","CTCSAAGGASQNTLYF","TRAJ56","TRBJ2-4",3,"AQSVTQPDARVTVSEGASLQLRCKYS","YSGTPY","LFWYVQYPRQGLQLLLK","YYSGDPVV","QGVNGFEAEFSKSNSSFHLRKASVHWSDSAVYF","GQGTVLSVIP","VTLLEQNPRWRLVPRGQAVNLRCILK","NSQYPW","MSWYQQDLQKQLQWLFT","LRSPGD","KEVKSLPGADYLATRVTDTELRLQVANMSQGRTLY","GAGTRLSVL","G2_79_CAAGACCTCCTGTACT-1;G2_79_CATGTCGCAATCAGTC-1;G2_79_GTGCAATGTATATTCC-1",3,"E_备选（极小扩增）","Ready","Single"
"G2_79","CALSAYSNNRLTL_CASGDLNTEVFF","TRAV12N-2","TRBV12-2+TRBV13-2","CALSAYSNNRLTL","CASGDLNTEVFF","TRAJ7","TRBJ1-1",3,"GDSVTQTEGLVTLTKGLPVMLNCTYQ","TTYSPF","LFWYVQHLNEAPKLLLK","SSTDNKR","TEHQGFYATLHKSSSSFHLQKSSVQLSDSALYF","GKGTQVVVLP","EAAVTQSPRNKVAVTGGKVTLSCNQT","NNHNN","MYWYRQDTGHGLRLIHY","SYGAGS","TEKGDIPDGYKASRPSQENFSLILELATPSQTSVYF","GKGTRLTVV","G2_79_CAAATTATCCCAAGTA-1;G2_79_CCGAAACTCCCTATTA-1;G2_79_CCGTTTAGTCAAGGCC-1",3,"E_备选（极小扩增）","Ready","Multi_Allele"
"G2_79","CALSDNNAGAKLTF_CASSRDRGDEQYF","TRAV12-3","TRBV17","CALSDNNAGAKLTF","CASSRDRGDEQYF","TRAJ39","TRBJ2-7",3,"GDSVTQTEGLVTLTEGLPVMLNCTYQ","TIYSNPF","LFWYVHYLNESPRLLLK","SSTDNKR","TEHQGFHATLHKSSSSFHLQKSSAQLSDSALYY","GGGTRLTVRP","DTTVKQNPRYKLARVGKPVNLICSQT","MNHDT","MYWYQKKPNQAPKLLLF","YYDKIL","NREADTFEKFQSSRPNNSFCSLYIGSAGLEYSAMYL","GPGTRLTVL","G2_79_CACTTATGTATAGCGT-1;G2_79_GCCATATCAGCATTCG-1;G2_79_GCGCTGGGTACATTCT-1",3,"E_备选（极小扩增）","Ready","Single"
"G2_79","CALSENYAQGLTF_CTCSADRWGGRNEQYF","TRAV6D-6","TRBV1","CALSENYAQGLTF","CTCSADRWGGRNEQYF","TRAJ26","TRBJ2-7",3,"GDSVTQTEGQVTVSESKSLIINCTYS","ATSIAYPN","LFWYVRYPGEGLQLLLK","VITAGQK","GSSRGFEATYNKETTSFHLQKASVQESDSAVYY","GLGTRVSVFP","VTLLEQNPRWRLVPRGQAVNLRCILK","NSQYPW","MSWYQQDLQKQLQWLFT","LRSPGD","KEVKSLPGADYLATRVTDTELRLQVANMSQGRTLY","GPGTRLTVL","G2_79_AACGGATAGGTGTATT-1;G2_79_AGTGCGAAGAGCGACA-1;G2_79_GGGCGTTGTATCTGGG-1",3,"E_备选（极小扩增）","Ready","Single"
"G2_79","CALSGNNAGAKLTF_CASSFQNREDTQYF","TRAV12-3","TRBV29","CALSGNNAGAKLTF","CASSFQNREDTQYF","TRAJ39","TRBJ2-5",3,"GDSVTQTEGLVTLTEGLPVMLNCTYQ","TIYSNPF","LFWYVHYLNESPRLLLK","SSTDNKR","TEHQGFHATLHKSSSSFHLQKSSAQLSDSALYY","GGGTRLTVRP","DMKVTQMPRYLIKRMGENVLLECGQD","MSHET","MYWYRQDPGLGLQLIYI","SYDVDS","NSEGDIPKGYRVSRKKREHFSLILDSAKTNQTSVYF","GPGTRLLVL","G2_79_AGAATTACACTGTACG-1;G2_79_CCTTCGGGTCTTGTGC-1;G2_79_CGACTCTGTAACGAAG-1",3,"E_备选（极小扩增）","Ready","Single"
"G2_79","CALSGNNNNRIFF_CAWSLVGGAPEQYF","TRAV6-5","TRBV31","CALSGNNNNRIFF","CAWSLVGGAPEQYF","TRAJ31","TRBJ2-7",3,"GDSVTQTEGPVTLSEGTSLTVNCSYE","TKQYPT","LFWYVQYPGEGPQLLFK","VPKANEK","GSSRGFEATYNKEATSFHLQKASVQESDSAVYY","GDGTQLVVKP","AQTIHQWPVAEIKAVGSPLSLGCTIK","GKSSPN","LYWYWQATGGTLQQLFY","SITVG","QVESVVQLNLSASRPKDDQFILSTEKLLLSHSGFYL","GPGTRLTVL","G2_79_ATTACGCCAAGCTGGG-1;G2_79_ATTGTGGTCAATGTAC-1;G2_79_CCTTTCGAGCGTACGT-1",3,"E_备选（极小扩增）","Ready","Single"
"G2_79","CALSSGSWQLIF_CASGAGGADYAEQFF","TRAV6-5","TRBV12-2+TRBV13-2","CALSSGSWQLIF","CASGAGGADYAEQFF","TRAJ22","TRBJ2-1",3,"GDSVTQTEGPVTLSEGTSLTVNCSYE","TKQYPT","LFWYVQYPGEGPQLLFK","VPKANEK","GSSRGFEATYNKEATSFHLQKASVQESDSAVYY","GSGTQLTVMP","EAAVTQSPRNKVAVTGGKVTLSCNQT","NNHNN","MYWYRQDTGHGLRLIHY","SYGAGS","TEKGDIPDGYKASRPSQENFSLILELATPSQTSVYF","GPGTRLTVL","G2_79_AGTGTCGGTAACATTG-1;G2_79_CCACTCATCCCAGAAC-1;G2_79_CGAAGTTGTCATCGCT-1",3,"E_备选（极小扩增）","Ready","Multi_Allele"
"G2_79","CALVVDSGYNKLTF_CAWSRTNYAEQFF","TRAV6D-4","TRBV31","CALVVDSGYNKLTF","CAWSRTNYAEQFF","TRAJ11","TRBJ2-1",3,"GDSVTQKQGQVTLSEDDFLFINCTYS","TTTYPT","LFWYVQYPGQGPQLLLK","VTTANNK","GISRGFEATYDKGTTSFHLQKASVQESDSAVYF","GKGTVLLVSP","AQTIHQWPVAEIKAVGSPLSLGCTIK","GKSSPN","LYWYWQATGGTLQQLFY","SITVG","QVESVVQLNLSASRPKDDQFILSTEKLLLSHSGFYL","GPGTRLTVL","G2_79_CAACATCCAGCATTTA-1;G2_79_CCATCAAAGCGGTCCA-1;G2_79_GGTTGATGTCTGGATG-1",3,"E_备选（极小扩增）","Ready","Single"
"G2_79","CAMRDPNSAGNKLTF_CASGDAENSPLYF","TRAV16N","TRBV12-2+TRBV13-2","CAMRDPNSAGNKLTF","CASGDAENSPLYF","TRAJ17","TRBJ1-6",3,"AQKVTQTQTSISVMEKTTVTMDCVYE","TQDSSYF","LFWYKQTASGEIVFLIR","QDSYKKEN","ATVGHYSLNFQKPKSSIGLIITATQIEDSAVYF","GIGTRVLVRP","EAAVTQSPRNKVAVTGGKVTLSCNQT","NNHNN","MYWYRQDTGHGLRLIHY","SYGAGS","TEKGDIPDGYKASRPSQENFSLILELATPSQTSVYF","AAGTRLTVT","G2_79_ACCTTCGTCGCCCCAT-1;G2_79_ATCTCATGTCTCGCTG-1;G2_79_GTCACGAGTATCACGG-1",3,"E_备选（极小扩增）","Ready","Multi_Allele"
"G2_79","CAMREGGSAGNKLTF_CTCSAPGTGGYEQYF","TRAV16N","TRBV1","CAMREGGSAGNKLTF","CTCSAPGTGGYEQYF","TRAJ17","TRBJ2-7",3,"AQKVTQTQTSISVMEKTTVTMDCVYE","TQDSSYF","LFWYKQTASGEIVFLIR","QDSYKKEN","ATVGHYSLNFQKPKSSIGLIITATQIEDSAVYF","GIGTRVLVRP","VTLLEQNPRWRLVPRGQAVNLRCILK","NSQYPW","MSWYQQDLQKQLQWLFT","LRSPGD","KEVKSLPGADYLATRVTDTELRLQVANMSQGRTLY","GPGTRLTVL","G2_79_AGGAGGTGTAACCGTG-1;G2_79_CCTCATAGTCGATTCC-1;G2_79_GCTTCAGCAAACCCAT-1",3,"E_备选（极小扩增）","Ready","Single"
"G2_79","CAMREGWGSNAKLTF_CASSDAGGRSNERLFF","TRAV16N","TRBV13-1","CAMREGWGSNAKLTF","CASSDAGGRSNERLFF","TRAJ42","TRBJ1-4",3,"AQKVTQTQTSISVMEKTTVTMDCVYE","TQDSSYF","LFWYKQTASGEIVFLIR","QDSYKKEN","ATVGHYSLNFQKPKSSIGLIITATQIEDSAVYF","GKGTKLSVKS","EAAVTQSPRNKVTVTGGNVTLSCRQT","NSHNY","MYWYRQDTGHGLRLIHY","SYGAGN","LQIGDVPDGYKATRTTQEDFFLLLELASPSQTSLYF","GHGTKLSVL","G2_79_ACTACTTGTGTGGCCG-1;G2_79_CGTTCAAAGGGTTAGG-1;G2_79_GGGTCATTCAGGCTGT-1",3,"E_备选（极小扩增）","Ready","Single"
"G2_79","CASNNAGAKLTF_CAWSHGLGGPYNYAEQFF","TRAV7-1","TRBV31","CASNNAGAKLTF","CAWSHGLGGPYNYAEQFF","TRAJ39","TRBJ2-1",3,"QQKVQQSPESLIVPEGGMASLNCTFS","DRNSQY","FWWYRQHSGEGPKALMS","IFSNGD","KKEGRFTAHLNKASLYVSLHIKDSQPSDSALYF","GGGTRLTVRP","AQTIHQWPVAEIKAVGSPLSLGCTIK","GKSSPN","LYWYWQATGGTLQQLFY","SITVG","QVESVVQLNLSASRPKDDQFILSTEKLLLSHSGFYL","GPGTRLTVL","G2_79_ACAAGTAAGAACTCAT-1;G2_79_ATATCTGCACGTCAAT-1;G2_79_ATCCACAAGCCGTTAA-1",3,"E_备选（极小扩增）","Ready","Single"
"G2_79","CATGPRGSGNKLIF_CASSLDWGAQDTQYF","TRAV8D-1","TRBV3","CATGPRGSGNKLIF","CASSLDWGAQDTQYF","TRAJ32","TRBJ2-5",3,"SQLAEENLWALSVHEGESVTVNCSYK","TSITA","LQWYRQKSGEGPAQLIL","IRSNERE","KRNGRLRATLDTSSQSSSLSITATRCEDTAVYF","GTGTLLSVKP","GPKVLQIPSHQIIDMGQMVTLNCDPV","SNHLY","FYWYKQILGQQMEFLVN","FYNGKV","MEKSKLFKDQFSVERPDGSYFTLKIQPTALEDSAVYF","GPGTRLLVL","G2_79_CACTCAGCAGGTTTCG-1;G2_79_CTGTATTGTACCTTTG-1;G2_79_GTATAGAAGACAATTC-1",3,"E_备选（极小扩增）","Ready","Single"
"G2_79","CATVNNNAPRF_CGAGTGINQAPLF","TRAV8D-1","TRBV20","CATVNNNAPRF","CGAGTGINQAPLF","TRAJ43","TRBJ1-5",3,"SQLAEENLWALSVHEGESVTVNCSYK","TSITA","LQWYRQKSGEGPAQLIL","IRSNERE","KRNGRLRATLDTSSQSSSLSITATRCEDTAVYF","GAGTKLTVKP","GALVYQYPRRTICKSGTSMRMECQAV","GFQATS","VAWYRQSPQKTFELIAL","STVNSAI","KYEQNFTQEKFPISHPNLSFSSMTVLNAYLEDRGLYL","GEGTRLSVL","G2_79_AACGAACAGAATTCCG-1;G2_79_CAACGAACAGTCAATC-1;G2_79_GTGTGGGCAAACCGGG-1",3,"E_备选（极小扩增）","Ready","Single"
"G2_79","CAVGDNAGAKLTF_CASSGPRGLNTEVFF","TRAV7-3","TRBV13-1","CAVGDNAGAKLTF","CASSGPRGLNTEVFF","TRAJ39","TRBJ1-1",3,"QQNVQQSPESLIVPEGARTSLNCTFS","DSASQY","FWWYRQHSGKAPKALMS","IFSNGE","KEEGRFTIHLNKASLHFSLHIRDSQPSDSALYL","GGGTRLTVRP","EAAVTQSPRNKVTVTGGNVTLSCRQT","NSHNY","MYWYRQDTGHGLRLIHY","SYGAGN","LQIGDVPDGYKATRTTQEDFFLLLELASPSQTSLYF","GKGTRLTVV","G2_79_ACTCGATCAGTGATTC-1;G2_79_GTGCGAGCAGTGTCGC-1;G2_79_GTGTCTCGTCCTATTG-1",3,"E_备选（极小扩增）","Ready","Single"
"G2_79","CAVRASSGQKLVF_CASGGGTGDNERLFF","TRAV1","TRBV12-2+TRBV13-2","CAVRASSGQKLVF","CASGGGTGDNERLFF","TRAJ16","TRBJ1-4",3,"GQGVEQPDNLMSVEGTFARVNCTYS","TSGFNG","LSWYQQREGHAPVFLSY","VVLDGL","KDSGHFSTFLSRSNGYSYLLLTELQIKDSASYL","GQGTILKVYL","EAAVTQSPRNKVAVTGGKVTLSCNQT","NNHNN","MYWYRQDTGHGLRLIHY","SYGAGS","TEKGDIPDGYKASRPSQENFSLILELATPSQTSVYF","GHGTKLSVL","G2_79_AATCTGGTCGTGTCGG-1;G2_79_ATACCCTTCACAACAT-1;G2_79_GCCCTAACAAGTGTTC-1",3,"E_备选（极小扩增）","Ready","Multi_Allele"
"G2_79","CAVRDSNYQLIW_CTCSADPGGVNQDTQYF","TRAV1","TRBV1","CAVRDSNYQLIW","CTCSADPGGVNQDTQYF","TRAJ33","TRBJ2-5",3,"GQGVEQPDNLMSVEGTFARVNCTYS","TSGFNG","LSWYQQREGHAPVFLSY","VVLDGL","KDSGHFSTFLSRSNGYSYLLLTELQIKDSASYL","GSGTKLIIKP","VTLLEQNPRWRLVPRGQAVNLRCILK","NSQYPW","MSWYQQDLQKQLQWLFT","LRSPGD","KEVKSLPGADYLATRVTDTELRLQVANMSQGRTLY","GPGTRLLVL","G2_79_AATATCCAGAGGTATA-1;G2_79_CGAATCATCATGGACC-1;G2_79_GCGAATTGTATCTCGC-1",3,"E_备选（极小扩增）","Ready","Single"
"G2_79","CAVRMPNYNVLYF_CASSPKGGAGQDTQYF","TRAV1","TRBV5","CAVRMPNYNVLYF","CASSPKGGAGQDTQYF","TRAJ21","TRBJ2-5",3,"GQGVEQPDNLMSVEGTFARVNCTYS","TSGFNG","LSWYQQREGHAPVFLSY","VVLDGL","KDSGHFSTFLSRSNGYSYLLLTELQIKDSASYL","GSGTKLTVEP","NTKITQSPRYLILGRANKSLECEQH","LGHNA","MYWYKQSAEKPPELMFL","YNLKQL","IRNETVPSRFIPECPDSSKLLLHISAVDPEDSAVYF","GPGTRLLVL","G2_79_CAACAGGAGCTATTGG-1;G2_79_GGAGCTTTCACAAGCC-1;G2_79_GTAATCGTCACGCATA-1",3,"E_备选（极小扩增）","Ready","Single"
"G2_79","CAVSAGQGGSAKLIF_CTCSAGAGGGTQYF","TRAV3-4","TRBV1","CAVSAGQGGSAKLIF","CTCSAGAGGGTQYF","TRAJ57","TRBJ2-5",3,"GEQVEQRPPHLSVPEGDSAVIICTYT","DSATAY","FYWYKQEPGAGLQLLMS","VFSNVDR","KEEQGLTVLLNKKDKQLSLNLTAAHPGDSAVYF","GEGTKLTVSS","VTLLEQNPRWRLVPRGQAVNLRCILK","NSQYPW","MSWYQQDLQKQLQWLFT","LRSPGD","KEVKSLPGADYLATRVTDTELRLQVANMSQGRTLY","GPGTRLLVL","G2_79_ACGTCCGAGAGTCAGG-1;G2_79_AGAAGCTAGAATTACC-1;G2_79_CGTTTCCCAATTCTAG-1",3,"E_备选（极小扩增）","Ready","Single"
"G2_79","CAVSSPSNTDKVVF_CAWSPTDSAETLYF","TRAV9-4","TRBV31","CAVSSPSNTDKVVF","CAWSPTDSAETLYF","TRAJ34","TRBJ2-3",3,"AQSVTQPDARVTVSEGASLQLRCKYS","YSATPY","LFWYVQYPRQGLQLLLK","YYSGDPVV","QGVNGFEAEFSKSNSSFHLRKASVHWSDSAVYF","GTGTRLQVSP","AQTIHQWPVAEIKAVGSPLSLGCTIK","GKSSPN","LYWYWQATGGTLQQLFY","SITVG","QVESVVQLNLSASRPKDDQFILSTEKLLLSHSGFYL","GSGTRLTVL","G2_79_CCTACTCCAAAGGCAC-1;G2_79_CGGCTTCTCCTCCAAT-1;G2_79_GTAAGCCTCAAATCTA-1",3,"E_备选（极小扩增）","Ready","Single"
"G2_79","CAVTGGNNKLTF_CASSDVTGNTGQLYF","TRAV7-3","TRBV13-3","CAVTGGNNKLTF","CASSDVTGNTGQLYF","TRAJ56","TRBJ2-2",3,"QQNVQQSPESLIVPEGARTSLNCTFS","DSASQY","FWWYRQHSGKAPKALMS","IFSNGE","KEEGRFTIHLNKASLHFSLHIRDSQPSDSALYL","GQGTVLSVIP","EAAVTQSPRSKVAVTGGKVTLSCHQT","NNHDY","MYWYRQDTGHGLRLIHY","SYVADS","TEKGDIPDGYKASRPSQENFSLILELASLSQTAVYF","GEGSKLTVL","G2_79_AGCGTTGGTGGTTTGG-1;G2_79_GTCACGCCACACAAGA-1;G2_79_GTTCTATGTCTACGGA-1",3,"E_备选（极小扩增）","Ready","Single"
"G2_79","CAVTQGGSAKLIF_CASSLDWGANYAEQFF","TRAV9-4","TRBV12-2","CAVTQGGSAKLIF","CASSLDWGANYAEQFF","TRAJ57","TRBJ2-1",3,"AQSVTQPDARVTVSEGASLQLRCKYS","YSATPY","LFWYVQYPRQGLQLLLK","YYSGDPVV","QGVNGFEAEFSKSNSSFHLRKASVHWSDSAVYF","GEGTKLTVSS","NSGVVQSPRYIIKGKGERSILKCIPI","SGHLS","VAWYQQTQGQELKFFIQ","HYDKME","RDKGNLPSRFSVQQFDDYHSEMNMSALELEDSAVYF","GPGTRLTVL","G2_79_AGCATTTAGGCTCAAC-1;G2_79_CTATAATCAATAACCC-1;G2_79_GGGTTACTCCCTAGGG-1",3,"E_备选（极小扩增）","Ready","Single"
"G2_79","CIVTDQNNNNRIFF_CASSLGDRVGEQYF","TRAV2","TRBV3","CIVTDQNNNNRIFF","CASSLGDRVGEQYF","TRAJ31","TRBJ2-7",3,"LAKTTQPPSMEAYEGQEVNVSCSHT","NIATSEY","IYWYRQVPHQGPQFIIQ","GYKDYVV","NEVASLFISADRKLSTLSLPWVSLRDAAVYY","GDGTQLVVKP","GPKVLQIPSHQIIDMGQMVTLNCDPV","SNHLY","FYWYKQILGQQMEFLVN","FYNGKV","MEKSKLFKDQFSVERPDGSYFTLKIQPTALEDSAVYF","GPGTRLTVL","G2_79_ACGTGCCCAAATCCGT-1;G2_79_AGAGATGGTGGAACCC-1;G2_79_CAAACGTGTCCCATGT-1",3,"E_备选（极小扩增）","Ready","Single"
"G2_79","CSASKNMGYKLTF_CGASGTGVERLFF","TRAV5-1","TRBV20","CSASKNMGYKLTF","CGASGTGVERLFF","TRAJ9","TRBJ1-4",3,"GEQVEQLPSSLIVQEGASVLINCSYT","DSASVY","FPWYKQEPGKRLQFIID","IRSNMER","KQNQRLTLLFDKKTKHLSLHITATQPGDSAIYF","GTGTSLLVDP","GALVYQYPRRTICKSGTSMRMECQAV","GFQATS","VAWYRQSPQKTFELIAL","STVNSAI","KYEQNFTQEKFPISHPNLSFSSMTVLNAYLEDRGLYL","GHGTKLSVL","G2_79_AGACAATCAGTGACCC-1;G2_79_GTACGGTTCCGGCAAT-1;G2_79_GTTATAGGTACTTCGC-1",3,"E_备选（极小扩增）","Ready","Single"
"G2_63","CAAEASGGSNAKLTF_CTCSATGGTEVFF","TRAV4-4-DV10","TRBV1","CAAEASGGSNAKLTF","CTCSATGGTEVFF","TRAJ42","TRBJ1-1",2,"GDQVEQSPSALSLHEGTDSALRCNFT","TTMRS","VQWFRQNSRGSLISLFY","LASGT","KENGRLKSAFDSKERRYSTLHIRDAQLEDSGTYF","GKGTKLSVKS","VTLLEQNPRWRLVPRGQAVNLRCILK","NSQYPW","MSWYQQDLQKQLQWLFT","LRSPGD","KEVKSLPGADYLATRVTDTELRLQVANMSQGRTLY","GKGTRLTVV","G2_63_AATTCGTAGATGGTGG-1;G2_63_CTAACTACACCTACCT-1",2,"E_备选（极小扩增）","Ready","Single"
"G2_63","CAAEGGGSNYKLTF_CASSQDHGVEQYF","TRAV4-4-DV10","TRBV5","CAAEGGGSNYKLTF","CASSQDHGVEQYF","TRAJ53","TRBJ2-7",2,"GDQVEQSPSALSLHEGTDSALRCNFT","TTMRS","VQWFRQNSRGSLISLFY","LASGT","KENGRLKSAFDSKERRYSTLHIRDAQLEDSGTYF","GKGTLLTVTP","NTKITQSPRYLILGRANKSLECEQH","LGHNA","MYWYKQSAEKPPELMFL","YNLKQL","IRNETVPSRFIPECPDSSKLLLHISAVDPEDSAVYF","GPGTRLTVL","G2_63_AGAGAATGTCAAACGT-1;G2_63_CGTGGGTGTGCCCCTA-1",2,"E_备选（极小扩增）","Ready","Single"
"G2_63","CAAESDYGNEKITF_CAWSLNSNTGQLYF","TRAV4-3","TRBV31","CAAESDYGNEKITF","CAWSLNSNTGQLYF","TRAJ48","TRBJ2-2",2,"GDQVKQSPSALSLQEGTNSALRCNFS","IATTT","VQWFLQNPRGSLMNLFY","LVPGT","KENGRLKSTFNSKESYSTLHIRDAQLEDSGTYF","GAGTKLTIKP","AQTIHQWPVAEIKAVGSPLSLGCTIK","GKSSPN","LYWYWQATGGTLQQLFY","SITVG","QVESVVQLNLSASRPKDDQFILSTEKLLLSHSGFYL","GEGSKLTVL","G2_63_CCAAGCTAGATGGCGA-1;G2_63_CGCATACAGCTCTCCA-1",2,"E_备选（极小扩增）","Ready","Single"
"G2_63","CAAGASSGSWQLIF_CASGEYRGPYAEQFF","TRAV4-3","TRBV12-2+TRBV13-2","CAAGASSGSWQLIF","CASGEYRGPYAEQFF","TRAJ22","TRBJ2-1",2,"GDQVKQSPSALSLQEGTNSALRCNFS","IATTT","VQWFLQNPRGSLMNLFY","LVPGT","KENGRLKSTFNSKESYSTLHIRDAQLEDSGTYF","GSGTQLTVMP","EAAVTQSPRNKVAVTGGKVTLSCNQT","NNHNN","MYWYRQDTGHGLRLIHY","SYGAGS","TEKGDIPDGYKASRPSQENFSLILELATPSQTSVYF","GPGTRLTVL","G2_63_CTATCAGAGAATACGA-1;G2_63_CTCGCTATCACAATAC-1",2,"E_备选（极小扩增）","Ready","Multi_Allele"
"G2_63","CAARTRNMGYKLTF_CASRAGVGNTLYF","TRAV7-4","TRBV29","CAARTRNMGYKLTF","CASRAGVGNTLYF","TRAJ9","TRBJ2-4",2,"QQKVQQSPESLSVPEGGMASFNCTSS","DRNFQY","FWWYRQHSGEGPKALMS","IFSDGD","KKEGRFTAHLNKASLHVSLHIRDSQPSDSALYF","GTGTSLLVDP","DMKVTQMPRYLIKRMGENVLLECGQD","MSHET","MYWYRQDPGLGLQLIYI","SYDVDS","NSEGDIPKGYRVSRKKREHFSLILDSAKTNQTSVYF","GAGTRLSVL","G2_63_ACTGGGGCAGCTTACG-1;G2_63_CCATATGAGCTACGCG-1",2,"E_备选（极小扩增）","Ready","Single"
"G2_63","CAARTSGGNYKPTF_CASSDRDTQYF","TRAV7-4","TRBV5","CAARTSGGNYKPTF","CASSDRDTQYF","TRAJ6","TRBJ2-5",2,"QQKVQQSPESLSVPEGGMASFNCTSS","DRNFQY","FWWYRQHSGEGPKALMS","IFSDGD","KKEGRFTAHLNKASLHVSLHIRDSQPSDSALYF","GKGTSLVVHP","NTKITQSPRYLILGRANKSLECEQH","LGHNA","MYWYKQSAEKPPELMFL","YNLKQL","IRNETVPSRFIPECPDSSKLLLHISAVDPEDSAVYF","GPGTRLLVL","G2_63_ATGCGAGAGACTATGT-1;G2_63_CCGGATTAGACTTCAG-1",2,"E_备选（极小扩增）","Ready","Single"
"G2_63","CAASAAASAAQYMLFSICCMQQGTGSKLSF_CASSLETDSNERLFF","TRAV14N-1","TRBV26","CAASAAASAAQYMLFSICCMQQGTGSKLSF","CASSLETDSNERLFF","TRAJ58","TRBJ1-4",2,"QQQVRQSPQSLTVWEGETAILNCSYE","DSTFNY","FPWYQQFPGEGPALLIS","ISSVSDK","KEDGRFTIFFNKREKKLSLHITDSQPGDSATYF","GKGAKLTVSP","NSKVIQTPRYLVKGQGQKAKMRCIPE","KGHPV","VFWYQQNKNNEFKFLIN","FQNQEV","LQQIDMTEKRFSAECPSNSPCSLEIQSSEAGDSALYL","GHGTKLSVL","G2_63_AGGTAAGGTACATATG-1;G2_63_ATGCCCACACTCGTTC-1",2,"E_备选（极小扩增）","Ready","Single"
"G2_63","CAASDRQGGRALIF_CASSHRDWGTYEQYF","TRAV14N-3","TRBV19","CAASDRQGGRALIF","CASSHRDWGTYEQYF","TRAJ15","TRBJ2-7",2,"QQQVRQSPQSLTVWEGETAILNCSYE","NSAFDY","FPWYQQFPGEGPALLIA","IRSVSDK","KEDGGFTIFFNKREKNLSLHIKDSQPGDSATYF","GTGTTVSVSP","GGIITQTPKFLIGQEGQKLTLKCQQN","FNHDT","MYWYRQDSGKGLRLIYY","SITEND","LQKGDLSEGYDASREKKSSFSLTVTSAQKNEMAVFL","GPGTRLTVL","G2_63_ATTATGGGTCTCGTCG-1;G2_63_CTATTCGGTAATACTG-1",2,"E_备选（极小扩增）","Ready","Single"
"G2_63","CAASEHDAGAKLTF_CASSQPGQGNERLFF","TRAV7-4","TRBV2","CAASEHDAGAKLTF","CASSQPGQGNERLFF","TRAJ39","TRBJ1-4",2,"QQKVQQSPESLSVPEGGMASFNCTSS","DRNFQY","FWWYRQHSGEGPKALMS","IFSDGD","KKEGRFTAHLNKASLHVSLHIRDSQPSDSALYF","GGGTRLTVRP","DPKIIQKPKYLVAVTGSEKILICEQY","LGHNA","MYWYRQSAKKPLEFMFS","YSYQKL","MDNQTASSRFQPQSSKKNHLDLQITALKPDDSATYF","GHGTKLSVL","G2_63_ACTTGCTTCACTAACG-1;G2_63_AGTAATGAGACGGGTA-1",2,"E_备选（极小扩增）","Ready","Single"
"G2_63","CAASEPSGGSNAKLTF_CASTDSAETLYF","TRAV7-4","TRBV3","CAASEPSGGSNAKLTF","CASTDSAETLYF","TRAJ42","TRBJ2-3",2,"QQKVQQSPESLSVPEGGMASFNCTSS","DRNFQY","FWWYRQHSGEGPKALMS","IFSDGD","KKEGRFTAHLNKASLHVSLHIRDSQPSDSALYF","GKGTKLSVKS","GPKVLQIPSHQIIDMGQMVTLNCDPV","SNHLY","FYWYKQILGQQMEFLVN","FYNGKV","MEKSKLFKDQFSVERPDGSYFTLKIQPTALEDSAVYF","GSGTRLTVL","G2_63_ACTATGTAGGTAATGA-1;G2_63_AGTTATGGTCTGGAAT-1",2,"E_备选（极小扩增）","Ready","Single"
"G2_63","CAASRGNTGKLTF_CASSEGNNSPLYF","TRAV10D","TRBV13-1","CAASRGNTGKLTF","CASSEGNNSPLYF","TRAJ27","TRBJ1-6",2,"GEKVEQHESTLSVREGDSAVINCTYT","DTASSY","FPWYKQEAGKGLHFVID","IRSNVDR","KQSQRLIVLLDKKAKRFSLHITATQPEDSAIYF","GDGTVLTVKP","EAAVTQSPRNKVTVTGGNVTLSCRQT","NSHNY","MYWYRQDTGHGLRLIHY","SYGAGN","LQIGDVPDGYKATRTTQEDFFLLLELASPSQTSLYF","AAGTRLTVT","G2_63_GCACGAAAGAGCATTT-1;G2_63_GGGGATGGTCTAAGGT-1",2,"E_备选（极小扩增）","Ready","Single"
"G2_63","CAASWPSGSWQLIF_CASSFTGGSDYTF","TRAV5N-4","TRBV15","CAASWPSGSWQLIF","CASSFTGGSDYTF","TRAJ22","TRBJ1-2",2,"GEQVEQLPSILRVQEGSSASINCTYE","NSASNY","FPWYKQEPGENPKLIID","IRSNMER","KQTQGLIVLLDKKAKRFSLHITDTQPGDSAMYF","GSGTQLTVMP","DAGVTQTPRHEVAEKGQTIILKCEPV","SGHND","LFWYRQTKIQGLELLSY","FRSKSL","MEDGGAFKDRFKAEMLNSSFSTLKIQPTEPKDSAVYL","GSGTRLLVI","G2_63_GCTTAATAGGCTTCCC-1;G2_63_GCTTCCCAGCGCTGCA-1",2,"E_备选（极小扩增）","Ready","Single"
"G2_63","CADTGNYKYVF_CTCSATGGAGNTLYF","TRAV8D-1","TRBV1","CADTGNYKYVF","CTCSATGGAGNTLYF","TRAJ40","TRBJ1-3",2,"SQLAEENPWALSVHEGESVTVNCSYK","TSITA","LQWYRQKSGEGPAQLIL","IRSNERE","KRNGRLRATLDTSSQSSSLSITATRCEDTAVYF","GAGTRLKVIA","VTLLEQNPRWRLVPRGQAVNLRCILK","NSQYPW","MSWYQQDLQKQLQWLFT","LRSPGD","KEVKSLPGADYLATRVTDTELRLQVANMSQGRTLY","GEGSRLIVV","G2_63_CCTACGTGTATCCGTC-1;G2_63_CGGGGTACACCAGGCT-1",2,"E_备选（极小扩增）","Ready","Single"
"G2_63","CAEPRNNNNRIFF_CASSRRDTQNTLYF","TRAV9-4","TRBV17","CAEPRNNNNRIFF","CASSRRDTQNTLYF","TRAJ31","TRBJ2-4",2,"AQSVTQPDARVTVSEGASLQLRCKYS","YSATPY","LFWYVQYPRQGLQLLLK","YYSGDPVV","QGVNGFEAEFSKSNSSFHLRKASVHWSDSAVYF","GDGTQLVVKP","DTTVKQNPRYKLARVGKPVNLICSQT","MNHDT","MYWYQKKPNQAPKLLLF","YYDKIL","NREADTFEKFQSSRPNNSFCSLYIGSAGLEYSAMYL","GAGTRLSVL","G2_63_ATCTCCGTCGTCCTGC-1;G2_63_GCTTTGAAGCCTTAGA-1",2,"E_备选（极小扩增）","Ready","Single"
"G2_63","CAIDPGTGNYKYVF_CASGARDWGTYEQYF","TRAV13N-2","TRBV12-2+TRBV13-2","CAIDPGTGNYKYVF","CASGARDWGTYEQYF","TRAJ40","TRBJ2-7",2,"GQQVQQSPSSLVLQEGENAELQCNFS","STATQ","LQWFYQSPGGSLVSLLS","NPSGT","KHTGRLTSTTVTKERRSSLHISSSQTTDSGTYL","GAGTRLKVIA","EAAVTQSPRNKVAVTGGKVTLSCNQT","NNHNN","MYWYRQDTGHGLRLIHY","SYGAGS","TEKGDIPDGYKASRPSQENFSLILELATPSQTSVYF","GPGTRLTVL","G2_63_CACTGCGAGACAACCC-1;G2_63_GGTGTCAGTGCTTTCA-1",2,"E_备选（极小扩增）","Ready","Multi_Allele"
"G2_63","CALENTGYQNFYF_CASSETQANSDYTF","TRAV12N-2","TRBV13-1","CALENTGYQNFYF","CASSETQANSDYTF","TRAJ49","TRBJ1-2",2,"GDSVTQTEGLVTLTEGLPVMLNCTYQ","TAYSTF","LFWYVQHLNEAPKLLLK","SSTDNKR","TEHQGFHATLHKSSSSFHLQKSSAQLSDSALYY","GKGTSLTVIP","EAAVTQSPRNKVTVTGGNVTLSCRQT","NSHNY","MYWYRQDTGHGLRLIHY","SYGAGN","LQIGDVPDGYKATRTTQEDFFLLLELASPSQTSLYF","GSGTRLLVI","G2_63_CGTGCATAGAGCATGG-1;G2_63_GGAGGTATCGGGCTAT-1",2,"E_备选（极小扩增）","Ready","Single"
"G2_63","CALEPPNTGYQNFYF_CASSQGRQTNERLFF","TRAV17","TRBV5","CALEPPNTGYQNFYF","CASSQGRQTNERLFF","TRAJ49","TRBJ1-4",2,"AQSVDQPDAHVTLYEGASLELRCSYS","YSAAPY","LFWYVQYPGQSLQFLLK","YITGDAVV","KGTKGFEAEFRKSNSSFNLKKSPAHWSDSAKYF","GKGTSLTVIP","NTKITQSPRYLILGRANKSLECEQH","LGHNA","MYWYKQSAEKPPELMFL","YNLKQL","IRNETVPSRFIPECPDSSKLLLHISAVDPEDSAVYF","GHGTKLSVL","G2_63_CCGCTTGGTGCGCCTC-1;G2_63_CTATGGCAGGCAACAG-1",2,"E_备选（极小扩增）","Ready","Single"
"G2_63","CALGEPSSSFSKLVF_CASSRTSYAEQFF","TRAV6N-7","TRBV17","CALGEPSSSFSKLVF","CASSRTSYAEQFF","TRAJ50","TRBJ2-1",2,"GDSVTQTEGQVALSEEDFLTIHCNYS","ASGYPA","LFWYVQYPGEGPQFLFR","ASRDKEK","GSSRGFEATYNKETTSFHLQKASVQESDSAVYY","GQGTSLSVVP","DTTVKQNPRYKLARVGKPVNLICSQT","MNHDT","MYWYQKKPNQAPKLLLF","YYDKIL","NREADTFEKFQSSRPNNSFCSLYIGSAGLEYSAMYL","GPGTRLTVL","G2_63_CATCAGTCACAGTCGC-1;G2_63_GGCTTCTGTCGTGGGT-1",2,"E_备选（极小扩增）","Ready","Single"
"G2_63","CALGPRIFF_CASSLGGQGANTEVFF","TRAV6D-6","TRBV14","CALGPRIFF","CASSLGGQGANTEVFF","TRAJ31","TRBJ1-1",2,"GDSVTQTEGQVTVSESKSLIINCTYS","TTSIAYPN","LFWYVRYPGEGLQLLLK","VITAGQK","GSSRGFEATYNKETTSFHLQKASVQESDSAVYY","GDGTQLVVKP","EAGVTQSPRYAVLQEGQAVSFWCDPI","SGHDT","LYWYQQPRDQGPQLLVY","FRDEAV","IDNSQLPSDRFSAVRPKGTNSTLKIQSAKQGDTATYL","GKGTRLTVV","G2_63_ATAGTAGAGCTGTGGT-1;G2_63_CTGCAGTAGGCAGGGT-1",2,"E_备选（极小扩增）","Ready","Single"
"G2_63","CALGRNNYAQGLTF_CASSYLGVSAETLYF","TRAV6D-6","TRBV10","CALGRNNYAQGLTF","CASSYLGVSAETLYF","TRAJ26","TRBJ2-3",2,"GDSVTQTEGQVTVSESKSLIINCTYS","TTSIAYPN","LFWYVRYPGEGLQLLLK","VITAGQK","GSSRGFEATYNKETTSFHLQKASVQESDSAVYY","GLGTRVSVFP","ETAVFQTPNYHVTQVGNEVSFNCKQT","LGHDT","MYWYKQDSKKLLKIMFS","YNNKQL","IVNETVPRRFSPQSSDKAHLNLRIKSVEPEDSAVYL","GSGTRLTVL","G2_63_CCGACATAGGCCTATA-1;G2_63_CGCTCGAAGCAGGCTT-1",2,"E_备选（极小扩增）","Ready","Single"
"G2_63","CALGRYGGSGNKLIF_CASSDRDTQYF","TRAV6D-6","TRBV5","CALGRYGGSGNKLIF","CASSDRDTQYF","TRAJ32","TRBJ2-5",2,"GDSVTQTEGQVTVSESKSLIINCTYS","TTSIAYPN","LFWYVRYPGEGLQLLLK","VITAGQK","GSSRGFEATYNKETTSFHLQKASVQESDSAVYY","GTGTLLSVKP","NTKITQSPRYLILGRANKSLECEQH","LGHNA","MYWYKQSAEKPPELMFL","YNLKQL","IRNETVPSRFIPECPDSSKLLLHISAVDPEDSAVYF","GPGTRLLVL","G2_63_ACAACGGAGATCTCGA-1;G2_63_GCCTTGTGTACTCCCG-1",2,"E_备选（极小扩增）","Ready","Single"
"G2_63","CALRGNAGAKLTF_CASSLDPGGEYEQYF","TRAV7-1","TRBV16","CALRGNAGAKLTF","CASSLDPGGEYEQYF","TRAJ39","TRBJ2-7",2,"QQKVQQSPESLIVPEGGMASLNCTFS","DRNSQY","FWWYRQHSGEGPKALMS","IFSNGD","KKEGRFTAHLNKASLYVSLHIKDSQPSDSALYF","GGGTRLTVRP","NAGVIQTPRHKVTGKGQEATLWCEPI","SGHSA","VFWYRQTIVQGLEFLTY","FRNQAP","IDDSGMPKERFSAQMPNQSHSTLKIQSTQPQDSAVYL","GPGTRLTVL","G2_63_CGTGAGCGTACATTAG-1;G2_63_GGTGATACAAGTGTTC-1",2,"E_备选（极小扩增）","Ready","Single"
"G2_63","CALRVPTGGYKVVF_CTCSADEGGRFEQYF","TRAV6N-7","TRBV1","CALRVPTGGYKVVF","CTCSADEGGRFEQYF","TRAJ12","TRBJ2-7",2,"GDSVTQTEGQVALSEEDFLTIHCNYS","ASGYPA","LFWYVQYPGEGPQFLFR","ASRDKEK","GSSRGFEATYNKEATSFHLQKASVQESDSAVYY","GSGTRLLVSP","VTLLEQNPRWRLVPRGQAVNLRCILK","NSQYPW","MSWYQQDLQKQLQWLFT","LRSPGD","KEVKSLPGADYLATRVTDTELRLQVANMSQGRTLY","GPGTRLTVL","G2_63_AGTTATGGTGGTAATC-1;G2_63_ATCTCATGTAGAGGCG-1",2,"E_备选（极小扩增）","Ready","Single"
"G2_63","CALSDNQGGRALIF_CAWSPGLINTGQLYF","TRAV6N-7","TRBV31","CALSDNQGGRALIF","CAWSPGLINTGQLYF","TRAJ15","TRBJ2-2",2,"GDSVTQTEGQVALSEEDFLTIHCNYS","ASGYPA","LFWYVQYPGEGPQFLFR","ASRDKEK","GSSRGFEATYNKEATSFHLQKASVQESDSAVYY","GTGTTVSVSP","AQTIHQWPVAEIKAVGSPLSLGCTIK","GKSSPN","LYWYWQATGGTLQQLFY","SITVG","QVESVVQLNLSASRPKDDQFILSTEKLLLSHSGFYL","GEGSKLTVL","G2_63_CGCCGTTTCATCTCAC-1;G2_63_CTCCAATTCACAGCTA-1",2,"E_备选（极小扩增）","Ready","Single"
"G2_63","CALSDRTGGYKVVF_CASSLAGTGGDQDTQYF","TRAV12N-2","TRBV16","CALSDRTGGYKVVF","CASSLAGTGGDQDTQYF","TRAJ12","TRBJ2-5",2,"GDSVTQTEGLVTLTKGLPVMLNCTYQ","TTYSPF","LFWYVQHLNEAPKLLLK","SSTDNKR","TEHQGFYATLHKSSSSFHLQKSSVQLSDSALYF","GSGTRLLVSP","NAGVIQTPRHKVTGKGQEATLWCEPI","SGHSA","VFWYRQTIVQGLEFLTY","FRNQAP","IDDSGMPKERFSAQMPNQSHSTLKIQSTQPQDSAVYL","GPGTRLLVL","G2_63_GCGCAATTCCCCTTAG-1;G2_63_GTGACCCCACAGCGTC-1",2,"E_备选（极小扩增）","Ready","Single"
"G2_63","CALSELNSAGNKLTF_CASSSDWGGAYAEQFF","TRAV15N-2","TRBV16","CALSELNSAGNKLTF","CASSSDWGGAYAEQFF","TRAJ17","TRBJ2-1",2,"AQRVTQVQPTGSSQWGEEVTLDCSYE","TSEYFYC","IIWYRQLFSGEMVFLIY","QTSFDTQN","QRNGRYSVVFQKSLKSISLVISASQPEDSGTYF","GIGTRVLVRP","NAGVIQTPRHKVTGKGQEATLWCEPI","SGHSA","VFWYRQTIVQGLEFLTY","FRNQAP","IDDSGMPKERFSAQMPNQSHSTLKIQSTQPQDSAVYL","GPGTRLTVL","G2_63_ATTGAGAAGGCATTCA-1;G2_63_CGGTGCTCAGTGCTCA-1",2,"E_备选（极小扩增）","Ready","Single"
"G2_63","CALSGSAGNKLTF_CASRQISGNTLYF","TRAV9-4","TRBV17","CALSGSAGNKLTF","CASRQISGNTLYF","TRAJ17","TRBJ1-3",2,"AQSVTQPDARVTVSEGASLQLRCKYS","YSGTPY","LFWYVQYPRQGLQLLLK","YYSGDPVV","QGVNGFEAEFSKSNSSFHLRKASVHWSDSAVYF","GIGTRVLVRP","DTTVKQNPRYKLARVGKPVNLICSQT","MNHDT","MYWYQKKPNQAPKLLLF","YYDKIL","NREADTFEKFQSSRPNNSFCSLYIGSAGLEYSAMYL","GEGSRLIVV","G2_63_CGTGAGTTCAGACTGC-1;G2_63_GTTGCCCTCCGCACTC-1",2,"E_备选（极小扩增）","Ready","Single"
"G2_63","CALVERGSALGRLHF_CGARSGQGGTQYF","TRAV6-4","TRBV20","CALVERGSALGRLHF","CGARSGQGGTQYF","TRAJ18","TRBJ2-5",2,"GDSVTQKQGQVTLSEDDFLFINCTYS","TTTYPT","LLWYVQYPGQGPQLLLK","VTTANNK","GISRGFEATYDKGTTSFHLQKASVQESDSAVYF","GAGTQLIVIP","GALVYQYPRRTICKSGTSMRMECQAV","GFQATS","VAWYRQSPQKTFELIAL","STVNSAI","KYEQNFTQEKFPISHPNLSFSSMTVLNAYLEDRGLYL","GPGTRLLVL","G2_63_CTCACCCAGAGCGGTA-1;G2_63_CTTAATCGTGGATTGT-1",2,"E_备选（极小扩增）","Ready","Single"
"G2_63","CAMRASSSFSKLVF_CASARTGNYAEQFF","TRAV16N","TRBV12-2+TRBV13-2","CAMRASSSFSKLVF","CASARTGNYAEQFF","TRAJ50","TRBJ2-1",2,"AQKVTQTQTSISVMEKTTVTMDCVYE","TQDSSYF","LFWYKQTASGEIVFLIR","QDSYKKEN","ATVGHYSLNFQKPKSSIGLIITATQIEDSAVYF","GQGTSLSVVP","EAAVTQSPRNKVAVTGGKVTLSCNQT","NNHNN","MYWYRQDTGHGLRLIHY","SYGAGS","TEKGDIPDGYKASRPSQENFSLILELATPSQTSVYF","GPGTRLTVL","G2_63_ACTTCGGCACAATGCT-1;G2_63_ATGCACTCAATAGGGC-1",2,"E_备选（极小扩增）","Ready","Multi_Allele"
"G2_63","CAMRDPNSAGNKLTF_CASSGDRDYAEQFF","TRAV6-3","TRBV14","CAMRDPNSAGNKLTF","CASSGDRDYAEQFF","TRAJ17","TRBJ2-1",2,"GDSVIQMQGQVTLSENDFLFINCTYS","TTGYPT","LFWYVQYSGEGPQLLLQ","VTTANNK","GSSRGFEATYDKGTTSFHLQKTSVQEIDSAVYY","GIGTRVLVRP","EAGVTQSPRYAVLQEGQAVSFWCDPI","SGHDT","LYWYQQPRDQGPQLLVY","FRDEAV","IDNSQLPSDRFSAVRPKGTNSTLKIQSAKQGDTATYL","GPGTRLTVL","G2_63_CGATGATGTGGTTTCC-1;G2_63_GGACATACAAGAGAGG-1",2,"E_备选（极小扩增）","Ready","Single"
"G2_63","CAMREGFPYQGGRALIF_CASSRLGGRQNTLYF","TRAV16N","TRBV2","CAMREGFPYQGGRALIF","CASSRLGGRQNTLYF","TRAJ15","TRBJ2-4",2,"AQKVTQTQTSISVMEKTTVTMDCVYE","TQDSSYF","LFWYKQTASGEIVFLIR","QDSYKKEN","ATVGHYSLNFQKPKSSIGLIITATQIEDSAVYF","GTGTTVSVSP","DPKIIQKPKYLVAVTGSEKILICEQY","LGHNA","MYWYRQSAKKPLEFMFS","YSYQKL","MDNQTASSRFQPQSSKKNHLDLQITALKPDDSATYF","GAGTRLSVL","G2_63_CCTAATCTCCATCTGT-1;G2_63_CGATCGGTCCCATAAG-1",2,"E_备选（极小扩增）","Ready","Single"
"G2_63","CAMREGGNYAQGLTF_CASSDGTGGRGSYEQYF","TRAV16N","TRBV13-1","CAMREGGNYAQGLTF","CASSDGTGGRGSYEQYF","TRAJ26","TRBJ2-7",2,"AQKVTQTQTSISVMEKTTVTMDCVYE","TQDSSYF","LFWYKQTASGEIVFLIR","QDSYKKEN","ATVGHYSLNFQKPKSSIGLIITATQIEDSAVYF","GLGTRVSVFP","EAAVTQSPRNKVTVTGGNVTLSCRQT","NSHNY","MYWYRQDTGHGLRLIHY","SYGAGN","LQIGDVPDGYKATRTTQEDFFLLLELASPSQTSLYF","GPGTRLTVL","G2_63_AAAGCGTAGGGGATTG-1;G2_63_CTTCGTGTCAATCATA-1",2,"E_备选（极小扩增）","Ready","Single"
"G2_63","CAMSTGYQNFYF_CASSGDIEQYF","TRAV16N","TRBV16","CAMSTGYQNFYF","CASSGDIEQYF","TRAJ49","TRBJ2-7",2,"AQKVTQTQTSISVMEKTTVTMDCVYE","TQDSSYF","LFWYKQTASGEIVFLIR","QDSYKKEN","ATVGHYSLNFQKPKSSIGLIITATQIEDSAVYF","GKGTSLTVIP","NAGVIQTPRHKVTGKGQEATLWCEPI","SGHSA","VFWYRQTIVQGLEFLTY","FRNQAP","IDDSGMPKERFSAQMPNQSHSTLKIQSTQPQDSAVYL","GPGTRLTVL","G2_63_AATCCCCGTGTTATGA-1;G2_63_AATGTTGGTGGTCCCC-1",2,"E_备选（极小扩增）","Ready","Single"
"G2_63","CAPEGQGGRALIF_CASGVDWGGFSQNTLYF","TRAV12-3","TRBV12-2+TRBV13-2","CAPEGQGGRALIF","CASGVDWGGFSQNTLYF","TRAJ15","TRBJ2-4",2,"GDSVTQTEGLVTLTEGLPVMLNCTYQ","TIYSNAF","LFWYVHYLNESPWLLLR","SSTDNKR","TEHQGFHATLHKSSSSFHLQKSSAQLSDSALYY","GTGTTVSVSP","EAAVTQSPRNKVAVTGGKVTLSCNQT","NNHNN","MYWYRQDTGHGLRLIHY","SYGAGS","TEKGDIPDGYKASRPSQENFSLILELATPSQTSVYF","GAGTRLSVL","G2_63_AGCGCGACAGCGACAG-1;G2_63_CTCGAAATCCTGTATC-1",2,"E_备选（极小扩增）","Ready","Multi_Allele"
"G2_63","CAPMATGGNNKLTF_CASGDALEQYF","TRAV12-3","TRBV12-2+TRBV13-2","CAPMATGGNNKLTF","CASGDALEQYF","TRAJ56","TRBJ2-7",2,"GDSVTQTEGLVTLTEGLPVMLNCTYQ","TIYSNPF","LFWYVHYLNESPRLLLK","SSTDNKR","TEHQGFHATLHKSSSSFHLQKSSAQLSDSALYY","GQGTVLSVIP","EAAVTQSPRNKVAVTGGKVTLSCNQT","NNHNN","MYWYRQDTGHGLRLIHY","SYGAGS","TEKGDIPDGYKASRPSQENFSLILELATPSQTSVYF","GPGTRLTVL","G2_63_AGAGGCGGTCGTTGCT-1;G2_63_CTAGGAGAGGGGATTG-1",2,"E_备选（极小扩增）","Ready","Multi_Allele"
"G2_63","CAPTGANTGKLTF_CASRDSSAETLYF","TRAV8D-2","TRBV13-3","CAPTGANTGKLTF","CASRDSSAETLYF","TRAJ52","TRBJ2-3",2,"SQWGEENLQALSIQEGEDVTMNCSYK","TYTTV","VHWYRQDSGRGPALIIL","IRSNERE","KRSGRLRATLDTSSQSSSLSITAAQCEDTAVYF","GHGTILRVHP","EAAVTQSPRSKVAVTGGKVTLSCHQT","NNHDY","MYWYRQDTGHGLRLIHY","SYVADS","TEKGDIPDGYKASRPSQENFSLILELASLSQTAVYF","GSGTRLTVL","G2_63_CACTTAGAGCTAAATC-1;G2_63_GTGGGATCACTATTCT-1",2,"E_备选（极小扩增）","Ready","Single"
"G2_63","CASNAYKVIF_CASSSGQGISNERLFF","TRAV6D-6","TRBV19","CASNAYKVIF","CASSSGQGISNERLFF","TRAJ30","TRBJ1-4",2,"GDSVTQTEGQVTVSESKSLIINCTYS","TTSIAYPN","LFWYVRYPGEGLQLLLK","VITAGQK","GSSRGFEATYNKETTSFHLQKASVQESDSAVYY","GKGTHLHVLP","GGIITQTPKFLIGQEGQKLTLKCQQN","FNHDT","MYWYRQDSGKGLRLIYY","SITEND","LQKGDLSEGYDASREKKSSFSLTVTSAQKNEMAVFL","GHGTKLSVL","G2_63_AAGCGTACACTCCGAA-1;G2_63_ATGGTAAAGCGTCTAA-1",2,"E_备选（极小扩增）","Ready","Single"
"G2_63","CATDATNTGKLTF_CASSDWGGQDTQYF","TRAV8D-1","TRBV13-3","CATDATNTGKLTF","CASSDWGGQDTQYF","TRAJ27","TRBJ2-5",2,"SQLAEENLWALSVHEGESVTVNCSYK","TSITA","LQWYRQKSGEGPAQLIL","IRSNERE","KRNGRLRATLDTSSQSSSLSITATRCEDTAVYF","GDGTVLTVKP","EAAVTQSPRSKVAVTGGKVTLSCHQT","NNHDY","MYWYRQDTGHGLRLIHY","SYVADS","TEKGDIPDGYKASRPSQENFSLILELASLSQTAVYF","GPGTRLLVL","G2_63_CGAATGGAGAGCGGGT-1;G2_63_GTGGCATTCCCAGTAA-1",2,"E_备选（极小扩增）","Ready","Single"
"G2_63","CATHRNNNNRIFF_CASSRGRGQGETLYF","TRAV8D-2","TRBV17","CATHRNNNNRIFF","CASSRGRGQGETLYF","TRAJ31","TRBJ2-3",2,"SQWGEENLQALSIQEGEDVTMNCSYK","TYTTV","VHWYRQDSGRGPALIIL","IRSNERE","KRSGRLRATLDTSSQSSSLSITAAQCEDTAVYF","GDGTQLVVKP","DTTVKQNPRYKLARVGKPVNLICSQT","MNHDT","MYWYQKKPNQAPKLLLF","YYDKIL","NREADTFEKFQSSRPNNSFCSLYIGSAGLEYSAMYL","GSGTRLTVL","G2_63_AAGGCGCAGAGTCCCG-1;G2_63_ATGAATACACCTAAAC-1",2,"E_备选（极小扩增）","Ready","Single"
"G2_63","CAVDTNAYKVIF_CTCSAAQISNERLFF","TRAV12-3","TRBV1","CAVDTNAYKVIF","CTCSAAQISNERLFF","TRAJ30","TRBJ1-4",2,"GDSVTQTEGLVTLTEGLPVMLNCTYQ","TIYSNAF","LFWYVHYLNESPWLLLR","SSTDNKR","TEHQGFHATLHKSSSSFHLQKSSAQLSDSALYY","GKGTHLHVLP","VTLLEQNPRWRLVPRGQAVNLRCILK","NSQYPW","MSWYQQDLQKQLQWLFT","LRSPGD","KEVKSLPGADYLATRVTDTELRLQVANMSQGRTLY","GHGTKLSVL","G2_63_ATGTACAGTGGCTCCC-1;G2_63_GCTATCGCAGGAAGGA-1",2,"E_备选（极小扩增）","Ready","Single"
"G2_63","CAVRDGTNAYKVIF_CASRPGHKNTEVFF","TRAV1","TRBV19","CAVRDGTNAYKVIF","CASRPGHKNTEVFF","TRAJ30","TRBJ1-1",2,"GQGVEQPDNLMSVEGTFARVNCTYS","TSGFNG","LSWYQQREGHAPVFLSY","VVLDGL","KDSGHFSTFLSRSNGYSYLLLTELQIKDSASYL","GKGTHLHVLP","GGIITQTPKFLIGQEGQKLTLKCQQN","FNHDT","MYWYRQDSGKGLRLIYY","SITEND","LQKGDLSEGYDASREKKSSFSLTVTSAQKNEMAVFL","GKGTRLTVV","G2_63_ATACTAATCCTTAATT-1;G2_63_GTACGCCCAACCAACT-1",2,"E_备选（极小扩增）","Ready","Single"
"G2_63","CAVRMATGGNNKLTF_CASSPGTTSAETLYF","TRAV9N-2","TRBV14","CAVRMATGGNNKLTF","CASSPGTTSAETLYF","TRAJ56","TRBJ2-3",2,"AQSVTQPDARVTVSEGASLQLRCKYS","SSVTPY","LFWYVQYPRQGLQLLLK","YYSGDPVV","QGVNGFEAEFSKSNSSFHLRKASVHWSDSAVYF","GQGTVLSVIP","EAGVTQSPRYAVLQEGQAVSFWCDPI","SGHDT","LYWYQQPRDQGPQLLVY","FRDEAV","IDNSQLPSDRFSAVRPKGTNSTLKIQSAKQGDTATYL","GSGTRLTVL","G2_63_AGGCTGTTCGTCACCC-1;G2_63_CCAATATAGGCACCCA-1",2,"E_备选（极小扩增）","Ready","Single"
"G2_63","CAVRTGNYKYVF_CASGDWGSSAETLYF","TRAV7-1","TRBV12-2+TRBV13-2","CAVRTGNYKYVF","CASGDWGSSAETLYF","TRAJ40","TRBJ2-3",2,"QQKVQQSPESLIVPEGGMASLNCTFS","DRNSQY","FWWYRQHSGEGPKALMS","IFSNGD","KKEGRFTAHLNKASLYVSLHIKDSQPSDSALYF","GAGTRLKVIA","EAAVTQSPRNKVAVTGGKVTLSCNQT","NNHNN","MYWYRQDTGHGLRLIHY","SYGAGS","TEKGDIPDGYKASRPSQENFSLILELATPSQTSVYF","GSGTRLTVL","G2_63_ACTTCTGGTAAGTCCG-1;G2_63_CGAGTCAGTAAGGGAC-1",2,"E_备选（极小扩增）","Ready","Multi_Allele"
"G2_63","CAVSAGTNAYKVIF_CASSSLQGNYAEQFF","TRAV3-3","TRBV16","CAVSAGTNAYKVIF","CASSSLQGNYAEQFF","TRAJ30","TRBJ2-1",2,"GEQVEQRPPHLSVREGDSAFITCTYT","DPNSYY","FFWYKQEPGASLQLLMK","VFSSTEI","NEGQGFTVLLNKKDKRLSLNLTAAHPGDSAAYF","GKGTHLHVLP","NAGVIQTPRHKVTGKGQEATLWCEPI","SGHSA","VFWYRQTIVQGLEFLTY","FRNQAP","IDDSGMPKERFSAQMPNQSHSTLKIQSTQPQDSAVYL","GPGTRLTVL","G2_63_CGGTTACAGCGTTCAA-1;G2_63_CTTGATTGTCGGTGTA-1",2,"E_备选（极小扩增）","Ready","Single"
"G2_63","CAVSANTGYQNFYF_CASSRDRIYEQYF","TRAV9-1","TRBV17","CAVSANTGYQNFYF","CASSRDRIYEQYF","TRAJ49","TRBJ2-7",2,"TQTVSQSDAHVTVFEGDSVELRCNYS","YGGSIY","LSWYIQHHGRGLQFLLK","YYSGNPVV","QGVNGFEAEFSKSDSSFHLRKASVHWSDSAVYF","GKGTSLTVIP","DTTVKQNPRYKLARVGKPVNLICSQT","MNHDT","MYWYQKKPNQAPKLLLF","YYDKIL","NREADTFEKFQSSRPNNSFCSLYIGSAGLEYSAMYL","GPGTRLTVL","G2_63_CGAAGATAGCAATGCC-1;G2_63_CGCGTATAGCCAATAT-1",2,"E_备选（极小扩增）","Ready","Single"
"G2_63","CAVSESGSWQLIF_CASGTANTEVFF","TRAV9N-4","TRBV31","CAVSESGSWQLIF","CASGTANTEVFF","TRAJ22","TRBJ1-1",2,"AQSVTQPDARVTVSEGASLQLRCKYS","YSATPY","LFWYVQYPRQGLQMLLK","YYSGDPVV","QGVNGFEAEFSKSDSSFHLRKASVHWSDSAVYF","GSGTQLTVMP","AQTIHQWPVAEIKAVGSPLSLGCTIK","GKSSPN","LYWYWQATGGTLQQLFY","SITVG","QVESVVQLNLSASRPKDDQFILSTEKLLLSHSGFYL","GKGTRLTVV","G2_63_ACTATAATCAGCGCCA-1;G2_63_ATTAATCCAAGTCTCG-1",2,"E_备选（极小扩增）","Ready","Single"
"G2_63","CAVSGGNYKYVF_CASSLRVGTEVFF","TRAV9-4","TRBV14","CAVSGGNYKYVF","CASSLRVGTEVFF","TRAJ40","TRBJ1-1",2,"AQSVTQPDARVTVSEGASLQLRCKYS","YSATPY","LFWYVQYPRQGLQLLLK","YYSGDPVV","QGVNGFEAEFSKSNSSFHLRKASVHWSDSAVYF","GAGTRLKVIA","EAGVTQSPRYAVLQEGQAVSFWCDPI","SGHDT","LYWYQQPRDQGPQLLVY","FRDEAV","IDNSQLPSDRFSAVRPKGTNSTLKIQSAKQGDTATYL","GKGTRLTVV","G2_63_AGTTATGGTAACCGCA-1;G2_63_AGTTTAATCAAATTGC-1",2,"E_备选（极小扩增）","Ready","Single"
"G2_63","CAVSGSSGSWQLIF_CASSQRQGGYAEQFF","TRAV3-3","TRBV5","CAVSGSSGSWQLIF","CASSQRQGGYAEQFF","TRAJ22","TRBJ2-1",2,"GEQVEQRPPHLSVREGDSAVITCTYT","DPNSYY","FFWYKQEPGASLQLLMK","VFSSTEI","NEGQGFTVLLNKKDKRLSLNLTAAHPGDSAAYF","GSGTQLTVMP","NTKITQSPRYLILGRANKSLECEQH","LGHNA","MYWYKQSAEKPPELMFL","YNLKQL","IRNETVPSRFIPECPDSSKLLLHISAVDPEDSAVYF","GPGTRLTVL","G2_63_CGGCACATCCCTACCA-1;G2_63_GGCGGTTGTCGAAGCC-1",2,"E_备选（极小扩增）","Ready","Single"
"G2_63","CAVSLTGGNNKLTF_CASSDAKDTQYF","TRAV9N-2","TRBV13-1","CAVSLTGGNNKLTF","CASSDAKDTQYF","TRAJ56","TRBJ2-5",2,"AQSVTQPDARVTVSEGASLQLRCKYS","SSVTPY","LFWYVQYPRQGLQLLLK","YYSGDPVV","QGVNGFEAEFSKSNSSFHLRKASVHWSDSAVYF","GQGTVLSVIP","EAAVTQSPRNKVTVTGGNVTLSCRQT","NSHNY","MYWYRQDTGHGLRLIHY","SYGAGN","LQIGDVPDGYKATRTTQEDFFLLLELASPSQTSLYF","GPGTRLLVL","G2_63_CCTAGGGTCACAATAC-1;G2_63_GGCATAACAGGAACCG-1",2,"E_备选（极小扩增）","Ready","Single"
"G2_63","CAVSMITNAYKVIF_CASSRQNTEVFF","TRAV7D-3","TRBV19","CAVSMITNAYKVIF","CASSRQNTEVFF","TRAJ30","TRBJ1-1",2,"QQKVQQSPESLIVPEGAMTSLNCTFS","DSASQY","FAWYRQHSGKAPKALMS","IFSNGE","KEEGRFTIHLNKASLHFSLHIRDSQPSDSALYL","GKGTHLHVLP","GGIITQTPKFLIGQEGQKLTLKCQQN","FNHDT","MYWYRQDSGKGLRLIYY","SITEND","LQKGDLSEGYDASREKKSSFSLTVTSAQKNEMAVFL","GKGTRLTVV","G2_63_AACATTGGTGTGAGTT-1;G2_63_AGTCGATGTCTCCGCA-1",2,"E_备选（极小扩增）","Ready","Single"
"G2_63","CAVSMQGTGSKLSF_CASSWDNSGNTLYF","TRAV9-4","TRBV16","CAVSMQGTGSKLSF","CASSWDNSGNTLYF","TRAJ58","TRBJ1-3",2,"AQSVTQPDARVTVSEGASLQLRCKYS","YSATPY","LFWYVQYPRQGLQLLLK","YYSGDPVV","QGVNGFEAEFSKSNSSFHLRKASVHWSDSAVYF","GKGAKLTVSP","NAGVIQTPRHKVTGKGQEATLWCEPI","SGHSA","VFWYRQTIVQGLEFLTY","FRNQAP","IDDSGMPKERFSAQMPNQSHSTLKIQSTQPQDSAVYL","GEGSRLIVV","G2_63_ACATGGGAGACCTTTC-1;G2_63_CGTGGAAAGGTATCCA-1",2,"E_备选（极小扩增）","Ready","Single"
"G2_63","CAVSMRGGSGNKLIF_CASSEVREVFF","TRAV9N-2","TRBV13-1","CAVSMRGGSGNKLIF","CASSEVREVFF","TRAJ32","TRBJ1-1",2,"AQSVTQPDARVTVSEGASLQLRCKYS","SSVTPY","LFWYVQYPRQGLQLLLK","YYSGDPVV","QGVNGFEAEFSKSNSSFHLRKASVHWSDSAVYF","GTGTLLSVKP","EAAVTQSPRNKVTVTGGNVTLSCRQT","NSHNY","MYWYRQDTGHGLRLIHY","SYGAGN","LQIGDVPDGYKATRTTQEDFFLLLELASPSQTSLYF","GKGTRLTVV","G2_63_AGGCGCTGTCCTGTAC-1;G2_63_CACCATAAGGTCGACT-1",2,"E_备选（极小扩增）","Ready","Single"
"G2_63","CAVSRNSGGSNYKLTF_CASSLYEQYF","TRAV9-1","TRBV29","CAVSRNSGGSNYKLTF","CASSLYEQYF","TRAJ53","TRBJ2-7",2,"TQTVSQSDAHVTVFEGDSVELRCNYS","YGGSIY","LSWYIQHHGRGLQFLLK","YYSGNPVV","QGVNGFEAEFSKSDSSFHLRKASVHWSDSAVYF","GKGTLLTVTP","DMKVTQMPRYLIKRMGENVLLECGQD","MSHET","MYWYRQDPGLGLQLIYI","SYDVDS","NSEGDIPKGYRVSRKKREHFSLILDSAKTNQTSVYF","GPGTRLTVL","G2_63_ATACAGCGTGGCTTAG-1;G2_63_GCCCTGAAGGTGTATT-1",2,"E_备选（极小扩增）","Ready","Single"
"G2_63","CAVSSSSGSWQLIF_CAWSLAGGNTEVFF","TRAV7-3","TRBV31","CAVSSSSGSWQLIF","CAWSLAGGNTEVFF","TRAJ22","TRBJ1-1",2,"QQNVQQSPESLIVPEGARTSLNCTFS","DSASQY","FWWYRQHSGKAPKALMS","IFSNGE","KEEGRFTIHLNKASLHFSLHIRDSQPSDSALYL","GSGTQLTVMP","AQTIHQWPVAEIKAVGSPLSLGCTIK","GKSSPN","LYWYWQATGGTLQQLFY","SITVG","QVESVVQLNLSASRPKDDQFILSTEKLLLSHSGFYL","GKGTRLTVV","G2_63_AGACAGCCACGTAACT-1;G2_63_CTGCAAATCAGCCTCC-1",2,"E_备选（极小扩增）","Ready","Single"
"G2_63","CILRVEEGTGSKLSF_CASSSAVSYEQYF","TRAV21-DV12","TRBV29","CILRVEEGTGSKLSF","CASSSAVSYEQYF","TRAJ58","TRBJ2-7",2,"DAKTTQPDSMESTEGETVHLPCSHA","TISGNEY","IYWYRQVPLQGPEYVTH","GLQQN","TTNSMAFLAIASDRKSSTLILTHVSLRDAAVYH","GKGAKLTVSP","DMKVTQMPRYLIKRMGENVLLECGQD","MSHET","MYWYRQDPGLGLQLIYI","SYDVDS","NSEGDIPKGYRVSRKKREHFSLILDSAKTNQTSVYF","GPGTRLTVL","G2_63_CCATGGTAGGGCGTAA-1;G2_63_CCTTAACTCCCATTCG-1",2,"E_备选（极小扩增）","Ready","Single"
"G2_63","CILRVTGNTRKLIF_CASGDAGQLYF","TRAV21-DV12","TRBV12-2+TRBV13-2","CILRVTGNTRKLIF","CASGDAGQLYF","TRAJ37","TRBJ2-2",2,"DAKTTQPDSMESTEGETVHLPCSHA","TISGNEY","IYWYRQVPLQGPEYVTH","GLQQN","TTNSMAFLAIASDRKSSTLILTHVSLRDAAVYH","GLGTTLQVQP","EAAVTQSPRNKVAVTGGKVTLSCNQT","NNHNN","MYWYRQDTGHGLRLIHY","SYGAGS","TEKGDIPDGYKASRPSQENFSLILELATPSQTSVYF","GEGSKLTVL","G2_63_CGTTCCCAGCAATATC-1;G2_63_CTAGCTAAGGGGCATA-1",2,"E_备选（极小扩增）","Ready","Multi_Allele"
"G2_63","CSARGSALGRLHF_CAWSLAQGRATEVFF","TRAV5-1","TRBV31","CSARGSALGRLHF","CAWSLAQGRATEVFF","TRAJ18","TRBJ1-1",2,"GEQVEQLPSSLIVQEGASVLINCSYT","DSASVY","FPWYKQEPGKRLQFIID","IRSNMER","KQNQRLTLLFDKKTKHLSLHITATQPGDSAIYF","GAGTQLIVIP","AQTIHQWPVAEIKAVGSPLSLGCTIK","GKSSPN","LYWYWQATGGTLQQLFY","SITVG","QVESVVQLNLSASRPKDDQFILSTEKLLLSHSGFYL","GKGTRLTVV","G2_63_AGTAAGCAGAAGCATA-1;G2_63_CATCGCACAAACCGAA-1",2,"E_备选（极小扩增）","Ready","Single"
"G2_63","CSASFYGNEKITF_CASSLGGPNERLFF","TRAV5-1","TRBV29","CSASFYGNEKITF","CASSLGGPNERLFF","TRAJ48","TRBJ1-4",2,"GEQVEQLPSSLIVQEGASVLINCSYT","DSASVY","FPWYKQEPGKRLQFIID","IRSNMER","KQNQRLTLLFDKKTKHLSLHITATQPGDSAIYF","GAGTKLTIKP","DMKVTQMPRYLIKRMGENVLLECGQD","MSHET","MYWYRQDPGLGLQLIYI","SYDVDS","NSEGDIPKGYRVSRKKREHFSLILDSAKTNQTSVYF","GHGTKLSVL","G2_63_ATGGCCAGTGGCGAGA-1;G2_63_CTGGCTTGTGTTAGTA-1",2,"E_备选（极小扩增）","Ready","Single"
"G2_63","CVLGIDRGSALGRLHF_CASSQGTGVTSAETLYF","TRAV6-2","TRBV5","CVLGIDRGSALGRLHF","CASSQGTGVTSAETLYF","TRAJ18","TRBJ2-3",2,"GNSVTQMQGQVTLSEEEFLFINCTYS","TTGYPT","LFWYVQYPGEGPQLLLK","VTTANNK","GSSRGFEATYDKGTTSFHLQKASVQESDSAVYY","GAGTQLIVIP","NTKITQSPRYLILGRANKSLECEQH","LGHNA","MYWYKQSAEKPPELMFL","YNLKQL","IRNETVPSRFIPECPDSSKLLLHISAVDPEDSAVYF","GSGTRLTVL","G2_63_CAACCCTGTGTCGGGT-1;G2_63_CTTATACGTGGCCTGG-1",2,"E_备选（极小扩增）","Ready","Single"
"G2_63","CVLVSNTDKVVF_CASGENRGDEQYF","TRAV6-2","TRBV12-2+TRBV13-2","CVLVSNTDKVVF","CASGENRGDEQYF","TRAJ34","TRBJ2-7",2,"GNSVTQMQGQVTLSEEEFLFINCTYS","TTGYPT","LFWYVQYPGEGPQLLLK","VTTANNK","GSSRGFEATYDKGTTSFHLQKASVQESDSAVYY","GTGTRLQVSP","EAAVTQSPRNKVAVTGGKVTLSCNQT","NNHNN","MYWYRQDTGHGLRLIHY","SYGAGS","TEKGDIPDGYKASRPSQENFSLILELATPSQTSVYF","GPGTRLTVL","G2_63_CCATGCACAACGCCAC-1;G2_63_GCCCCAAAGCTGCATA-1",2,"E_备选（极小扩增）","Ready","Multi_Allele"
"G2_63","CVVGDRGSALGRLHF_CASGAILGGRHAEQFF","TRAV11","TRBV12-2+TRBV13-2","CVVGDRGSALGRLHF","CASGAILGGRHAEQFF","TRAJ18","TRBJ2-1",2,"KTQVEQSPQSLVVRQGENCVLQCNYS","VTPDNH","LRWFKQDTGKGLVSLTV","LVHENDK","TSNGRYSATLDKDAKHSTLHITATLLDDTATYI","GAGTQLIVIP","EAAVTQSPRNKVAVTGGKVTLSCNQT","NNHNN","MYWYRQDTGHGLRLIHY","SYGAGS","TEKGDIPDGYKASRPSQENFSLILELATPSQTSVYF","GPGTRLTVL","G2_63_CCACAACAGAGCCGAA-1;G2_63_CCCTAGCTCAATGTAC-1",2,"E_备选（极小扩增）","Ready","Multi_Allele"
"G2_63","CVVGDRGSALGRLHF_CASGEPGHANSDYTF","TRAV11","TRBV12-2+TRBV13-2","CVVGDRGSALGRLHF","CASGEPGHANSDYTF","TRAJ18","TRBJ1-2",2,"KTQVEQSPQSLVVRQGENCVLQCNYS","VTPDNH","LRWFKQDTGKGLVSLTV","LVHENDK","TSNGRYSATLDKDAKHSTLHITATLLDDTATYI","GAGTQLIVIP","EAAVTQSPRNKVAVTGGKVTLSCNQT","NNHNN","MYWYRQDTGHGLRLIHY","SYGAGS","TEKGDIPDGYKASRPSQENFSLILELATPSQTSVYF","GSGTRLLVI","G2_63_ATCGAGACAGTGAGCG-1;G2_63_GGGAGCTAGAAACGGT-1",2,"E_备选（极小扩增）","Ready","Multi_Allele"
"G2_63","CVVGDRGSALGRLHF_CASGVDWGGFSQNTLYF","TRAV11","TRBV12-2+TRBV13-2","CVVGDRGSALGRLHF","CASGVDWGGFSQNTLYF","TRAJ18","TRBJ2-4",2,"KTQVEQSPQSLVVRQGENCVLQCNYS","VTPDNH","LRWFKQDTGKGLVSLTV","LVHENDK","TSNGRYSATLDKDAKHSTLHITATLLDDTATYI","GAGTQLIVIP","EAAVTQSPRNKVAVTGGKVTLSCNQT","NNHNN","MYWYRQDTGHGLRLIHY","SYGAGS","TEKGDIPDGYKASRPSQENFSLILELATPSQTSVYF","GAGTRLSVL","G2_63_AGCGCGACACCCTTCG-1;G2_63_GGTTAGCTCAGGCTGT-1",2,"E_备选（极小扩增）","Ready","Multi_Allele"
"G2_63","CVVGDRGSALGRLHF_CASGVSGTKNTEVFF","TRAV11","TRBV12-2+TRBV13-2","CVVGDRGSALGRLHF","CASGVSGTKNTEVFF","TRAJ18","TRBJ1-1",2,"KTQVEQSPQSLVVRQGENCVLQCNYS","VTPDNH","LRWFKQDTGKGLVSLTV","LVHENDK","TSNGRYSATLDKDAKHSTLHITATLLDDTATYI","GAGTQLIVIP","EAAVTQSPRNKVAVTGGKVTLSCNQT","NNHNN","MYWYRQDTGHGLRLIHY","SYGAGS","TEKGDIPDGYKASRPSQENFSLILELATPSQTSVYF","GKGTRLTVV","G2_63_ACGCTCACAACTAATT-1;G2_63_GCGGAGTAGCATTAGT-1",2,"E_备选（极小扩增）","Ready","Multi_Allele"
"G2_63","CVVGDRGSALGRLHF_CASSDDRGHQAPLF","TRAV11","TRBV13-1","CVVGDRGSALGRLHF","CASSDDRGHQAPLF","TRAJ18","TRBJ1-5",2,"KTQVEQSPQSLVVRQGENCVLQCNYS","VTPDNH","LRWFKQDTGKGLVSLTV","LVHENDK","TSNGRYSATLDKDAKHSTLHITATLLDDTATYI","GAGTQLIVIP","EAAVTQSPRNKVTVTGGNVTLSCRQT","NSHNY","MYWYRQDTGHGLRLIHY","SYGAGN","LQIGDVPDGYKATRTTQEDFFLLLELASPSQTSLYF","GEGTRLSVL","G2_63_AGGCACTTCGTTCGCC-1;G2_63_CTAGTCTTCATTGCTC-1",2,"E_备选（极小扩增）","Ready","Single"
"G2_73","CAAANTGANTGKLTF_CASSFQGAETLYF","TRAV14D-3-DV8","TRBV10","CAAANTGANTGKLTF","CASSFQGAETLYF","TRAJ52","TRBJ2-3",2,"QQQVRQSPQSLTVWEGETAILNCSYE","NSAFDY","FPWYQQFPGEGPALLIS","ILSVSNK","KEDGRFTIFFNKREKKLSLHIADSQPGDSATYF","GHGTILRVHP","ETAVFQTPNYHVTQVGNEVSFNCKQT","LGHDT","MYWYKQDSKKLLKIMFS","YNNKQL","IVNETVPRRFSPQSSDKAHLNLRIKSVEPEDSAVYL","GSGTRLTVL","G2_73_AATACCCCAACCCCAA-1;G2_73_GCAATCCAGGGAAACT-1",2,"E_备选（极小扩增）","Ready","Single"
"G2_73","CAAGAGQGGSAKLIF_CASSSGGAAETLYF","TRAV19","TRBV13-1","CAAGAGQGGSAKLIF","CASSSGGAAETLYF","TRAJ57","TRBJ2-3",2,"GQQVKQSSPSLTVQEGGILILNCDYE","NDMFDY","FAWYKKYPDNSPTLLIS","VRSNVDK","REDGRFTVFLNKSGKHFSLHITASQPEDTAVYL","GEGTKLTVSS","EAAVTQSPRNKVTVTGGNVTLSCRQT","NSHNY","MYWYRQDTGHGLRLIHY","SYGAGN","LQIGDVPDGYKATRTTQEDFFLLLELASPSQTSLYF","GSGTRLTVL","G2_73_ATGCCCACAGTAACCT-1;G2_73_CAAATGTTCCATCATC-1",2,"E_备选（极小扩增）","Ready","Single"
"G2_73","CAAGFTGSGGKLTL_CASSSRDWEYAEQFF","TRAV4-3","TRBV10","CAAGFTGSGGKLTL","CASSSRDWEYAEQFF","TRAJ44","TRBJ2-1",2,"GDQVKQSPSALSLQEGTNSALRCNFS","IATTT","VQWFLQNPRGSLMNLFY","LVPGT","KENGRLKSTFNSKESYSTLHIRDAQLEDSGTYF","GTGTRLQVNL","ETAVFQTPNYHVTQVGNEVSFNCKQT","LGHDT","MYWYKQDSKKLLKIMFS","YNNKQL","IVNETVPRRFSPQSSDKAHLNLRIKSVEPEDSAVYL","GPGTRLTVL","G2_73_AATGGCGAGCTGTGGT-1;G2_73_GGAGCCACACCTACGA-1",2,"E_备选（极小扩增）","Ready","Single"
"G2_73","CAAIQGGRALIF_CASSDAGTGKGVFF","TRAV7D-3","TRBV13-1","CAAIQGGRALIF","CASSDAGTGKGVFF","TRAJ15","TRBJ1-1",2,"QQKVQQSPESLIVPEGAMTSLNCTFS","DSASQY","FAWYRQHSGKAPKALMS","IFSNGE","KEEGRFTIHLNKASLHFSLHIRDSQPSDSALYL","GTGTTVSVSP","EAAVTQSPRNKVTVTGGNVTLSCRQT","NSHNY","MYWYRQDTGHGLRLIHY","SYGAGN","LQIGDVPDGYKATRTTQEDFFLLLELASPSQTSLYF","GKGTRLTVV","G2_73_ACGAAGTAGAATTACC-1;G2_73_GCAAAGGTCAATCCCT-1",2,"E_备选（极小扩增）","Ready","Single"
"G2_73","CAALNTDKVVF_CASSFDWGGADQDTQYF","TRAV7-4","TRBV16","CAALNTDKVVF","CASSFDWGGADQDTQYF","TRAJ34","TRBJ2-5",2,"QQKVQQSPESLSVPEGGMASFNCTSS","DRNFQY","FWWYRQHSGEGPKALMS","IFSDGD","KKEGRFTAHLNKASLHVSLHIRDSQPSDSALYF","GTGTRLQVSP","NAGVIQTPRHKVTGKGQEATLWCEPI","SGHSA","VFWYRQTIVQGLEFLTY","FRNQAP","IDDSGMPKERFSAQMPNQSHSTLKIQSTQPQDSAVYL","GPGTRLLVL","G2_73_AACCAGGAGGCTGTTA-1;G2_73_CTGATTGAGCACCACG-1",2,"E_备选（极小扩增）","Ready","Single"
"G2_73","CAAMATGGNNKLTF_CASSGSGTVNERLFF","TRAV5N-4","TRBV13-1","CAAMATGGNNKLTF","CASSGSGTVNERLFF","TRAJ56","TRBJ1-4",2,"GEQVEQLPSILRVQERSSASINCTYE","NSASNY","FPWYKQEPGENPKLIID","IRSNMER","KQIQGLIVLLDKKAKRFSLHITDTQPADSAMYF","GQGTVLSVIP","EAAVTQSPRNKVTVTGGNVTLSCRQT","NSHNY","MYWYRQDTGHGLRLIHY","SYGAGN","LQIGDVPDGYKATRTTQEDFFLLLELASPSQTSLYF","GHGTKLSVL","G2_73_GGGGCATAGAGGGACC-1;G2_73_GGTCAATGTATCAGCG-1",2,"E_备选（极小扩增）","Ready","Single"
"G2_73","CAANTGYQNFYF_CGAFRDRDQAPLF","TRAV14N-2","TRBV20","CAANTGYQNFYF","CGAFRDRDQAPLF","TRAJ49","TRBJ1-5",2,"QQQVRQSPQSLTVWEGETAILNCSYE","DSTFDY","FPWYRLFPGESPALLIA","IRPVSNK","KEDGRFTIFFNKREKKLSLHITDSQPGDSATYF","GKGTSLTVIP","GALVYQYPRRTICKSGTSMRMECQAV","GFQATS","VAWYRQSPQKTFELIAL","STVNSAI","KYEQNFTQEKFPISHPNLSFSSMTVLNAYLEDRGLYL","GEGTRLSVL","G2_73_AGCGCGACAATTGTAT-1;G2_73_CCATTTCAGGTATAGA-1",2,"E_备选（极小扩增）","Ready","Single"
"G2_73","CAAPFMNTGGADRLTF_CASGRTGGEYEQYF","TRAV7-4","TRBV12-2+TRBV13-2","CAAPFMNTGGADRLTF","CASGRTGGEYEQYF","TRAJ45","TRBJ2-7",2,"QQKVQQSPESLSVPEGGMASFNCTSS","DRNFQY","FWWYRQHSGEGPKALMS","IFSDGD","KKEGRFTAHLNKASLHVSLHIRDSQPSDSALYF","GKGTQLIIQP","EAAVTQSPRNKVAVTGGKVTLSCNQT","NNHNN","MYWYRQDTGHGLRLIHY","SYGAGS","TEKGDIPDGYKASRPSQENFSLILELATPSQTSVYF","GPGTRLTVL","G2_73_ACCCTTAGTGTCTAGG-1;G2_73_CGAGTGCGTGTCGGGT-1",2,"E_备选（极小扩增）","Ready","Multi_Allele"
"G2_73","CAARAYNVGDNSKLIW_CASSDAPGGARAETLYF","TRAV14N-2","TRBV13-1","CAARAYNVGDNSKLIW","CASSDAPGGARAETLYF","TRAJ38","TRBJ2-3",2,"QQQVRQSPQSLTVWEGETTILNCSYE","DSTFDY","FPWYRQFPGKSPALLIA","ISLVSNK","KEDGRFTIFFNKREKKLSLHITDSQPGDSATYF","GLGTSLVVNP","EAAVTQSPRNKVTVTGGNVTLSCRQT","NSHNY","MYWYRQDTGHGLRLIHY","SYGAGN","LQIGDVPDGYKATRTTQEDFFLLLELASPSQTSLYF","GSGTRLTVL","G2_73_CCTTATGGTATCTCGC-1;G2_73_GGTGTTCAGAATGCAA-1",2,"E_备选（极小扩增）","Ready","Single"
"G2_73","CAARVMPNYNVLYF_CASSQDREGAEQFF","TRAV14N-1","TRBV5","CAARVMPNYNVLYF","CASSQDREGAEQFF","TRAJ21","TRBJ2-1",2,"QQQVRQSPQSLTVWEGETAILNCSYE","DSTFNY","FPWYQQFPGEGPALLIS","ISSVSDK","KEDGRFTIFFNKREKKLSLHITDSQPGDSATYF","GSGTKLTVEP","NTKITQSPRYLILGRANKSLECEQH","LGHNA","MYWYKQSAEKPPELMFL","YNLKQL","IRNETVPSRFIPECPDSSKLLLHISAVDPEDSAVYF","GPGTRLTVL","G2_73_CTAAAGCGTCTTATGT-1;G2_73_GTAAACGCAGGACCTC-1",2,"E_备选（极小扩增）","Ready","Single"
"G2_73","CAASDLNNYAQGLTF_CASGDAGGSAETLYF","TRAV7D-4","TRBV12-2+TRBV13-2","CAASDLNNYAQGLTF","CASGDAGGSAETLYF","TRAJ26","TRBJ2-3",2,"QQKVQQSPESLSVPEGGMASLNCTSS","DRNFQY","FWWYRQHSGEGPKALMS","IFSDGD","KKEGRFTAHLNKASLHVSLHIRDSQPSDSALYF","GLGTRVSVFP","EAAVTQSPRNKVAVTGGKVTLSCNQT","NNHNN","MYWYRQDTGHGLRLIHY","SYGAGS","TEKGDIPDGYKASRPSQENFSLILELATPSQTSVYF","GSGTRLTVL","G2_73_ATCGGGTTCCAAGTGC-1;G2_73_CGCGTGGGTACAGCGC-1",2,"E_备选（极小扩增）","Ready","Multi_Allele"
"G2_73","CAASERNSGTYQRF_CTCSAQQGIYAEQFF","TRAV14N-1","TRBV1","CAASERNSGTYQRF","CTCSAQQGIYAEQFF","TRAJ13","TRBJ2-1",2,"QQQVRQSPQSLTVWEGETAILNCSYE","DSTFNY","FPWYQQFPGEGPALLIS","ISSVSDK","KEDGRFTIFFNKREKKLSLHITDSQPGDSATYF","GTGTKLQVVP","VTLLEQNPRWRLVPRGQAVNLRCILK","NSQYPW","MSWYQQDLQKQLQWLFT","LRSPGD","KEVKSLPGADYLATRVTDTELRLQVANMSQGRTLY","GPGTRLTVL","G2_73_AGTGGGTCAATACGGA-1;G2_73_GTCATCCGTCATTATC-1",2,"E_备选（极小扩增）","Ready","Single"
"G2_73","CAASEVATGGNNKLTF_CASSEGLVEQYF","TRAV10N","TRBV13-3","CAASEVATGGNNKLTF","CASSEGLVEQYF","TRAJ56","TRBJ2-7",2,"GEKVEQHQSTLSVREGDSAVINCTYT","DTASSY","FPWYKQEAGKSLHFVID","IRSNVDR","KQSQRLTVLLDKKAKRFSLHITATQPEDSAIYF","GQGTVLSVIP","EAAVTQSPRSKVAVTGGKVTLSCHQT","NNHDY","MYWYRQDTGHGLRLIHY","SYVADS","TEKGDIPDGYKASRPSQENFSLILELASLSQTAVYF","GPGTRLTVL","G2_73_AATGGAGGTCGTAATA-1;G2_73_CCATAATAGAGTCCCG-1",2,"E_备选（极小扩增）","Ready","Single"
"G2_73","CAASKKPNYNVLYF_CASSQVGTGVYAEQFF","TRAV10D","TRBV2","CAASKKPNYNVLYF","CASSQVGTGVYAEQFF","TRAJ21","TRBJ2-1",2,"GEKVEQHESTLSVREGDSAVINCTYT","DTASSY","FPWYKQEAGKGLHFVID","IRSNVDR","KQSQRLIVLLDKKAKRFSLHITATQPEDSAIYF","GSGTKLTVEP","DPKIIQKPKYLVAVTGSEKILICEQY","LGHNA","MYWYRQSAKKPLEFMFS","YSYQKL","MDNQTASSRFQPQSSKKNHLDLQITALKPDDSATYF","GPGTRLTVL","G2_73_AACACCCAGCCATTTC-1;G2_73_CGTAGCCCACTGACGC-1",2,"E_备选（极小扩增）","Ready","Single"
"G2_73","CAASMTGGYKVVF_CASGDWGGQNTLYF","TRAV10N","TRBV12-2+TRBV13-2","CAASMTGGYKVVF","CASGDWGGQNTLYF","TRAJ12","TRBJ2-4",2,"GEKVEQHQSTLSVREGDSAVINCTYT","DTASSY","FPWYKQEAGKSLHFVID","IRSNVDR","KQSQRLTVLLDKKAKRFSLHITATQPEDSAIYF","GSGTRLLVSP","EAAVTQSPRNKVAVTGGKVTLSCNQT","NNHNN","MYWYRQDTGHGLRLIHY","SYGAGS","TEKGDIPDGYKASRPSQENFSLILELATPSQTSVYF","GAGTRLSVL","G2_73_ACAAGTCGTGTCGAGC-1;G2_73_GCAACAGAGCTAATAC-1",2,"E_备选（极小扩增）","Ready","Multi_Allele"
"G2_73","CAASMWGGRALIF_CASSLGWGDYEQYF","TRAV9-1","TRBV15","CAASMWGGRALIF","CASSLGWGDYEQYF","TRAJ15","TRBJ2-7",2,"TQTVSQSDAHVTVFEGDSVELRCNYS","YGGSIY","LSWYIQHHGRGLQFLLK","YYSGNPVV","QGVNGFEAEFSKSDSSFHLRKASVHWSDSAVYF","GTGTTVSVSP","DAGVTQTPRHEVAEKGQTIILKCEPV","SGHND","LFWYRQTKIQGLELLSY","FRSKSL","MEDGGAFKDRFKAEMLNSSFSTLKIQPTEPKDSAVYL","GPGTRLTVL","G2_73_ATTACCGAGATCGGTC-1;G2_73_CTGGTAGGTGGCGAGA-1",2,"E_备选（极小扩增）","Ready","Single"
"G2_73","CAASNTGYQNFYF_CASSFGAGGNYAEQFF","TRAV14-1","TRBV16","CAASNTGYQNFYF","CASSFGAGGNYAEQFF","TRAJ49","TRBJ2-1",2,"QQQVRQSPQSLTVWEGGTTVLTCSYE","DSTFNY","FPCYQQFPGEGPALLIS","ILSVSDK","KEDGRFTIFFNKREKKLSLHIIDSQPGDSATYF","GKGTSLTVIP","NAGVIQTPRHKVTGKGQEATLWCEPI","SGHSA","VFWYRQTIVQGLEFLTY","FRNQAP","IDDSGMPKERFSAQMPNQSHSTLKIQSTQPQDSAVYL","GPGTRLTVL","G2_73_AAAGCATCAAGTCTCG-1;G2_73_ACTAATATCACGCTCC-1",2,"E_备选（极小扩增）","Ready","Single"
"G2_73","CAASVDSNYQLIW_CTCSAGQTSAETLYF","TRAV7-4","TRBV1","CAASVDSNYQLIW","CTCSAGQTSAETLYF","TRAJ33","TRBJ2-3",2,"QQKVQQSPESLSVPEGGMASFNCTSS","DRNFQY","FWWYRQHSGEGPKALMS","IFSDGD","KKEGRFTAHLNKASLHVSLHIRDSQPSDSALYF","GSGTKLIIKP","VTLLEQNPRWRLVPRGQAVNLRCILK","NSQYPW","MSWYQQDLQKQLQWLFT","LRSPGD","KEVKSLPGADYLATRVTDTELRLQVANMSQGRTLY","GSGTRLTVL","G2_73_CTTGTGCGTGCTACAG-1;G2_73_GCAATTGTCGCAATAT-1",2,"E_备选（极小扩增）","Ready","Single"
"G2_73","CAATGANTGKLTF_CASGVGVGTQYF","TRAV7N-5","TRBV12-2+TRBV13-2","CAATGANTGKLTF","CASGVGVGTQYF","TRAJ52","TRBJ2-5",2,"QQKVQQSPESLTVSEGAMASLNCTFS","DGTSDN","FRWYRQHSGKGLEMLVS","IFSDGE","KEEGRFTAHLNRASLHVSLHIREPQPSDSAVYL","GHGTILRVHP","EAAVTQSPRNKVAVTGGKVTLSCNQT","NNHNN","MYWYRQDTGHGLRLIHY","SYGAGS","TEKGDIPDGYKASRPSQENFSLILELATPSQTSVYF","GPGTRLLVL","G2_73_ACACATGTCGTCTCTG-1;G2_73_ACCTACAAGCATAGGG-1",2,"E_备选（极小扩增）","Ready","Multi_Allele"
"G2_73","CAEDSNYQLIW_CASSPTGNTEVFF","TRAV7D-2","TRBV5","CAEDSNYQLIW","CASSPTGNTEVFF","TRAJ33","TRBJ1-1",2,"QQKVQQSPESLIVPEGGMASLNCTSS","DRNVDY","FWWYRQHSGKSPKMLMS","IFSNGE","KEEGRFTVHLNKASLHTSLHIRDSQPSDSALYL","GSGTKLIIKP","NTKITQSPRYLILGRANKSLECEQH","LGHNA","MYWYKQSAEKPPELMFL","YNLKQL","IRNETVPSRFIPECPDSSKLLLHISAVDPEDSAVYF","GKGTRLTVV","G2_73_ACTTACCTCCGTATTC-1;G2_73_CTGACGCCAGTGTCAT-1",2,"E_备选（极小扩增）","Ready","Single"
"G2_73","CAIGNYKYVF_CASGDRSRYEQYF","TRAV7N-5","TRBV13-2","CAIGNYKYVF","CASGDRSRYEQYF","TRAJ40","TRBJ2-7",2,"QQKVQQSPESLTVSEGAMASLNCTFS","DGTSDN","FRWYRQHSGKGLEVLVS","IFSDGE","KEEGRFTAHLNRASLHVSLHIREPQPSDSAVYL","GAGTRLKVIA","EAAVTQSPRNKVAVTGGKVTLSCNQT","NNHNN","MYWYRQDTGHGLRLIHY","SYGAGS","TEKGDIPDGYKASRPSQENFSLILELATPSQTSVYF","GPGTRLTVL","G2_73_ATAAGTACACTGCGTA-1;G2_73_CAACAGCTCGCGTCGA-1",2,"E_备选（极小扩增）","Ready","Single"
"G2_73","CALEYNAGAKLTF_CASSDARGDYAEQFF","TRAV17","TRBV13-1","CALEYNAGAKLTF","CASSDARGDYAEQFF","TRAJ39","TRBJ2-1",2,"AQSVDQPDAHVTLYEGASLELRCSYS","YSAAPY","LFWYVQYPGQSLQFLLK","YITGDAVV","KGTKGFEAEFRKSNSSFNLKKSPAHWSDSAKYF","GGGTRLTVRP","EAAVTQSPRNKVTVTGGNVTLSCRQT","NSHNY","MYWYRQDTGHGLRLIHY","SYGAGN","LQIGDVPDGYKATRTTQEDFFLLLELASPSQTSLYF","GPGTRLTVL","G2_73_AGGTTAAAGACGGGGT-1;G2_73_GTTGACATCCATGGGT-1",2,"E_备选（极小扩增）","Ready","Single"
"G2_73","CALGDTGKLTF_CASSQNRANQAPLF","TRAV6N-7","TRBV2","CALGDTGKLTF","CASSQNRANQAPLF","TRAJ52","TRBJ1-5",2,"GDSVTQTEGQVALSEEDFLTIHCNYS","ASGYPA","LFWYVQYPGEGPQFLFR","ASRDKEK","GSSRGFEATYNKETTSFHLQKASVQESDSAVYY","GHGTILRVHP","DPKIIQKPKYLVAVTGSEKILICEQY","LGHNA","MYWYRQSAKKPLEFMFS","YSYQKL","MDNQTASSRFQPQSSKKNHLDLQITALKPDDSATYF","GEGTRLSVL","G2_73_CCAACTTTCATACTAA-1;G2_73_GTACCTTTCAGTCATG-1",2,"E_备选（极小扩增）","Ready","Single"
"G2_73","CALGNNNAGAKLTF_CASSLGGGVYEQYF","TRAV6N-5","TRBV29","CALGNNNAGAKLTF","CASSLGGGVYEQYF","TRAJ39","TRBJ2-7",2,"DSVTQTEGPVTLSEGTSLTVNCSYET","KQYPTL","FWYVQYPGEGPQLLFKV","PKANEKG","SSRGFEATYNKEATSFHLQKASVQESDSAVYY","GGGTRLTVRP","DMKVTQMPRYLIKRMGENVLLECGQD","MSHET","MYWYRQDPGLGLQLIYI","SYDVDS","NSEGDIPKGYRVSRKKREHFSLILDSAKTNQTSVYF","GPGTRLTVL","G2_73_ACTTCGGCAAATCCGT-1;G2_73_CACGGCGGTATGGGCC-1",2,"E_备选（极小扩增）","Ready","Single"
"G2_73","CALGPNSGGSNYKLTF_CTCSAQFTEVFF","TRAV6N-7","TRBV1","CALGPNSGGSNYKLTF","CTCSAQFTEVFF","TRAJ53","TRBJ1-1",2,"GDSVTQTEGQVALSEEDFLTIHCNYS","ASGYPA","LFWYVQYPGEGPQFLFR","ASRDKEK","GSSRGFEATYNKETTSFHLQKASVQESDSAVYY","GKGTLLTVTP","VTLLEQNPRWRLVPRGQAVNLRCILK","NSQYPW","MSWYQQDLQKQLQWLFT","LRSPGD","KEVKSLPGADYLATRVTDTELRLQVANMSQGRTLY","GKGTRLTVV","G2_73_GCACCTACAGGCATAA-1;G2_73_GCTCCGTTCCCAGCCT-1",2,"E_备选（极小扩增）","Ready","Single"
"G2_73","CALRDNYAQGLTF_CASSQDSSSSAETLYF","TRAV6-5","TRBV5","CALRDNYAQGLTF","CASSQDSSSSAETLYF","TRAJ26","TRBJ2-3",2,"GDSVTQTEGPVTLSEGTSLTVNCSYE","TKQYPT","LFWYVQYPGEGPQLLFK","VPKANEK","GSSRGFEATYNKEATSFHLQKASVQESDSAVYY","GLGTRVSVFP","NTKITQSPRYLILGRANKSLECEQH","LGHNA","MYWYKQSAEKPPELMFL","YNLKQL","IRNETVPSRFIPECPDSSKLLLHISAVDPEDSAVYF","GSGTRLTVL","G2_73_CATACCGCACATCACG-1;G2_73_CCTATAACACGTAGAA-1",2,"E_备选（极小扩增）","Ready","Single"
"G2_73","CALRPNNNNAPRF_CGARVSGQLYF","TRAV12N-2","TRBV20","CALRPNNNNAPRF","CGARVSGQLYF","TRAJ43","TRBJ2-2",2,"GDSVTQTEGLVTLTKGLPVMLNCTYQ","TTYSPF","LFWYVQHLNEAPKLLLK","SSTDNKR","TEHQGFYATLHKSSSSFHLQKSSVQLSDSALYF","GAGTKLTVKP","GALVYQYPRRTICKSGTSMRMECQAV","GFQATS","VAWYRQSPQKTFELIAL","STVNSAI","KYEQNFTQEKFPISHPNLSFSSMTVLNAYLEDRGLYL","GEGSKLTVL","G2_73_CGGTTTAAGGGGGTAC-1;G2_73_GCGTTTAAGGCGTGTT-1",2,"E_备选（极小扩增）","Ready","Single"
"G2_73","CALSHNAGAKLTF_CASSFRGADTQYF","TRAV12N-2","TRBV14","CALSHNAGAKLTF","CASSFRGADTQYF","TRAJ39","TRBJ2-5",2,"GDSVTQTEGLVTLTKGLPVMLNCTYQ","TTYSPF","LFWYVQHLNEAPKLLLK","SSTDNKR","TEHQGFYATLHKSSSSFHLQKSSVQLSDSALYF","GGGTRLTVRP","EAGVTQSPRYAVLQEGQAVSFWCDPI","SGHDT","LYWYQQPRDQGPQLLVY","FRDEAV","IDNSQLPSDRFSAVRPKGTNSTLKIQSAKQGDTATYL","GPGTRLLVL","G2_73_CCACCAACAATATGCC-1;G2_73_GGCTAACTCGGTTATG-1",2,"E_备选（极小扩增）","Ready","Single"
"G2_73","CALSVTGGNNKLTF_CTCSARKGANSDYTF","TRAV12-1","TRBV1","CALSVTGGNNKLTF","CTCSARKGANSDYTF","TRAJ56","TRBJ1-2",2,"GDSVTQTEGLVTVTEGLPVKLNCTYQ","TTYLTIA","FFWYVQYLNEAPQVLLR","SSTDNKR","TEHQGFHATLHKSSSSFHLQKSSAQLSDSALYY","GQGTVLSVIP","VTLLEQNPRWRLVPRGQAVNLRCILK","NSQYPW","MSWYQQDLQKQLQWLFT","LRSPGD","KEVKSLPGADYLATRVTDTELRLQVANMSQGRTLY","GSGTRLLVI","G2_73_CTATAACAGGTGCTGT-1;G2_73_GGTGATTGTGTTGCGA-1",2,"E_备选（极小扩增）","Ready","Single"
"G2_73","CALVENAGAKLTF_CASSAVHSDYTF","TRAV6-4","TRBV13-3","CALVENAGAKLTF","CASSAVHSDYTF","TRAJ39","TRBJ1-2",2,"GDSVTQKQGQVTLSEDDFLFINCTYS","TTTYPT","LLWYVQYPGQGPQLLLK","VTTANNK","GISRGFEATYDKGTTSFHLQKASVQESDSAVYF","GGGTRLTVRP","EAAVTQSPRSKVAVTGGKVTLSCHQT","NNHDY","MYWYRQDTGHGLRLIHY","SYVADS","TEKGDIPDGYKASRPSQENFSLILELASLSQTAVYF","GSGTRLLVI","G2_73_CCCTAAGCAATCCGCA-1;G2_73_CCCTTTACAAGCGTCC-1",2,"E_备选（极小扩增）","Ready","Single"
"G2_73","CALVNTNTGKLTF_CASSDREDTEVFF","TRAV6-4","TRBV13-3","CALVNTNTGKLTF","CASSDREDTEVFF","TRAJ27","TRBJ1-1",2,"GDSVTQKQGQVTLSEDDFLFINCTYS","TTTYPT","LLWYVQYPGQGPQLLLK","VTTANNK","GISRGFEATYDKGTTSFHLQKASVQESDSAVYF","GDGTVLTVKP","EAAVTQSPRSKVAVTGGKVTLSCHQT","NNHDY","MYWYRQDTGHGLRLIHY","SYVADS","TEKGDIPDGYKASRPSQENFSLILELASLSQTAVYF","GKGTRLTVV","G2_73_AGTAAACCACAATGCT-1;G2_73_ATATGTTCACTATTCT-1",2,"E_备选（极小扩增）","Ready","Single"
"G2_73","CAMDASSGSWQLIF_CTCSADSGGSYEQYF","TRAV13-1","TRBV1","CAMDASSGSWQLIF","CTCSADSGGSYEQYF","TRAJ22","TRBJ2-7",2,"GQQVQQSPASLVLQEGENAELQCNFS","TSLNS","MQWFYQRPEGSLVSLFY","NPSGT","KQSGRLTSTTVIKERRSSLHISSSQITDSGTYL","GSGTQLTVMP","VTLLEQNPRWRLVPRGQAVNLRCILK","NSQYPW","MSWYQQDLQKQLQWLFT","LRSPGD","KEVKSLPGADYLATRVTDTELRLQVANMSQGRTLY","GPGTRLTVL","G2_73_ACATTTCGTGCATGGC-1;G2_73_CAGCCCCGTCCGCTAT-1",2,"E_备选（极小扩增）","Ready","Single"
"G2_73","CAMREGLNNNAGAKLTF_CASSMDRRAYNSPLYF","TRAV16N","TRBV19","CAMREGLNNNAGAKLTF","CASSMDRRAYNSPLYF","TRAJ39","TRBJ1-6",2,"AQKVTQTQTSISVMEKTTVTMDCVYE","TQDSSYF","LFWYKQTASGEIVFLIR","QDSYKKEN","ATVGHYSLNFQKPKSSIGLIITATQIEDSAVYF","GGGTRLTVRP","GGIITQTPKFLIGQEGQKLTLKCQQN","FNHDT","MYWYRQDSGKGLRLIYY","SITEND","LQKGDLSEGYDASREKKSSFSLTVTSAQKNEMAVFL","AAGTRLTVT","G2_73_ACATTCTGTAGGCTCA-1;G2_73_GTGGCGACAATCAGCT-1",2,"E_备选（极小扩增）","Ready","Single"
"G2_73","CAMRVFYGNEKITF_CASSLELGIAETLYF","TRAV16N","TRBV12-2","CAMRVFYGNEKITF","CASSLELGIAETLYF","TRAJ48","TRBJ2-3",2,"AQKVTQTQTSISVMEKTTVTMDCVYE","TQDSSYF","LFWYKQTASGEIVFLIR","QDSYKKEN","ATVGHYSLNFQKPKSSIGLIITATQIEDSAVYF","GAGTKLTIKP","NSGVVQSPRYIIKGKGERSILKCIPI","SGHLS","VAWYQQTQGQELKFFIQ","HYDKME","RDKGNLPSRFSVQQFDDYHSEMNMSALELEDSAVYF","GSGTRLTVL","G2_73_ATGTCCTTCGTCTTAC-1;G2_73_GGGTGTCGTCGCGGAT-1",2,"E_备选（极小扩增）","Ready","Single"
"G2_73","CAPWRGGSGNKLIF_CTCSAGQYEQYF","TRAV6N-7","TRBV1","CAPWRGGSGNKLIF","CTCSAGQYEQYF","TRAJ32","TRBJ2-7",2,"GDSVTQTEGQVALSEEDFLTIHCNYS","ASGYPA","LFWYVQYPGEGPQFLFR","ASRDKEK","GSSRGFEATYNKEATSFHLQKASVQESDSAVYY","GTGTLLSVKP","VTLLEQNPRWRLVPRGQAVNLRCILK","NSQYPW","MSWYQQDLQKQLQWLFT","LRSPGD","KEVKSLPGADYLATRVTDTELRLQVANMSQGRTLY","GPGTRLTVL","G2_73_AGTACGCTCCTACATC-1;G2_73_GCTATCGCAGGTCGTC-1",2,"E_备选（极小扩增）","Ready","Single"
"G2_73","CAPYQGGRALIF_CASGDAGGSAETLYF","TRAV12-1","TRBV12-2+TRBV13-2","CAPYQGGRALIF","CASGDAGGSAETLYF","TRAJ15","TRBJ2-3",2,"GDSVTQTEGLVTVTEGLPVKLNCTYQ","TTYLTIA","FFWYVQYLNEAPQVLLR","SSTDNKR","TEHQGFHATLHKSSSSFHLQKSSAQLSDSALYY","GTGTTVSVSP","EAAVTQSPRNKVAVTGGKVTLSCNQT","NNHNN","MYWYRQDTGHGLRLIHY","SYGAGS","TEKGDIPDGYKASRPSQENFSLILELATPSQTSVYF","GSGTRLTVL","G2_73_AGGCCATTCCCCAGCT-1;G2_73_GCAGTGTTCACATATA-1",2,"E_备选（极小扩增）","Ready","Multi_Allele"
"G2_73","CASASSSFSKLVF_CASRRTGGFANTEVFF","TRAV13-1","TRBV13-3","CASASSSFSKLVF","CASRRTGGFANTEVFF","TRAJ50","TRBJ1-1",2,"GQQVQQSPASLVLQEGENAELQCNFS","TSLNS","MQWFYQRPEGSLVSLFY","NPSGT","KQSGRLTSTTVIKERRSSLHISSSQITDSGTYL","GQGTSLSVVP","EAAVTQSPRSKVAVTGGKVTLSCHQT","NNHDY","MYWYRQDTGHGLRLIHY","SYVADS","TEKGDIPDGYKASRPSQENFSLILELASLSQTAVYF","GKGTRLTVV","G2_73_ACGGGCTGTATTACCT-1;G2_73_ACTAATTCACAATTAT-1",2,"E_备选（极小扩增）","Ready","Single"
"G2_73","CATALPGSGGKLTL_CASSKGRSNTEVFF","TRAV8D-1","TRBV19","CATALPGSGGKLTL","CASSKGRSNTEVFF","TRAJ44","TRBJ1-1",2,"SQLAEENPWALSVHEGESVTVNCSYK","TSITA","LQWYRQKSGEGPAQLIL","IRSNERE","KRNGRLRATLDTSSQSSSLSITATRCEDTAVYF","GTGTRLQVNL","GGIITQTPKFLIGQEGQKLTLKCQQN","FNHDT","MYWYRQDSGKGLRLIYY","SITEND","LQKGDLSEGYDASREKKSSFSLTVTSAQKNEMAVFL","GKGTRLTVV","G2_73_ACAAGTCGTGGTGTAT-1;G2_73_CCTGTACGTGCATGGC-1",2,"E_备选（极小扩增）","Ready","Single"
"G2_73","CATDGVGDNSKLIW_CAWSLGTGGPNERLFF","TRAV8D-1","TRBV31","CATDGVGDNSKLIW","CAWSLGTGGPNERLFF","TRAJ38","TRBJ1-4",2,"SQLAEENPWALSVHEGESVTVNCSYK","TSITA","LQWYRQKSGEGPAQLIL","IRSNERE","KRNGRLRATLDTSSQSSSLSITATRCEDTAVYF","GLGTSLVVNP","AQTIHQWPVAEIKAVGSPLSLGCTIK","GKSSPN","LYWYWQATGGTLQQLFY","SITVG","QVESVVQLNLSASRPKDDQFILSTEKLLLSHSGFYL","GHGTKLSVL","G2_73_CCTGTAAAGGTGAGTG-1;G2_73_GCAATCGGTGCTCCGC-1",2,"E_备选（极小扩增）","Ready","Single"
"G2_73","CAVERRMGYKLTF_CASGGTKDTQYF","TRAV7-3","TRBV12-2+TRBV13-2","CAVERRMGYKLTF","CASGGTKDTQYF","TRAJ9","TRBJ2-5",2,"QQNVQQSPESLIVPEGARTSLNCTFS","DSASQY","FWWYRQHSGKAPKALMS","IFSNGE","KEEGRFTIHLNKASLHFSLHIRDSQPSDSALYL","GTGTSLLVDP","EAAVTQSPRNKVAVTGGKVTLSCNQT","NNHNN","MYWYRQDTGHGLRLIHY","SYGAGS","TEKGDIPDGYKASRPSQENFSLILELATPSQTSVYF","GPGTRLLVL","G2_73_CATTCTGGTCACAGCA-1;G2_73_CGCCCTAGTCTGTGGA-1",2,"E_备选（极小扩增）","Ready","Multi_Allele"
"G2_73","CAVNYAQGLTF_CASSDGVNYAEQFF","TRAV4-2","TRBV13-1","CAVNYAQGLTF","CASSDGVNYAEQFF","TRAJ26","TRBJ2-1",2,"GMPVEQNPPALSLYEGADSGLRCNFS","TTMKS","VQWFQQNHRGRLITLFY","LAQGT","KENGRLKSTFNSKERYSTLHIKDAQLEDSGTYF","GLGTRVSVFP","EAAVTQSPRNKVTVTGGNVTLSCRQT","NSHNY","MYWYRQDTGHGLRLIHY","SYGAGN","LQIGDVPDGYKATRTTQEDFFLLLELASPSQTSLYF","GPGTRLTVL","G2_73_GCAATTTAGGGCTGAA-1;G2_73_GCAGTGTTCAGCTGTA-1",2,"E_备选（极小扩增）","Ready","Single"
"G2_73","CAVPGGSALGRLHF_CASSSGGADTQYF","TRAV7-3","TRBV14","CAVPGGSALGRLHF","CASSSGGADTQYF","TRAJ18","TRBJ2-5",2,"QQNVQQSPESLIVPEGARTSLNCTFS","DSASQY","FWWYRQHSGKAPKALMS","IFSNGE","KEEGRFTIHLNKASLHFSLHIRDSQPSDSALYL","GAGTQLIVIP","EAGVTQSPRYAVLQEGQAVSFWCDPI","SGHDT","LYWYQQPRDQGPQLLVY","FRDEAV","IDNSQLPSDRFSAVRPKGTNSTLKIQSAKQGDTATYL","GPGTRLLVL","G2_73_ATCTCACTCCCCTTAG-1;G2_73_GGAGGTCAGCTACTGA-1",2,"E_备选（极小扩增）","Ready","Single"
"G2_73","CAVPNTGYQNFYF_CASGDGGLLSNERLFF","TRAV9-4","TRBV12-2+TRBV13-2","CAVPNTGYQNFYF","CASGDGGLLSNERLFF","TRAJ49","TRBJ1-4",2,"AQSVTQPDARVTVSEGASLQLRCKYS","YSATPY","LFWYVQYPRQGLQLLLK","YYSGDPVV","QGVNGFEAEFSKSNSSFHLRKASVHWSDSAVYF","GKGTSLTVIP","EAAVTQSPRNKVAVTGGKVTLSCNQT","NNHNN","MYWYRQDTGHGLRLIHY","SYGAGS","TEKGDIPDGYKASRPSQENFSLILELATPSQTSVYF","GHGTKLSVL","G2_73_ATAACTTCAGTGCGGA-1;G2_73_GTGTAAGCACCAAGGG-1",2,"E_备选（极小扩增）","Ready","Multi_Allele"
"G2_73","CAVRTGGADRLTF_CASGDTGGRTEVFF","TRAV3-3","TRBV12-2+TRBV13-2","CAVRTGGADRLTF","CASGDTGGRTEVFF","TRAJ45","TRBJ1-1",2,"GEQVEQRPPHLSVREGDSAVITCTYT","DPNSYY","FFWYKQEPGASLQLLMK","VFSSTEI","NEGQGFTVLLNKKDKRLSLNLTAAHPGDSAAYF","GKGTQLIIQP","EAAVTQSPRNKVAVTGGKVTLSCNQT","NNHNN","MYWYRQDTGHGLRLIHY","SYGAGS","TEKGDIPDGYKASRPSQENFSLILELATPSQTSVYF","GKGTRLTVV","G2_73_AGCGCCTCAAGTTTCA-1;G2_73_CCGTTGGAGATTCGAT-1",2,"E_备选（极小扩增）","Ready","Multi_Allele"
"G2_73","CAVSATGANTGKLTF_CASRTGGGQDTQYF","TRAV9-1","TRBV13-1","CAVSATGANTGKLTF","CASRTGGGQDTQYF","TRAJ52","TRBJ2-5",2,"TQTVSQSDAHVTVFEGDSVELRCNYS","YGGSIY","LSWYIQHHGRGLQFLLK","YYSGNPVV","QGVNGFEAEFSKSDSSFHLRKASVHWSDSAVYF","GHGTILRVHP","EAAVTQSPRNKVTVTGGNVTLSCRQT","NSHNY","MYWYRQDTGHGLRLIHY","SYGAGN","LQIGDVPDGYKATRTTQEDFFLLLELASPSQTSLYF","GPGTRLLVL","G2_73_AACGGGTCAGCACACC-1;G2_73_AGGGAGTGTATCAGTA-1",2,"E_备选（极小扩增）","Ready","Single"
"G2_73","CAVSMMPGYQNFYF_CASSGDRGAETLYF","TRAV9N-2","TRBV13-1","CAVSMMPGYQNFYF","CASSGDRGAETLYF","TRAJ49","TRBJ2-3",2,"AQSVTQPDARVTVSEGASLQLRCKYS","SSVTPY","LFWYVQYPRQGLQLLLK","YYSGDPVV","QGVNGFEAEFSKSNSSFHLRKASVHWSDSAVYF","GKGTSLTVIP","EAAVTQSPRNKVTVTGGNVTLSCRQT","NSHNY","MYWYRQDTGHGLRLIHY","SYGAGN","LQIGDVPDGYKATRTTQEDFFLLLELASPSQTSLYF","GSGTRLTVL","G2_73_CAGTCAATCGCCATGG-1;G2_73_GTGCAACTCCTTAACC-1",2,"E_备选（极小扩增）","Ready","Single"
"G2_73","CAYNTNTGKLTF_CASSPAGNERLFF","TRAV9N-4","TRBV14","CAYNTNTGKLTF","CASSPAGNERLFF","TRAJ27","TRBJ1-4",2,"AQSVTQPDARVTVSEGASLQLRCKYS","YSATPY","LFWYVQYPRQGLQMLLK","YYSGDPVV","QGVNGFEAEFSKSDSSFHLRKASVHWSDSAVYF","GDGTVLTVKP","EAGVTQSPRYAVLQEGQAVSFWCDPI","SGHDT","LYWYQQPRDQGPQLLVY","FRDEAV","IDNSQLPSDRFSAVRPKGTNSTLKIQSAKQGDTATYL","GHGTKLSVL","G2_73_CCAACCGAGGCCTGAT-1;G2_73_GGATCACTCAACGTGC-1",2,"E_备选（极小扩增）","Ready","Single"
"G2_73","CIVTHYRGSALGRLHF_CGARDSANSDYTF","TRAV2","TRBV20","CIVTHYRGSALGRLHF","CGARDSANSDYTF","TRAJ18","TRBJ1-2",2,"LAKTTQPPSMEAYEGQEVNVSCSHT","NIATSEY","IYWYRQVPHQGPQFIIQ","GYKDYVV","NEVASLFISADRKLSTLSLPWVSLRDAAVYY","GAGTQLIVIP","GALVYQYPRRTICKSGTSMRMECQAV","GFQATS","VAWYRQSPQKTFELIAL","STVNSAI","KYEQNFTQEKFPISHPNLSFSSMTVLNAYLEDRGLYL","GSGTRLLVI","G2_73_AATGGGAGTGGGCGTT-1;G2_73_CTGCTATTCCAATGTG-1",2,"E_备选（极小扩增）","Ready","Single"
"G2_73","CVVADRGSALGRLHF_CASSEIGQGAAGGFEQFF","TRAV11","TRBV13-3","CVVADRGSALGRLHF","CASSEIGQGAAGGFEQFF","TRAJ18","TRBJ2-1",2,"KTQVEQSPQSLVVRQGENCVLQCNYS","VTPDNH","LRWFKQDTGKGLVSLTV","LVHENDK","TSNGRYSATLDKDAKHSTLHITATLLDDTATYI","GAGTQLIVIP","EAAVTQSPRSKVAVTGGKVTLSCHQT","NNHDY","MYWYRQDTGHGLRLIHY","SYVADS","TEKGDIPDGYKASRPSQENFSLILELASLSQTAVYF","GPGTRLTVL","G2_73_ATCCCGCTCAACACGC-1;G2_73_GTCATCGCACCATGCA-1",2,"E_备选（极小扩增）","Ready","Single"
"G2_73","CVVGDRGSALGRLHF_CASGDAGLGGNQDTQYF","TRAV11","TRBV12-2+TRBV13-2","CVVGDRGSALGRLHF","CASGDAGLGGNQDTQYF","TRAJ18","TRBJ2-5",2,"KTQVEQSPQSLVVRQGENCVLQCNYS","VTPDNH","LRWFKQDTGKGLVSLTV","LVHENDK","TSNGRYSATLDKDAKHSTLHITATLLDDTATYI","GAGTQLIVIP","EAAVTQSPRNKVAVTGGKVTLSCNQT","NNHNN","MYWYRQDTGHGLRLIHY","SYGAGS","TEKGDIPDGYKASRPSQENFSLILELATPSQTSVYF","GPGTRLLVL","G2_73_CACGTCGAGGGGTAGC-1;G2_73_GCGCATGTCGCCTCTA-1",2,"E_备选（极小扩增）","Ready","Multi_Allele"
"G2_73","CVVGDRGSALGRLHF_CASGEAGGTSAETLYF","TRAV11","TRBV12-2+TRBV13-2","CVVGDRGSALGRLHF","CASGEAGGTSAETLYF","TRAJ18","TRBJ2-3",2,"KTQVEQSPQSLVVRQGENCVLQCNYS","VTPDNH","LRWFKQDTGKGLVSLTV","LVHENDK","TSNGRYSATLDKDAKHSTLHITATLLDDTATYI","GAGTQLIVIP","EAAVTQSPRNKVAVTGGKVTLSCNQT","NNHNN","MYWYRQDTGHGLRLIHY","SYGAGS","TEKGDIPDGYKASRPSQENFSLILELATPSQTSVYF","GSGTRLTVL","G2_73_ATGGCGAAGCCAAAGG-1;G2_73_CTGCTATTCACAGTTG-1",2,"E_备选（极小扩增）","Ready","Multi_Allele"
"G2_73","CVVGDRGSALGRLHF_CAWSPRLGGYAEQFF","TRAV11","TRBV31","CVVGDRGSALGRLHF","CAWSPRLGGYAEQFF","TRAJ18","TRBJ2-1",2,"KTQVEQSPQSLVVRQGENCVLQCNYS","VTPDNH","LRWFKQDTGKGLVSLTV","LVHENDK","TSNGRYSATLDKDAKHSTLHITATLLDDTATYI","GAGTQLIVIP","AQTIHQWPVAEIKAVGSPLSLGCTIK","GKSSPN","LYWYWQATGGTLQQLFY","SITVG","QVESVVQLNLSASRPKDDQFILSTEKLLLSHSGFYL","GPGTRLTVL","G2_73_AACGAGAGTCGTTAGG-1;G2_73_AGGTTGGAGCCTGTGG-1",2,"E_备选（极小扩增）","Ready","Single"
"G2_73","CVVGDRGSALGRLHF_CTCSADRQGANTEVFF","TRAV11","TRBV1","CVVGDRGSALGRLHF","CTCSADRQGANTEVFF","TRAJ18","TRBJ1-1",2,"KTQVEQSPQSLVVRQGENCVLQCNYS","VTPDNH","LRWFKQDTGKGLVSLTV","LVHENDK","TSNGRYSATLDKDAKHSTLHITATLLDDTATYI","GAGTQLIVIP","VTLLEQNPRWRLVPRGQAVNLRCILK","NSQYPW","MSWYQQDLQKQLQWLFT","LRSPGD","KEVKSLPGADYLATRVTDTELRLQVANMSQGRTLY","GKGTRLTVV","G2_73_ATGTCAGTCACCTACT-1;G2_73_CACTGCACAGTGTTCG-1",2,"E_备选（极小扩增）","Ready","Single"
"G2_79","CAAASGGSNYKLTF_CASRDWGWEQYF","TRAV5N-4","TRBV13-3","CAAASGGSNYKLTF","CASRDWGWEQYF","TRAJ53","TRBJ2-7",2,"GEQVEQLPSILRVQERSSASINCTYE","NSASNY","FPWYKQEPGENPKLIID","IRSNMER","KQIQGLIVLLDKKAKRFSLHITDTQPADSAMYF","GKGTLLTVTP","EAAVTQSPRSKVAVTGGKVTLSCHQT","NNHDY","MYWYRQDTGHGLRLIHY","SYVADS","TEKGDIPDGYKASRPSQENFSLILELASLSQTAVYF","GPGTRLTVL","G2_79_GCATGAACACAGTCAT-1;G2_79_GTATGCTCACTTCTAT-1",2,"E_备选（极小扩增）","Ready","Single"
"G2_79","CAAEDGGNNAPRF_CASSPQGANYAEQFF","TRAV4-4-DV10","TRBV13-1","CAAEDGGNNAPRF","CASSPQGANYAEQFF","TRAJ43","TRBJ2-1",2,"GDQVEQSPSALSLHEGTDSALRCNFT","TTMRS","VQWFRQNSRGSLISLFY","LASGT","KENGRLKSAFDSKERRYSTLHIRDAQLEDSGTYF","GAGTKLTVKP","EAAVTQSPRNKVTVTGGNVTLSCRQT","NSHNY","MYWYRQDTGHGLRLIHY","SYGAGN","LQIGDVPDGYKATRTTQEDFFLLLELASPSQTSLYF","GPGTRLTVL","G2_79_CTAAGCTCACGTTTCC-1;G2_79_GGACACGCAGGTCATT-1",2,"E_备选（极小扩增）","Ready","Single"
"G2_79","CAAGARSAKLIF_CASRLGGSAETLYF","TRAV19","TRBV13-1","CAAGARSAKLIF","CASRLGGSAETLYF","TRAJ57","TRBJ2-3",2,"GQQVKQSSPSLTVQEGGILILNCDYE","NDMFDY","FAWYKKYPDNSPTLLIS","VRSNVDK","REDGRFTVFLNKSGKHFSLHITASQPEDTAVYL","GEGTKLTVSS","EAAVTQSPRNKVTVTGGNVTLSCRQT","NSHNY","MYWYRQDTGHGLRLIHY","SYGAGN","LQIGDVPDGYKATRTTQEDFFLLLELASPSQTSLYF","GSGTRLTVL","G2_79_AAACGCGAGAGCAGCA-1;G2_79_CATCTTCAGACGATGG-1",2,"E_备选（极小扩增）","Ready","Single"
"G2_79","CAALASSSFSKLVF_CAWQGANSDYTF","TRAV19","TRBV31","CAALASSSFSKLVF","CAWQGANSDYTF","TRAJ50","TRBJ1-2",2,"GQQVKQSSPSLTVQEGGILILNCDYE","NDMFDY","FAWYKKYPDNSPTLLIS","VRSNVDK","REDGRFTVFLNKSGKHFSLHITASQPEDTAVYL","GQGTSLSVVP","AQTIHQWPVAEIKAVGSPLSLGCTIK","GKSSPN","LYWYWQATGGTLQQLFY","SITVG","QVESVVQLNLSASRPKDDQFILSTEKLLLSHSGFYL","GSGTRLLVI","G2_79_CCGATACAGGTAGTAA-1;G2_79_CTCGATCGTCACACTC-1",2,"E_备选（极小扩增）","Ready","Single"
"G2_79","CAALSNTGYQNFYF_CTCSAGQNYAEQFF","TRAV9N-2","TRBV1","CAALSNTGYQNFYF","CTCSAGQNYAEQFF","TRAJ49","TRBJ2-1",2,"AQSVTQPDARVTVSEGASLQLRCKYS","SSVTPY","LFWYVQYPRQGLQLLLK","YYSGDPVV","QGVNGFEAEFSKSNSSFHLRKASVHWSDSAVYF","GKGTSLTVIP","VTLLEQNPRWRLVPRGQAVNLRCILK","NSQYPW","MSWYQQDLQKQLQWLFT","LRSPGD","KEVKSLPGADYLATRVTDTELRLQVANMSQGRTLY","GPGTRLTVL","G2_79_CTCCATCCAATGAATA-1;G2_79_GTTGTCCGTGTCTTAT-1",2,"E_备选（极小扩增）","Ready","Single"
"G2_79","CAANTGYQNFYF_CASSQEQVNERLFF","TRAV4-3","TRBV5","CAANTGYQNFYF","CASSQEQVNERLFF","TRAJ49","TRBJ1-4",2,"GDQVKQSPSALSLQEGTNSALRCNFS","IATTT","VQWFLQNPRGSLMNLFY","LVPGT","KENGRLKSTFNSKESYSTLHIRDAQLEDSGTYF","GKGTSLTVIP","NTKITQSPRYLILGRANKSLECEQH","LGHNA","MYWYKQSAEKPPELMFL","YNLKQL","IRNETVPSRFIPECPDSSKLLLHISAVDPEDSAVYF","GHGTKLSVL","G2_79_CAAAGCCTCGGTCATA-1;G2_79_CGACGGTGTCTCGAAG-1",2,"E_备选（极小扩增）","Ready","Single"
"G2_79","CAAPNYGNEKITF_CASSLSGPSAETLYF","TRAV14D-3-DV8","TRBV29","CAAPNYGNEKITF","CASSLSGPSAETLYF","TRAJ48","TRBJ2-3",2,"QQQVRQSPQSLTVWEGETAILNCSYE","NSAFDY","FPWYQQFPGEGPALLIS","ILSVSNK","KEDGRFTIFFNKREKKLSLHIADSQPGDSATYF","GAGTKLTIKP","DMKVTQMPRYLIKRMGENVLLECGQD","MSHET","MYWYRQDPGLGLQLIYI","SYDVDS","NSEGDIPKGYRVSRKKREHFSLILDSAKTNQTSVYF","GSGTRLTVL","G2_79_GCCACATAGCGATTAT-1;G2_79_GTTGCGTAGCAATAGA-1",2,"E_备选（极小扩增）","Ready","Single"
"G2_79","CAARASSSFSKLVF_CTCSARQGANYAEQFF","TRAV5N-4","TRBV1","CAARASSSFSKLVF","CTCSARQGANYAEQFF","TRAJ50","TRBJ2-1",2,"GEQVEQLPSILRVQERSSASINCTYE","NSASNY","FPWYKQEPGENPKLIID","IRSNMER","KQIQGLIVLLDKKAKRFSLHITDTQPADSAMYF","GQGTSLSVVP","VTLLEQNPRWRLVPRGQAVNLRCILK","NSQYPW","MSWYQQDLQKQLQWLFT","LRSPGD","KEVKSLPGADYLATRVTDTELRLQVANMSQGRTLY","GPGTRLTVL","G2_79_AATCTCTGTATACGGT-1;G2_79_CGCACATAGACGGAGC-1",2,"E_备选（极小扩增）","Ready","Single"
"G2_79","CAARFNTGNYKYVF_CASSAKDTQYF","TRAV7D-2","TRBV13-1","CAARFNTGNYKYVF","CASSAKDTQYF","TRAJ40","TRBJ2-5",2,"QQKVQQSPESLIVPEGGMASLNCTSS","DRNVDY","FWWYRQHSGKSPKMLMS","IFSNGE","KEEGRFTVHLNKASLHTSLHIRDSQPSDSALYL","GAGTRLKVIA","EAAVTQSPRNKVTVTGGNVTLSCRQT","NSHNY","MYWYRQDTGHGLRLIHY","SYGAGN","LQIGDVPDGYKATRTTQEDFFLLLELASPSQTSLYF","GPGTRLLVL","G2_79_CCTGACACAACACGCC-1;G2_79_CTATTCTCAAATACCC-1",2,"E_备选（极小扩增）","Ready","Single"
"G2_79","CAARTSGGNYKPTF_CASSSHRGSNERLFF","TRAV7-4","TRBV29","CAARTSGGNYKPTF","CASSSHRGSNERLFF","TRAJ6","TRBJ1-4",2,"QQKVQQSPESLSVPEGGMASFNCTSS","DRNFQY","FWWYRQHSGEGPKALMS","IFSDGD","KKEGRFTAHLNKASLHVSLHIRDSQPSDSALYF","GKGTSLVVHP","DMKVTQMPRYLIKRMGENVLLECGQD","MSHET","MYWYRQDPGLGLQLIYI","SYDVDS","NSEGDIPKGYRVSRKKREHFSLILDSAKTNQTSVYF","GHGTKLSVL","G2_79_ACGTGATGTATCGAGT-1;G2_79_CTATTCGGTCTTGATT-1",2,"E_备选（极小扩增）","Ready","Single"
"G2_79","CAASEHNNNRIFF_CASGGSGTGAGQLYF","TRAV7-4","TRBV12-2+TRBV13-2","CAASEHNNNRIFF","CASGGSGTGAGQLYF","TRAJ31","TRBJ2-2",2,"QQKVQQSPESLSVPEGGMASFNCTSS","DRNFQY","FWWYRQHSGEGPKALMS","IFSDGD","KKEGRFTAHLNKASLHVSLHIRDSQPSDSALYF","GDGTQLVVKP","EAAVTQSPRNKVAVTGGKVTLSCNQT","NNHNN","MYWYRQDTGHGLRLIHY","SYGAGS","TEKGDIPDGYKASRPSQENFSLILELATPSQTSVYF","GEGSKLTVL","G2_79_GGTACTGGTGGTAGTT-1;G2_79_GTCCTGCTCCTCAGCC-1",2,"E_备选（极小扩增）","Ready","Multi_Allele"
"G2_79","CAASEHVPGNTRKLIF_CASGDAVNNERLFF","TRAV7-4","TRBV13-2","CAASEHVPGNTRKLIF","CASGDAVNNERLFF","TRAJ37","TRBJ1-4",2,"QQKVQQSPESLSVPEGGMASFNCTSS","DRNFQY","FWWYRQHSGEGPKALMS","IFSDGD","KKEGRFTAHLNKASLHVSLHIRDSQPSDSALYF","GLGTTLQVQP","EAAVTQSPRNKVAVTGGKVTLSCNQT","NNHNN","MYWYRQDTGHGLRLIHY","SYGAGS","TEKGDIPDGYKASRPSQENFSLILELATPSQTSVYF","GHGTKLSVL","G2_79_AGGAATGGTGCGCGAT-1;G2_79_GTCTAGCAGCAATACT-1",2,"E_备选（极小扩增）","Ready","Single"
"G2_79","CAASEPAGAKLTF_CASSFGGRDSDYTF","TRAV7-4","TRBV3","CAASEPAGAKLTF","CASSFGGRDSDYTF","TRAJ39","TRBJ1-2",2,"QQKVQQSPESLSVPEGGMASFNCTSS","DRNFQY","FWWYRQHSGEGPKALMS","IFSDGD","KKEGRFTAHLNKASLHVSLHIRDSQPSDSALYF","GGGTRLTVRP","GPKVLQIPSHQIIDMGQMVTLNCDPV","SNHLY","FYWYKQILGQQMEFLVN","FYNGKV","MEKSKLFKDQFSVERPDGSYFTLKIQPTALEDSAVYF","GSGTRLLVI","G2_79_AATGGCGAGATGCGGA-1;G2_79_ATGGAGAGTGGTTGTG-1",2,"E_备选（极小扩增）","Ready","Single"
"G2_79","CAASESNNNAPRF_CASSFGGPAEQFF","TRAV7-4","TRBV14","CAASESNNNAPRF","CASSFGGPAEQFF","TRAJ43","TRBJ2-1",2,"QQKVQQSPESLSVPEGGMASFNCTSS","DRNFQY","FWWYRQHSGEGPKALMS","IFSDGD","KKEGRFTAHLNKASLHVSLHIRDSQPSDSALYF","GAGTKLTVKP","EAGVTQSPRYAVLQEGQAVSFWCDPI","SGHDT","LYWYQQPRDQGPQLLVY","FRDEAV","IDNSQLPSDRFSAVRPKGTNSTLKIQSAKQGDTATYL","GPGTRLTVL","G2_79_ACCAATGTCGCAACTA-1;G2_79_GCGGTAGCAAGTACGA-1",2,"E_备选（极小扩增）","Ready","Single"
"G2_79","CAASGTGNTRKLIF_CASIKDWGHTLYF","TRAV7D-2","TRBV19","CAASGTGNTRKLIF","CASIKDWGHTLYF","TRAJ37","TRBJ2-4",2,"QQKVQQSPESLIVPEGGMASLNCTSS","DRNVDY","FWWYRQHSGKSPKMLMS","IFSNGE","KEEGRFTVHLNKASLHTSLHIRDSQPSDSALYL","GLGTTLQVQP","GGIITQTPKFLIGQEGQKLTLKCQQN","FNHDT","MYWYRQDSGKGLRLIYY","SITEND","LQKGDLSEGYDASREKKSSFSLTVTSAQKNEMAVFL","GAGTRLSVL","G2_79_ACTTGGGGTGTCGAGC-1;G2_79_CGTCTAAAGGCGATAG-1",2,"E_备选（极小扩增）","Ready","Single"
"G2_79","CAASMSGNYKYVF_CTCSAAGGASQNTLYF","TRAV9-4","TRBV1","CAASMSGNYKYVF","CTCSAAGGASQNTLYF","TRAJ40","TRBJ2-4",2,"AQSVTQPDARVTVSEGASLQLRCKYS","YSGTPY","LFWYVQYPRQGLQLLLK","YYSGDPVV","QGVNGFEAEFSKSDSSFHLRKASVHWSDSAVYF","GAGTRLKVIA","VTLLEQNPRWRLVPRGQAVNLRCILK","NSQYPW","MSWYQQDLQKQLQWLFT","LRSPGD","KEVKSLPGADYLATRVTDTELRLQVANMSQGRTLY","GAGTRLSVL","G2_79_GCTACAGGTCAGGTTG-1;G2_79_GTTATGTAGCTCTGGG-1",2,"E_备选（极小扩增）","Ready","Single"
"G2_79","CAASPNSKLVF_CASSPQGANYAEQFF","TRAV9-4","TRBV13-1","CAASPNSKLVF","CASSPQGANYAEQFF","TRAJ50","TRBJ2-1",2,"AQSVTQPDARVTVSEGASLQLRCKYS","YSGTPY","LFWYVQYPRQGLQLLLK","YYSGDPVV","QGVNGFEAEFSKSDSSFHLRKASVHWSDSAVYF","GQGTSLSVVP","EAAVTQSPRNKVTVTGGNVTLSCRQT","NSHNY","MYWYRQDTGHGLRLIHY","SYGAGN","LQIGDVPDGYKATRTTQEDFFLLLELASPSQTSLYF","GPGTRLTVL","G2_79_CCGTTGTGTACTACAA-1;G2_79_CGTTAATAGAGTTAGA-1",2,"E_备选（极小扩增）","Ready","Single"
"G2_79","CAASRTGGYKVVF_CASSNYSSYNSPLYF","TRAV14-1","TRBV19","CAASRTGGYKVVF","CASSNYSSYNSPLYF","TRAJ12","TRBJ1-6",2,"QQQVRQSPQSLTVWEGGTTVLTCSYE","DSTFNY","FPCYQQFPGEGPALLIS","ILSVSDK","KEDGRFTIFFNKREKKLSLHIIDSQPGDSATYF","GSGTRLLVSP","GGIITQTPKFLIGQEGQKLTLKCQQN","FNHDT","MYWYRQDSGKGLRLIYY","SITEND","LQKGDLSEGYDASREKKSSFSLTVTSAQKNEMAVFL","AAGTRLTVT","G2_79_CCCAACCTCCATACCT-1;G2_79_GCTTGCGAGCCGCACA-1",2,"E_备选（极小扩增）","Ready","Single"
"G2_79","CAASSGSWQLIF_CASSDAGKTYEQYF","TRAV8N-2","TRBV13-1","CAASSGSWQLIF","CASSDAGKTYEQYF","TRAJ22","TRBJ2-7",2,"SQWGEENLQALSIQEGEDVTMNCSYK","TYTTV","VQWYRQKSGKGPALIIL","IRSNERE","KRSGRLRATLDTSSQSSSLSITGTLATDTAVYF","GSGTQLTVMP","EAAVTQSPRNKVTVTGGNVTLSCRQT","NSHNY","MYWYRQDTGHGLRLIHY","SYGAGN","LQIGDVPDGYKATRTTQEDFFLLLELASPSQTSLYF","GPGTRLTVL","G2_79_ATCATCACACGTTAGT-1;G2_79_CGGACATTCAAATCAC-1",2,"E_备选（极小扩增）","Ready","Single"
"G2_79","CAASYTGANTGKLTF_CASSFQGSETLYF","TRAV14D-3-DV8","TRBV10","CAASYTGANTGKLTF","CASSFQGSETLYF","TRAJ52","TRBJ2-3",2,"QQQVRQSPQSLTVWEGETAILNCSYE","NSAFDY","FPWYQQFPGEGPALLIS","ILSVSNK","KEDGRFTIFFNKREKKLSLHIADSQPGDSATYF","GHGTILRVHP","ETAVFQTPNYHVTQVGNEVSFNCKQT","LGHDT","MYWYKQDSKKLLKIMFS","YNNKQL","IVNETVPRRFSPQSSDKAHLNLRIKSVEPEDSAVYL","GSGTRLTVL","G2_79_ATCCCCATCGTGTCAA-1;G2_79_GTCTTCAGTATGAAGG-1",2,"E_备选（极小扩增）","Ready","Single"
"G2_79","CAATNNRIFF_CASSDAWGISNERLFF","TRAV5N-4","TRBV13-1","CAATNNRIFF","CASSDAWGISNERLFF","TRAJ31","TRBJ1-4",2,"GEQVEQLPSILRVQEGSSASINCTYE","NSASNY","FPWYKQEPGENPKLIID","IRSNMER","KQTQGLIVLLDKKAKRFSLHITDTQPGDSAMYF","GDGTQLVVKP","EAAVTQSPRNKVTVTGGNVTLSCRQT","NSHNY","MYWYRQDTGHGLRLIHY","SYGAGN","LQIGDVPDGYKATRTTQEDFFLLLELASPSQTSLYF","GHGTKLSVL","G2_79_CGCCGTTTCCGATAAT-1;G2_79_GCAAGCTTCGGTTCGG-1",2,"E_备选（极小扩增）","Ready","Single"
"G2_79","CAFPPTNAYKVIF_CASSQEAGGNSDYTF","TRAV12-3","TRBV5","CAFPPTNAYKVIF","CASSQEAGGNSDYTF","TRAJ30","TRBJ1-2",2,"GDSVTQTEGLVTLTEGLPVMLNCTYQ","TIYSNPF","LFWYVHYLNESPRLLLK","SSTDNKR","TEHQGFHATLHKSSSSFHLQKSSAQLSDSALYY","GKGTHLHVLP","NTKITQSPRYLILGRANKSLECEQH","LGHNA","MYWYKQSAEKPPELMFL","YNLKQL","IRNETVPSRFIPECPDSSKLLLHISAVDPEDSAVYF","GSGTRLLVI","G2_79_AAGTGCACACGCGACT-1;G2_79_AGGTAAATCACTCCCA-1",2,"E_备选（极小扩增）","Ready","Single"
"G2_79","CAIDRDYANKMIF_CASSDPHQDTQYF","TRAV13N-2","TRBV13-1","CAIDRDYANKMIF","CASSDPHQDTQYF","TRAJ47","TRBJ2-5",2,"GQQVQQSPSSLVLQEGENAELQCNFS","STATQ","LQWFYQSPGGSLVSLLS","NPSGT","KHTGRLTSTTVTKERRSSLHISSSQTTDSGTYL","GLGTILRVRP","EAAVTQSPRNKVTVTGGNVTLSCRQT","NSHNY","MYWYRQDTGHGLRLIHY","SYGAGN","LQIGDVPDGYKATRTTQEDFFLLLELASPSQTSLYF","GPGTRLLVL","G2_79_ATAATTCCAATGAATA-1;G2_79_CTATACACACAGTCAT-1",2,"E_备选（极小扩增）","Ready","Single"
"G2_79","CALAPNTGNYKYVF_CASSYRVGAETLYF","TRAV6D-6","TRBV29","CALAPNTGNYKYVF","CASSYRVGAETLYF","TRAJ40","TRBJ2-3",2,"GDSVTQTEGQVTVSESKSLIINCTYS","TTSIAYPN","LFWYVRYPGEGLQLLLK","VITAGQK","GSSRGFEATYNKETTSFHLQKASVQESDSAVYY","GAGTRLKVIA","DMKVTQMPRYLIKRMGENVLLECGQD","MSHET","MYWYRQDPGLGLQLIYI","SYDVDS","NSEGDIPKGYRVSRKKREHFSLILDSAKTNQTSVYF","GSGTRLTVL","G2_79_AAAGTTCTCCCCACGT-1;G2_79_ATAGCGACACGTTATA-1",2,"E_备选（极小扩增）","Ready","Single"
"G2_79","CALGALNSGGSNAKLTF_CASATGGAETLYF","TRAV6D-6","TRBV12-2+TRBV13-2","CALGALNSGGSNAKLTF","CASATGGAETLYF","TRAJ42","TRBJ2-3",2,"GDSVTQTEGQVTVSESKSLIINCTYS","TTSIAYPN","LFWYVRYPGEGLQLLLK","VITAGQK","GSSRGFEATYNKETTSFHLQKASVQESDSAVYY","GKGTKLSVKS","EAAVTQSPRNKVAVTGGKVTLSCNQT","NNHNN","MYWYRQDTGHGLRLIHY","SYGAGS","TEKGDIPDGYKASRPSQENFSLILELATPSQTSVYF","GSGTRLTVL","G2_79_ACTCCTGTCGGTGGTT-1;G2_79_GTATTCACAACCCTAG-1",2,"E_备选（极小扩增）","Ready","Multi_Allele"
"G2_79","CALGERGNRIFF_CASSQDRGGYNSPLYF","TRAV6N-7","TRBV2","CALGERGNRIFF","CASSQDRGGYNSPLYF","TRAJ31","TRBJ1-6",2,"GDSVTQTEGQVALSEEDFLTIHCNYS","ASGYPA","LFWYVQYPGEGPQFLFR","ASRDKEK","GSSRGFEATYNKETTSFHLQKASVQESDSAVYY","GDGTQLVVKP","DPKIIQKPKYLVAVTGSEKILICEQY","LGHNA","MYWYRQSAKKPLEFMFS","YSYQKL","MDNQTASSRFQPQSSKKNHLDLQITALKPDDSATYF","AAGTRLTVT","G2_79_ACACCCGAGGCACAAG-1;G2_79_AGCTTATAGCGTACAC-1",2,"E_备选（极小扩增）","Ready","Single"
"G2_79","CALKGTGSKLSF_CASGAHSYEQYF","TRAV12-1","TRBV12-2+TRBV13-2","CALKGTGSKLSF","CASGAHSYEQYF","TRAJ58","TRBJ2-7",2,"GDSVTQTEGLVTVTEGLPVKLNCTYQ","TTYLTIA","FFWYVQYLNEAPQVLLR","SSTDNKR","TEHQGFHATLHKSSSSFHLQKSSAQLSDSALYY","GKGAKLTVSP","EAAVTQSPRNKVAVTGGKVTLSCNQT","NNHNN","MYWYRQDTGHGLRLIHY","SYGAGS","TEKGDIPDGYKASRPSQENFSLILELATPSQTSVYF","GPGTRLTVL","G2_79_CACCGGGGTACGTGCA-1;G2_79_CGCTGACCAACGAACA-1",2,"E_备选（极小扩增）","Ready","Multi_Allele"
"G2_79","CALRTSSGSWQLIF_CASSPGGGAAEQFF","TRAV12-3","TRBV14","CALRTSSGSWQLIF","CASSPGGGAAEQFF","TRAJ22","TRBJ2-1",2,"GDSVTQTEGLVTLTEGLPVMLNCTYQ","TIYSNPF","LFWYVHYLNESPRLLLK","SSTDNKR","TEHQGFHATLHKSSSSFHLQKSSAQLSDSALYY","GSGTQLTVMP","EAGVTQSPRYAVLQEGQAVSFWCDPI","SGHDT","LYWYQQPRDQGPQLLVY","FRDEAV","IDNSQLPSDRFSAVRPKGTNSTLKIQSAKQGDTATYL","GPGTRLTVL","G2_79_CATGGGGCAAATATCT-1;G2_79_GCTGTAATCGCAAGCT-1",2,"E_备选（极小扩增）","Ready","Single"
"G2_79","CALSATGFASALTF_CASSHDNSYNSPLYF","TRAV12-3","TRBV2","CALSATGFASALTF","CASSHDNSYNSPLYF","TRAJ35","TRBJ1-6",2,"GDSVTQTEGLVTLTEGLPVMLNCTYQ","TIYSNPF","LFWYVHYLNESPRLLLK","SSTDNKR","TEHQGFHATLHKSSSSFHLQKSSAQLSDSALYY","GSGTKVIVLPY","DPKIIQKPKYLVAVTGSEKILICEQY","LGHNA","MYWYRQSAKKPLEFMFS","YSYQKL","MDNQTASSRFQPQSSKKNHLDLQITALKPDDSATYF","AAGTRLTVT","G2_79_AAGCCGCGTAAGGCCC-1;G2_79_GGTAATTTCATTACTT-1",2,"E_备选（极小扩增）","Ready","Single"
"G2_79","CALSDGSTGYQNFYF_CASSPLTTSGNTLYF","TRAV6D-6","TRBV13-3","CALSDGSTGYQNFYF","CASSPLTTSGNTLYF","TRAJ49","TRBJ1-3",2,"GDSVTQTEGQVTVSESKSLIINCTYS","ATSIAYPN","LFWYVRYPGEGLQLLLK","VITAGQK","GSSRGFEATYNKETTSFHLQKASVQESDSAVYY","GKGTSLTVIP","EAAVTQSPRSKVAVTGGKVTLSCHQT","NNHDY","MYWYRQDTGHGLRLIHY","SYVADS","TEKGDIPDGYKASRPSQENFSLILELASLSQTAVYF","GEGSRLIVV","G2_79_ATTGTCCTCCGTACAA-1;G2_79_GTGAGTTGTACTTGCC-1",2,"E_备选（极小扩增）","Ready","Single"
"G2_79","CALSDGSTGYQNFYF_CGARERASSGNTLYF","TRAV6D-6","TRBV20","CALSDGSTGYQNFYF","CGARERASSGNTLYF","TRAJ49","TRBJ1-3",2,"GDSVTQTEGQVTVSESKSLIINCTYS","ATSIAYPN","LFWYVRYPGEGLQLLLK","VITAGQK","GSSRGFEATYNKETTSFHLQKASVQESDSAVYY","GKGTSLTVIP","GALVYQYPRRTICKSGTSMRMECQAV","GFQATS","VAWYRQSPQKTFELIAL","STVNSAI","KYEQNFTQEKFPISHPNLSFSSMTVLNAYLEDRGLYL","GEGSRLIVV","G2_79_ACATTCCTCCAACACA-1;G2_79_GGTAAATCAGGCCTTA-1",2,"E_备选（极小扩增）","Ready","Single"
"G2_79","CALSDSGGGYKVVF_CASSPISQNTLYF","TRAV6-5","TRBV10","CALSDSGGGYKVVF","CASSPISQNTLYF","TRAJ12","TRBJ2-4",2,"GDSVTQTEGPVTLSEGTSLTVNCSYE","TKQYPT","LFWYVQYPGEGPQLLFK","VPKANEK","GSSRGFEATYNKEATSFHLQKASVQESDSAVYY","GSGTRLLVSP","ETAVFQTPNYHVTQVGNEVSFNCKQT","LGHDT","MYWYKQDSKKLLKIMFS","YNNKQL","IVNETVPRRFSPQSSDKAHLNLRIKSVEPEDSAVYL","GAGTRLSVL","G2_79_ACTGTGGGTAGGAGTA-1;G2_79_ATTCGACCAATCGAAG-1",2,"E_备选（极小扩增）","Ready","Single"
"G2_79","CALSGGVVGQLTF_CASSEGWGAQNTLYF","TRAV6N-7","TRBV13-1","CALSGGVVGQLTF","CASSEGWGAQNTLYF","TRAJ5","TRBJ2-4",2,"GDSVTQTEGQVALSEEDFLTIHCNYS","ASGYPA","LFWYVQYPGEGPQFLFR","ASRDKEK","GSSRGFEATYNKEATSFHLQKASVQESDSAVYY","GSGTRLQVYA","EAAVTQSPRNKVTVTGGNVTLSCRQT","NSHNY","MYWYRQDTGHGLRLIHY","SYGAGN","LQIGDVPDGYKATRTTQEDFFLLLELASPSQTSLYF","GAGTRLSVL","G2_79_CTGACTCGTCTAAGCG-1;G2_79_GGGTATTGTATGCGAT-1",2,"E_备选（极小扩增）","Ready","Single"
"G2_79","CALSGSSGSWQLIF_CASGDTGGNQDTQYF","TRAV9-4","TRBV13-2","CALSGSSGSWQLIF","CASGDTGGNQDTQYF","TRAJ22","TRBJ2-5",2,"AQSVTQPDARVTVSEGASLQLRCKYS","YSGTPY","LFWYVQYPRQGLQLLLK","YYSGDPVV","QGVNGFEAEFSKSNSSFHLRKASVHWSDSAVYF","GSGTQLTVMP","EAAVTQSPRNKVAVTGGKVTLSCNQT","NNHNN","MYWYRQDTGHGLRLIHY","SYGAGS","TEKGDIPDGYKASRPSQENFSLILELATPSQTSVYF","GPGTRLLVL","G2_79_AACTCCTTCGTCACCC-1;G2_79_CTAACATAGCCGACAT-1",2,"E_备选（极小扩增）","Ready","Single"
"G2_79","CALSGTGGNNKLTF_CASRYWGGNAEQFF","TRAV12N-2","TRBV10","CALSGTGGNNKLTF","CASRYWGGNAEQFF","TRAJ56","TRBJ2-1",2,"GDSVTQTEGLVTLTEGLPVMLNCTYQ","TAYSTF","LFWYVQHLNEAPKLLLK","SSTDNKR","TEHQGFHATLHKSSSSFHLQKSSAQLSDSALYY","GQGTVLSVIP","ETAVFQTPNYHVTQVGNEVSFNCKQT","LGHDT","MYWYKQDSKKLLKIMFS","YNNKQL","IVNETVPRRFSPQSSDKAHLNLRIKSVEPEDSAVYL","GPGTRLTVL","G2_79_ATAAGGGGTCAATTTC-1;G2_79_ATCTTGTGTCGAGGAG-1",2,"E_备选（极小扩增）","Ready","Single"
"G2_79","CALSQTGNTRKLIF_CASSQDSGFSNERLFF","TRAV6-5","TRBV5","CALSQTGNTRKLIF","CASSQDSGFSNERLFF","TRAJ37","TRBJ1-4",2,"GDSVTQTEGPVTLSEGTSLTVNCSYE","TKQYPT","LFWYVQYPGEGPQLLFK","VPKANEK","GSSRGFEATYNKEATSFHLQKASVQESDSAVYY","GLGTTLQVQP","NTKITQSPRYLILGRANKSLECEQH","LGHNA","MYWYKQSAEKPPELMFL","YNLKQL","IRNETVPSRFIPECPDSSKLLLHISAVDPEDSAVYF","GHGTKLSVL","G2_79_ACATAGAAGCTTGGGT-1;G2_79_GGCCTCTTCGGTTGGT-1",2,"E_备选（极小扩增）","Ready","Single"
"G2_79","CALSSFRNNNNRIFF_CASSGDRAGNTLYF","TRAV6N-7","TRBV13-3","CALSSFRNNNNRIFF","CASSGDRAGNTLYF","TRAJ31","TRBJ1-3",2,"GDSVTQTEGQVALSEEDFLTIHCNYS","ASGYPA","LFWYVQYPGEGPQFLFR","ASRDKEK","GSSRGFEATYNKEATSFHLQKASVQESDSAVYY","GDGTQLVVKP","EAAVTQSPRSKVAVTGGKVTLSCHQT","NNHDY","MYWYRQDTGHGLRLIHY","SYVADS","TEKGDIPDGYKASRPSQENFSLILELASLSQTAVYF","GEGSRLIVV","G2_79_CAATGTAGTCCTCATA-1;G2_79_CACCCTGGTAATTGGC-1",2,"E_备选（极小扩增）","Ready","Single"
"G2_79","CALSSLYGGSGNKLIF_CGVRTGGAHYAEQFF","TRAV6D-6","TRBV20","CALSSLYGGSGNKLIF","CGVRTGGAHYAEQFF","TRAJ32","TRBJ2-1",2,"GDSVTQTEGQVTVSESKSLIINCTYS","ATSIAYPN","LFWYVRYPGEGLQLLLK","VITAGQK","GSSRGFEATYNKETTSFHLQKASVQESDSAVYY","GTGTLLSVKP","GALVYQYPRRTICKSGTSMRMECQAV","GFQATS","VAWYRQSPQKTFELIAL","STVNSAI","KYEQNFTQEKFPISHPNLSFSSMTVLNAYLEDRGLYL","GPGTRLTVL","G2_79_ACCACAATCACTTGTC-1;G2_79_GCTGTATCAAACCCAT-1",2,"E_备选（极小扩增）","Ready","Single"
"G2_79","CALVRGSALGRLHF_CASSGTGGEVFF","TRAV6D-4","TRBV5","CALVRGSALGRLHF","CASSGTGGEVFF","TRAJ18","TRBJ1-1",2,"GDSVTQKQGQVTLSEDDFLFINCTYS","TTTYPT","LFWYVQYPGQGPQLLLK","VTTANNK","GISRGFEATYDKGTTSFHLQKASVQESDSAVYF","GAGTQLIVIP","NTKITQSPRYLILGRANKSLECEQH","LGHNA","MYWYKQSAEKPPELMFL","YNLKQL","IRNETVPSRFIPECPDSSKLLLHISAVDPEDSAVYF","GKGTRLTVV","G2_79_AACCTACCAAACCACT-1;G2_79_GCATGGGCAAAGTTCC-1",2,"E_备选（极小扩增）","Ready","Single"
"G2_79","CALVSRNMGYKLTF_CASRTGGSAETLYF","TRAV6D-4","TRBV19","CALVSRNMGYKLTF","CASRTGGSAETLYF","TRAJ9","TRBJ2-3",2,"GDSVTQKQGQVTLSEDDFLFINCTYS","TTTYPT","LFWYVQYPGQGPQLLLK","VTTANNK","GISRGFEATYDKGTTSFHLQKASVQESDSAVYF","GTGTSLLVDP","GGIITQTPKFLIGQEGQKLTLKCQQN","FNHDT","MYWYRQDSGKGLRLIYY","SITEND","LQKGDLSEGYDASREKKSSFSLTVTSAQKNEMAVFL","GSGTRLTVL","G2_79_CAATGTAGTGCTTCCG-1;G2_79_GGCATAGAGAGTTGGG-1",2,"E_备选（极小扩增）","Ready","Single"
"G2_79","CAMERPTGYQNFYF_CASSLDMWGGAEEQYF","TRAV13-1","TRBV16","CAMERPTGYQNFYF","CASSLDMWGGAEEQYF","TRAJ49","TRBJ2-7",2,"GQQVQQSPASLVLQEGENAELQCNFS","TSLNS","MQWFYQRPEGSLVSLFY","NPSGT","KQSGRLTSTTVIKERRSSLHISSSQITDSGTYL","GKGTSLTVIP","NAGVIQTPRHKVTGKGQEATLWCEPI","SGHSA","VFWYRQTIVQGLEFLTY","FRNQAP","IDDSGMPKERFSAQMPNQSHSTLKIQSTQPQDSAVYL","GPGTRLTVL","G2_79_GCTTCAAAGCTTGGCG-1;G2_79_GGAAGCATCGTATACG-1",2,"E_备选（极小扩增）","Ready","Single"
"G2_79","CAMREGRQGGSAKLIF_CASSDVISGNTLYF","TRAV16N","TRBV13-1","CAMREGRQGGSAKLIF","CASSDVISGNTLYF","TRAJ57","TRBJ1-3",2,"AQKVTQTQTSISVMEKTTVTMDCVYE","TQDSSYF","LFWYKQTASGEIVFLIR","QDSYKKEN","ATVGHYSLNFQKPKSSIGLIITATQIEDSAVYF","GEGTKLTVSS","EAAVTQSPRNKVTVTGGNVTLSCRQT","NSHNY","MYWYRQDTGHGLRLIHY","SYGAGN","LQIGDVPDGYKATRTTQEDFFLLLELASPSQTSLYF","GEGSRLIVV","G2_79_ACATGCCAGCTGGTTA-1;G2_79_GGACCGTGTATTGTAG-1",2,"E_备选（极小扩增）","Ready","Single"
"G2_79","CAMRESSNTDKVVF_CASSPGTGNSDYTF","TRAV16N","TRBV14","CAMRESSNTDKVVF","CASSPGTGNSDYTF","TRAJ34","TRBJ1-2",2,"AQKVTQTQTSISVMEKTTVTMDCVYE","TQDSSYF","LFWYKQTASGEIVFLIR","QDSYKKEN","ATVGHYSLNFQKPKSSIGLIITATQIEDSAVYF","GTGTRLQVSP","EAGVTQSPRYAVLQEGQAVSFWCDPI","SGHDT","LYWYQQPRDQGPQLLVY","FRDEAV","IDNSQLPSDRFSAVRPKGTNSTLKIQSAKQGDTATYL","GSGTRLLVI","G2_79_ATGCAGTGTGTCGTAG-1;G2_79_GTAGTGTGTACATCTT-1",2,"E_备选（极小扩增）","Ready","Single"
"G2_79","CAMREYNVGDNSKLIW_CASSQETGGDSDYTF","TRAV16N","TRBV5","CAMREYNVGDNSKLIW","CASSQETGGDSDYTF","TRAJ38","TRBJ1-2",2,"AQKVTQTQTSISVMEKTTVTMDCVYE","TQDSSYF","LFWYKQTASGEIVFLIR","QDSYKKEN","ATVGHYSLNFQKPKSSIGLIITATQIEDSAVYF","GLGTSLVVNP","NTKITQSPRYLILGRANKSLECEQH","LGHNA","MYWYKQSAEKPPELMFL","YNLKQL","IRNETVPSRFIPECPDSSKLLLHISAVDPEDSAVYF","GSGTRLLVI","G2_79_CCAGTAGGTCTCGTCG-1;G2_79_CCATGACAGCCGACAT-1",2,"E_备选（极小扩增）","Ready","Single"
"G2_79","CAMRGNNNNAPRF_CASSLNWGSSAETLYF","TRAV16N","TRBV10","CAMRGNNNNAPRF","CASSLNWGSSAETLYF","TRAJ43","TRBJ2-3",2,"AQKVTQTQTSISVMEKTTVTMDCVYE","TQDSSYF","LFWYKQTASGEIVFLIR","QDSYKKEN","ATVGHYSLNFQKPKSSIGLIITATQIEDSAVYF","GAGTKLTVKP","ETAVFQTPNYHVTQVGNEVSFNCKQT","LGHDT","MYWYKQDSKKLLKIMFS","YNNKQL","IVNETVPRRFSPQSSDKAHLNLRIKSVEPEDSAVYL","GSGTRLTVL","G2_79_GTAAAGTCAAACGCGG-1;G2_79_GTAAGTAAGCAAAGCG-1",2,"E_备选（极小扩增）","Ready","Single"
"G2_79","CASNTGGADRLTF_CASSFIWGSSYEQYF","TRAV5N-4","TRBV14","CASNTGGADRLTF","CASSFIWGSSYEQYF","TRAJ45","TRBJ2-7",2,"GEQVEQLPSILRVQERSSASINCTYE","NSASNY","FPWYKQEPGENPKLIID","IRSNMER","KQIQGLIVLLDKKAKRFSLHITDTQPADSAMYF","GKGTQLIIQP","EAGVTQSPRYAVLQEGQAVSFWCDPI","SGHDT","LYWYQQPRDQGPQLLVY","FRDEAV","IDNSQLPSDRFSAVRPKGTNSTLKIQSAKQGDTATYL","GPGTRLTVL","G2_79_ATCAGAGCACGTACGC-1;G2_79_GTTGTATAGGCCCCAA-1",2,"E_备选（极小扩增）","Ready","Single"
"G2_79","CATVNNNAPRF_CASSQTGGPYEQYF","TRAV8D-1","TRBV5","CATVNNNAPRF","CASSQTGGPYEQYF","TRAJ43","TRBJ2-7",2,"SQLAEENLWALSVHEGESVTVNCSYK","TSITA","LQWYRQKSGEGPAQLIL","IRSNERE","KRNGRLRATLDTSSQSSSLSITATRCEDTAVYF","GAGTKLTVKP","NTKITQSPRYLILGRANKSLECEQH","LGHNA","MYWYKQSAEKPPELMFL","YNLKQL","IRNETVPSRFIPECPDSSKLLLHISAVDPEDSAVYF","GPGTRLTVL","G2_79_AAGGCTCTCCGCTTCA-1;G2_79_ATGGAAATCAGCTAAT-1",2,"E_备选（极小扩增）","Ready","Single"
"G2_79","CAVKSGGSNAKLTF_CAWSLGGNTEVFF","TRAV3-3","TRBV31","CAVKSGGSNAKLTF","CAWSLGGNTEVFF","TRAJ42","TRBJ1-1",2,"GEQVEQRPPHLSVREGDSAVITCTYT","DPNSYY","FFWYKQEPGASLQLLMK","VFSSTEI","NEGQGFTVLLNKKDKRLSLNLTAAHPGDSAAYF","GKGTKLSVKS","AQTIHQWPVAEIKAVGSPLSLGCTIK","GKSSPN","LYWYWQATGGTLQQLFY","SITVG","QVESVVQLNLSASRPKDDQFILSTEKLLLSHSGFYL","GKGTRLTVV","G2_79_ATGCTTACAGGAACTA-1;G2_79_ATGGGCAAGAGAGAGA-1",2,"E_备选（极小扩增）","Ready","Single"
"G2_79","CAVRDMDSNYQLIW_CTCSADPANSDYTF","TRAV1","TRBV1","CAVRDMDSNYQLIW","CTCSADPANSDYTF","TRAJ33","TRBJ1-2",2,"GQGVEQPDNLMSVEGTFARVNCTYS","TSGFNG","LSWYQQREGHAPVFLSY","VVLDGL","KDSGHFSTFLSRSNGYSYLLLTELQIKDSASYL","GSGTKLIIKP","VTLLEQNPRWRLVPRGQAVNLRCILK","NSQYPW","MSWYQQDLQKQLQWLFT","LRSPGD","KEVKSLPGADYLATRVTDTELRLQVANMSQGRTLY","GSGTRLLVI","G2_79_ACCAACATCCATCTGT-1;G2_79_ACTGGATGTACGCTGA-1",2,"E_备选（极小扩增）","Ready","Single"
"G2_79","CAVRPNYNVLYF_CASSQDGRGANTEVFF","TRAV1","TRBV5","CAVRPNYNVLYF","CASSQDGRGANTEVFF","TRAJ21","TRBJ1-1",2,"GQGVEQPDNLMSVEGTFARVNCTYS","TSGFNG","LSWYQQREGHAPVFLSY","VVLDGL","KDSGHFSTFLSRSNGYSYLLLTELQIKDSASYL","GSGTKLTVEP","NTKITQSPRYLILGRANKSLECEQH","LGHNA","MYWYKQSAEKPPELMFL","YNLKQL","IRNETVPSRFIPECPDSSKLLLHISAVDPEDSAVYF","GKGTRLTVV","G2_79_ATCGAGACAGTTCTCC-1;G2_79_CTGATTACAACCCATG-1",2,"E_备选（极小扩增）","Ready","Single"
"G2_79","CAVRRGADRLTF_CASSIKGGTEVFF","TRAV7-3","TRBV19","CAVRRGADRLTF","CASSIKGGTEVFF","TRAJ45","TRBJ1-1",2,"QQNVQQSPESLIVPEGARTSLNCTFS","DSASQY","FWWYRQHSGKAPKALMS","IFSNGE","KEEGRFTIHLNKASLHFSLHIRDSQPSDSALYL","GKGTQLIIQP","GGIITQTPKFLIGQEGQKLTLKCQQN","FNHDT","MYWYRQDSGKGLRLIYY","SITEND","LQKGDLSEGYDASREKKSSFSLTVTSAQKNEMAVFL","GKGTRLTVV","G2_79_CAATCCAAGCATCGCG-1;G2_79_CCCAGTACAGTGCACC-1",2,"E_备选（极小扩增）","Ready","Single"
"G2_79","CAVSGNNNNRIFF_CASGAWGVSQNTLYF","TRAV3-3","TRBV13-2","CAVSGNNNNRIFF","CASGAWGVSQNTLYF","TRAJ31","TRBJ2-4",2,"GEQVEQRPPHLSVREGDSAFITCTYT","DPNSYY","FFWYKQEPGASLQLLMK","VFSSTEI","NEGQGFTVLLNKKDKRLSLNLTAAHPGDSAAYF","GDGTQLVVKP","EAAVTQSPRNKVAVTGGKVTLSCNQT","NNHNN","MYWYRQDTGHGLRLIHY","SYGAGS","TEKGDIPDGYKASRPSQENFSLILELATPSQTSVYF","GAGTRLSVL","G2_79_CTAAATTCAGCCTGAC-1;G2_79_CTCTAATGTGGTACTG-1",2,"E_备选（极小扩增）","Ready","Single"
"G2_79","CAVSLPGTGSNRLTF_CASSVGGISSQNTLYF","TRAV9N-4","TRBV13-1","CAVSLPGTGSNRLTF","CASSVGGISSQNTLYF","TRAJ28","TRBJ2-4",2,"AQSVTQPDARVTVSEGASLQLRCKYS","YSATPY","LFWYVQYPRQGLQMLLK","YYSGDPVV","QGVNGFEAEFSKSDSSFHLRKASVHWSDSAVYF","GKGTKFSLIP","EAAVTQSPRNKVTVTGGNVTLSCRQT","NSHNY","MYWYRQDTGHGLRLIHY","SYGAGN","LQIGDVPDGYKATRTTQEDFFLLLELASPSQTSLYF","GAGTRLSVL","G2_79_ACAATAGAGCTCCTCA-1;G2_79_ATCACCCGTGTTCGTC-1",2,"E_备选（极小扩增）","Ready","Single"
"G2_79","CAVSTGGNNKLTF_CASSFTGGGNTLYF","TRAV9-4","TRBV10","CAVSTGGNNKLTF","CASSFTGGGNTLYF","TRAJ56","TRBJ1-3",2,"AQSVTQPDARVTVSEGASLQLRCKYS","YSATPY","LFWYVQYPRQGLQLLLK","YYSGDPVV","QGVNGFEAEFSKSNSSFHLRKASVHWSDSAVYF","GQGTVLSVIP","ETAVFQTPNYHVTQVGNEVSFNCKQT","LGHDT","MYWYKQDSKKLLKIMFS","YNNKQL","IVNETVPRRFSPQSSDKAHLNLRIKSVEPEDSAVYL","GEGSRLIVV","G2_79_AATTCCGAGGGGGCAT-1;G2_79_ATCATCTGTACTTGCC-1",2,"E_备选（极小扩增）","Ready","Single"
"G2_79","CAVSTNTGANTGKLTF_CASSHQQGLYYEQYF","TRAV9-4","TRBV5","CAVSTNTGANTGKLTF","CASSHQQGLYYEQYF","TRAJ52","TRBJ2-7",2,"AQSVTQPDARVTVSEGASLQLRCKYS","YSATPY","LFWYVQYPRQGLQLLLK","YYSGDPVV","QGVNGFEAEFSKSNSSFHLRKASVHWSDSAVYF","GHGTILRVHP","NTKITQSPRYLILGRANKSLECEQH","LGHNA","MYWYKQSAEKPPELMFL","YNLKQL","IRNETVPSRFIPECPDSSKLLLHISAVDPEDSAVYF","GPGTRLTVL","G2_79_AGTGATTTCGGACTTA-1;G2_79_GGTGATTGTCGTAGTG-1",2,"E_备选（极小扩增）","Ready","Single"
"G2_79","CAVSVGTGYQNFYF_CASSFSTNTGQLYF","TRAV3-3","TRBV14","CAVSVGTGYQNFYF","CASSFSTNTGQLYF","TRAJ49","TRBJ2-2",2,"GEQVEQRPPHLSVREGDSAVITCTYT","DPNSYY","FFWYKQEPGASLQLLMK","VFSSTEI","NEGQGFTVLLNKKDKRLSLNLTAAHPGDSAAYF","GKGTSLTVIP","EAGVTQSPRYAVLQEGQAVSFWCDPI","SGHDT","LYWYQQPRDQGPQLLVY","FRDEAV","IDNSQLPSDRFSAVRPKGTNSTLKIQSAKQGDTATYL","GEGSKLTVL","G2_79_CACCGCCGTGGTTTCC-1;G2_79_GGGTCATTCCAAATCG-1",2,"E_备选（极小扩增）","Ready","Single"
"G2_79","CAVSVPSGSWQLIF_CASSLGDWGADNYAEQFF","TRAV3-1","TRBV14","CAVSVPSGSWQLIF","CASSLGDWGADNYAEQFF","TRAJ22","TRBJ2-1",2,"GEQVEQRPPHLSVREGDSAIIICTYT","DSATAY","FSWYKQEAGAGLQLLMS","VLSNVDR","KEEQGLTVLLNKKDKRLSLNLTAAHPGDSAVYF","GSGTQLTVMP","EAGVTQSPRYAVLQEGQAVSFWCDPI","SGHDT","LYWYQQPRDQGPQLLVY","FRDEAV","IDNSQLPSDRFSAVRPKGTNSTLKIQSAKQGDTATYL","GPGTRLTVL","G2_79_ACCTTACTCATCATCC-1;G2_79_GGTTGTATCCTCTCCT-1",2,"E_备选（极小扩增）","Ready","Single"
"G2_79","CILYGNEKITF_CSSSPGQTNSDYTF","TRAV21-DV12","TRBV23","CILYGNEKITF","CSSSPGQTNSDYTF","TRAJ48","TRBJ1-2",2,"DAKTTQPDSMESTEGETVHLPCSHA","TISGNEY","IYWYRQVPLQGPEYVTH","GLQQN","TTNSMAFLAIASDRKSSTLILTHVSLRDAAVYH","GAGTKLTIKP","DAAVTQKPRYLIKMKGQEAEMKCIPE","KGHTA","VFWYQQKQSKELKFLIY","FQNQQP","LDQIDMVKERFSAVCPSSSLCSLGIRTCEAEDSALYL","GSGTRLLVI","G2_79_CATTACGAGCCTACGG-1;G2_79_GGAGCCACAACTAATT-1",2,"E_备选（极小扩增）","Ready","Single"
"G2_79","CSANRGSALGRLHF_CASGDRANTGQLYF","TRAV5-1","TRBV12-2+TRBV13-2","CSANRGSALGRLHF","CASGDRANTGQLYF","TRAJ18","TRBJ2-2",2,"GEQVEQLPSSLIVQEGASVLINCSYT","DSASVY","FPWYKQEPGKRLQFIID","IRSNMER","KQNQRLTLLFDKKTKHLSLHITATQPGDSAIYF","GAGTQLIVIP","EAAVTQSPRNKVAVTGGKVTLSCNQT","NNHNN","MYWYRQDTGHGLRLIHY","SYGAGS","TEKGDIPDGYKASRPSQENFSLILELATPSQTSVYF","GEGSKLTVL","G2_79_ACCACTCGTAGGATTC-1;G2_79_ATAGCCTCACACAGCC-1",2,"E_备选（极小扩增）","Ready","Multi_Allele"
"G2_79","CVLGSTGNYKYVF_CASSLSGTGGANNYAEQFF","TRAV6-1","TRBV3","CVLGSTGNYKYVF","CASSLSGTGGANNYAEQFF","TRAJ40","TRBJ2-1",2,"GDSVTQMQGQVTLSEDDFLFINCTYS","TTWYPT","LFWYVQYPGEGPQLLLK","VTTANNK","GISRGFEATYDKRTTSFHLQKASVQESDSAVYY","GAGTRLKVIA","GPKVLQIPSHQIIDMGQMVTLNCDPV","SNHLY","FYWYKQILGQQMEFLVN","FYNGKV","MEKSKLFKDQFSVERPDGSYFTLKIQPTALEDSAVYF","GPGTRLTVL","G2_79_CGGGCTATCGTCCGCT-1;G2_79_GCCCTACTCATTCGTC-1",2,"E_备选（极小扩增）","Ready","Single"
"G2_79","CVVADRGSALGRLHF_CASSLSGTGVAETLYF","TRAV11","TRBV29","CVVADRGSALGRLHF","CASSLSGTGVAETLYF","TRAJ18","TRBJ2-3",2,"KTQVEQSPQSLVVRQGENCVLQCNYS","VTPDNH","LRWFKQDTGKGLVSLTV","LVHENDK","TSNGRYSATLDKDAKHSTLHITATLLDDTATYI","GAGTQLIVIP","DMKVTQMPRYLIKRMGENVLLECGQD","MSHET","MYWYRQDPGLGLQLIYI","SYDVDS","NSEGDIPKGYRVSRKKREHFSLILDSAKTNQTSVYF","GSGTRLTVL","G2_79_CAATATCAGACGTATT-1;G2_79_CTGCGTCTCACCAATG-1",2,"E_备选（极小扩增）","Ready","Single"
"G2_79","CVVGDRGSALGRLHF_CASGEGQNTEVFF","TRAV11","TRBV12-2+TRBV13-2","CVVGDRGSALGRLHF","CASGEGQNTEVFF","TRAJ18","TRBJ1-1",2,"KTQVEQSPQSLVVRQGENCVLQCNYS","VTPDNH","LRWFKQDTGKGLVSLTV","LVHENDK","TSNGRYSATLDKDAKHSTLHITATLLDDTATYI","GAGTQLIVIP","EAAVTQSPRNKVAVTGGKVTLSCNQT","NNHNN","MYWYRQDTGHGLRLIHY","SYGAGS","TEKGDIPDGYKASRPSQENFSLILELATPSQTSVYF","GKGTRLTVV","G2_79_AGGCTTATCCTCAGCC-1;G2_79_ATATGTTCAAGAATTA-1",2,"E_备选（极小扩增）","Ready","Multi_Allele"
"G2_79","CVVGDRGSALGRLHF_CASRTPNSDYTF","TRAV11","TRBV13-3","CVVGDRGSALGRLHF","CASRTPNSDYTF","TRAJ18","TRBJ1-2",2,"KTQVEQSPQSLVVRQGENCVLQCNYS","VTPDNH","LRWFKQDTGKGLVSLTV","LVHENDK","TSNGRYSATLDKDAKHSTLHITATLLDDTATYI","GAGTQLIVIP","EAAVTQSPRSKVAVTGGKVTLSCHQT","NNHDY","MYWYRQDTGHGLRLIHY","SYVADS","TEKGDIPDGYKASRPSQENFSLILELASLSQTAVYF","GSGTRLLVI","G2_79_CAAGTTAGTCTGGTCT-1;G2_79_CGGGTTGTCCGGGTAT-1",2,"E_备选（极小扩增）","Ready","Single"
"G2_79","CVVGDRGSALGRLHF_CTCSADTHSYNSPLYF","TRAV11","TRBV1","CVVGDRGSALGRLHF","CTCSADTHSYNSPLYF","TRAJ18","TRBJ1-6",2,"KTQVEQSPQSLVVRQGENCVLQCNYS","VTPDNH","LRWFKQDTGKGLVSLTV","LVHENDK","TSNGRYSATLDKDAKHSTLHITATLLDDTATYI","GAGTQLIVIP","VTLLEQNPRWRLVPRGQAVNLRCILK","NSQYPW","MSWYQQDLQKQLQWLFT","LRSPGD","KEVKSLPGADYLATRVTDTELRLQVANMSQGRTLY","AAGTRLTVT","G2_79_ATTAACATCGGTATAT-1;G2_79_GGACCCATCGGTTGGT-1",2,"E_备选（极小扩增）","Ready","Single"
